company_id,month,cash_position
COMP_0001,2026-06,18277.55
COMP_0001,2026-07,8888.36
COMP_0001,2026-08,36982.49
COMP_0002,2025-02,654747.56
COMP_0002,2025-03,867249.56
COMP_0002,2025-04,1.061281e+06
COMP_0002,2025-05,1.061281e+06
COMP_0002,2025-06,1.061281e+06
COMP_0002,2025-07,1.061281e+06
COMP_0002,2025-08,1.061281e+06
COMP_0002,2025-09,1.061281e+06
COMP_0002,2025-10,1.061281e+06
COMP_0002,2025-11,1.061281e+06
COMP_0002,2025-12,1.061281e+06
COMP_0002,2026-01,1.061281e+06
COMP_0002,2026-02,1.061281e+06
COMP_0002,2026-03,1.061281e+06
COMP_0002,2026-04,1.061281e+06
COMP_0002,2026-05,1.061281e+06
COMP_0002,2026-06,1.061281e+06
COMP_0002,2026-07,1.061281e+06
COMP_0002,2026-08,1.061281e+06
COMP_0003,2026-06,1142.77
COMP_0003,2026-07,1052.77
COMP_0003,2026-08,1052.77
COMP_0004,2026-05,286055.44
COMP_0004,2026-06,332473.78
COMP_0004,2026-07,142457.86
COMP_0004,2026-08,185795.75
COMP_0005,2025-06,2135.34
COMP_0005,2025-07,9018.03
COMP_0005,2025-08,5579.53
COMP_0005,2025-09,1402.42
COMP_0005,2025-10,11307.7
COMP_0005,2025-11,4098.95
COMP_0005,2025-12,13269.16
COMP_0005,2026-01,11481.66
COMP_0005,2026-02,27127.08
COMP_0005,2026-03,42447.22
COMP_0005,2026-04,62096.58
COMP_0005,2026-05,54881.78
COMP_0005,2026-06,59493.85
COMP_0005,2026-07,78023.13
COMP_0005,2026-08,98189.8
COMP_0006,2026-02,56449.36
COMP_0006,2026-03,23256.97
COMP_0006,2026-04,19562.94
COMP_0006,2026-05,2562.32
COMP_0006,2026-06,54849.81
COMP_0006,2026-07,11178.89
COMP_0006,2026-08,15598.23
COMP_0007,2025-05,5.249004e+06
COMP_0007,2025-06,8.16108e+06
COMP_0007,2025-07,6.5093495e+06
COMP_0007,2025-08,1.0119842e+07
COMP_0007,2025-09,1.0781887e+07
COMP_0007,2025-10,1.099841e+07
COMP_0007,2025-11,1.0303609e+07
COMP_0007,2025-12,1.3383116e+07
COMP_0007,2026-01,1.0656209e+07
COMP_0007,2026-02,9.725471e+06
COMP_0007,2026-03,9.276737e+06
COMP_0007,2026-04,9.459398e+06
COMP_0007,2026-05,8.79728e+06
COMP_0007,2026-06,4.9900465e+06
COMP_0007,2026-07,5.893455e+06
COMP_0007,2026-08,3.420455e+06
COMP_0008,2026-02,231405.66
COMP_0008,2026-03,188359.06
COMP_0008,2026-04,36213.09
COMP_0008,2026-05,72788.15
COMP_0008,2026-06,20770.18
COMP_0008,2026-07,13351.96
COMP_0008,2026-08,14262.17
COMP_0009,2025-02,26360.79
COMP_0009,2025-03,74454.84
COMP_0009,2025-04,47682.05
COMP_0009,2025-05,25081
COMP_0009,2025-06,54980.89
COMP_0009,2025-07,15380.65
COMP_0009,2025-08,49299.17
COMP_0009,2025-09,52406.43
COMP_0009,2025-10,34997.69
COMP_0009,2025-11,57892.07
COMP_0009,2025-12,3.4175508e+07
COMP_0009,2026-01,3.4204524e+07
COMP_0009,2026-02,3.420274e+07
COMP_0009,2026-03,1.9411821e+06
COMP_0009,2026-04,28896.54
COMP_0009,2026-05,37286.38
COMP_0009,2026-06,105221.04
COMP_0009,2026-07,154641.86
COMP_0009,2026-08,66049.17
COMP_0010,2025-02,108305.87
COMP_0010,2025-03,71499.84
COMP_0010,2025-04,24051.68
COMP_0010,2025-05,214693.42
COMP_0010,2025-06,225314.19
COMP_0010,2025-07,96184.87
COMP_0010,2025-08,58025.31
COMP_0010,2025-09,65145.75
COMP_0010,2025-10,10656.94
COMP_0010,2025-11,63290.06
COMP_0010,2025-12,63467.16
COMP_0010,2026-01,53671.94
COMP_0010,2026-02,16622.59
COMP_0010,2026-03,22788.27
COMP_0010,2026-04,131049.33
COMP_0010,2026-05,94093.53
COMP_0010,2026-06,151472.23
COMP_0010,2026-07,89024.31
COMP_0010,2026-08,52068.51
COMP_0011,2026-05,43656.05
COMP_0011,2026-06,13045.24
COMP_0011,2026-07,13909.4
COMP_0011,2026-08,42497.28
COMP_0012,2026-01,31544.26
COMP_0012,2026-02,11474.5
COMP_0012,2026-03,35598.54
COMP_0012,2026-04,1.1342565e+06
COMP_0012,2026-05,405197.66
COMP_0012,2026-06,348427.7
COMP_0012,2026-07,21189.23
COMP_0012,2026-08,58623.04
COMP_0013,2026-05,10720.35
COMP_0013,2026-06,46634.93
COMP_0013,2026-07,59856.37
COMP_0013,2026-08,20711.98
COMP_0014,2026-06,-244.07
COMP_0014,2026-07,-228.19
COMP_0014,2026-08,-411.41
COMP_0015,2025-09,38138.43
COMP_0015,2025-10,37979.43
COMP_0015,2025-11,37969.43
COMP_0015,2025-12,37959.43
COMP_0015,2026-01,37881.14
COMP_0015,2026-02,37871.14
COMP_0015,2026-03,37861.14
COMP_0015,2026-04,37595.73
COMP_0015,2026-05,37585.73
COMP_0015,2026-06,37575.73
COMP_0015,2026-07,37561.65
COMP_0015,2026-08,37551.65
COMP_0016,2025-02,3.1306602e+06
COMP_0016,2025-03,3.0868542e+06
COMP_0016,2025-04,2.573101e+06
COMP_0016,2025-05,2.4973108e+06
COMP_0016,2025-06,2.2564692e+06
COMP_0016,2025-07,1.8228628e+06
COMP_0016,2025-08,1.758278e+06
COMP_0016,2025-09,1.7764452e+06
COMP_0016,2025-10,1.2246605e+06
COMP_0016,2025-11,1.2154446e+06
COMP_0016,2025-12,5.3885345e+06
COMP_0016,2026-01,8.624993e+06
COMP_0016,2026-02,9.37799e+06
COMP_0016,2026-03,9.585414e+06
COMP_0016,2026-04,8.55708e+06
COMP_0016,2026-05,8.961173e+06
COMP_0016,2026-06,8.57821e+06
COMP_0016,2026-07,8.009389e+06
COMP_0016,2026-08,7.896422e+06
COMP_0017,2025-08,660488.9
COMP_0017,2025-09,803460.8
COMP_0017,2025-10,389852.3
COMP_0017,2025-11,247877.38
COMP_0017,2025-12,247786.45
COMP_0017,2026-01,244774.98
COMP_0017,2026-02,243180.4
COMP_0017,2026-03,21958.43
COMP_0017,2026-04,20897.39
COMP_0017,2026-05,20046.67
COMP_0017,2026-06,20246.99
COMP_0017,2026-07,18138.89
COMP_0017,2026-08,17976.39
COMP_0018,2025-02,94492.38
COMP_0018,2025-03,6389.72
COMP_0018,2025-04,8006.85
COMP_0018,2025-05,23142.57
COMP_0018,2025-06,19726.11
COMP_0018,2025-07,52655.49
COMP_0018,2025-08,3265
COMP_0018,2025-09,2043.78
COMP_0018,2025-10,1041.84
COMP_0018,2025-11,40851.88
COMP_0018,2025-12,22783.91
COMP_0018,2026-01,3972.19
COMP_0018,2026-02,1412.09
COMP_0018,2026-03,2615.27
COMP_0018,2026-04,984.45
COMP_0018,2026-05,30051.02
COMP_0018,2026-06,10230.81
COMP_0018,2026-07,18170.68
COMP_0018,2026-08,16983.47
COMP_0019,2025-02,31874.57
COMP_0019,2025-03,105561.16
COMP_0019,2025-04,109822.42
COMP_0019,2025-05,73866.99
COMP_0019,2025-06,116765.65
COMP_0019,2025-07,89325.01
COMP_0019,2025-08,144532.2
COMP_0019,2025-09,95181.71
COMP_0019,2025-10,82588.96
COMP_0019,2025-11,84890.59
COMP_0019,2025-12,146911.31
COMP_0019,2026-01,52958.9
COMP_0019,2026-02,36891.55
COMP_0019,2026-03,36575.3
COMP_0019,2026-04,61584.33
COMP_0019,2026-05,118887
COMP_0019,2026-06,409553.53
COMP_0019,2026-07,44135.92
COMP_0019,2026-08,17853.12
COMP_0020,2026-06,4.1075382e+06
COMP_0020,2026-07,4.1119305e+06
COMP_0020,2026-08,4.0121552e+06
COMP_0021,2026-07,972244.94
COMP_0021,2026-08,302506.1
COMP_0022,2025-02,19271.52
COMP_0022,2025-03,33193.24
COMP_0022,2025-04,58662.38
COMP_0022,2025-05,47831.62
COMP_0022,2025-06,106978.27
COMP_0022,2025-07,102836.26
COMP_0022,2025-08,138835.69
COMP_0022,2025-09,45217.25
COMP_0022,2025-10,48454.34
COMP_0022,2025-11,78289.26
COMP_0022,2025-12,28113
COMP_0022,2026-01,13424.1
COMP_0022,2026-02,20582.45
COMP_0022,2026-03,20499.58
COMP_0022,2026-04,13907.43
COMP_0022,2026-05,15715.4
COMP_0022,2026-06,97531.53
COMP_0022,2026-07,176891.3
COMP_0022,2026-08,244664.77
COMP_0023,2025-08,177468.73
COMP_0023,2025-09,211946.48
COMP_0023,2025-10,73737.25
COMP_0023,2025-11,192691.55
COMP_0023,2025-12,240493.5
COMP_0023,2026-01,277140.03
COMP_0023,2026-02,126393.59
COMP_0023,2026-03,177230.45
COMP_0023,2026-04,287099.28
COMP_0023,2026-05,147614.98
COMP_0023,2026-06,207244.97
COMP_0023,2026-07,150013.19
COMP_0023,2026-08,176458.94
COMP_0024,2025-06,105676.98
COMP_0024,2025-07,225645.64
COMP_0024,2025-08,236185.62
COMP_0024,2025-09,323583.16
COMP_0024,2025-10,403124.28
COMP_0024,2025-11,547214.9
COMP_0024,2025-12,669139.8
COMP_0024,2026-01,738750.6
COMP_0024,2026-02,842066.9
COMP_0024,2026-03,954112.6
COMP_0024,2026-04,927394.9
COMP_0024,2026-05,1.0538886e+06
COMP_0024,2026-06,1.057943e+06
COMP_0024,2026-07,1.1786032e+06
COMP_0024,2026-08,1.2129278e+06
COMP_0025,2025-11,247388
COMP_0025,2025-12,805072.4
COMP_0025,2026-01,444228.7
COMP_0025,2026-02,167703.31
COMP_0025,2026-03,993062.8
COMP_0025,2026-04,209447.55
COMP_0025,2026-05,357550.88
COMP_0025,2026-06,617807.75
COMP_0025,2026-07,281629.56
COMP_0025,2026-08,474844.28
COMP_0026,2026-06,380935.44
COMP_0026,2026-07,280028.6
COMP_0026,2026-08,292252.72
COMP_0027,2026-06,55979.31
COMP_0027,2026-07,112112.34
COMP_0027,2026-08,164613.94
COMP_0028,2025-02,29245.2
COMP_0028,2025-03,34965.39
COMP_0028,2025-04,3750.92
COMP_0028,2025-05,3842.92
COMP_0028,2025-06,15933.25
COMP_0028,2025-07,15903.25
COMP_0028,2025-08,15903.25
COMP_0028,2025-09,15518.87
COMP_0028,2025-10,15488.87
COMP_0028,2025-11,15488.87
COMP_0028,2025-12,15455.87
COMP_0028,2026-01,15425.87
COMP_0028,2026-02,15425.87
COMP_0028,2026-03,15425.87
COMP_0028,2026-04,11415.28
COMP_0028,2026-05,11415.28
COMP_0028,2026-06,11415.28
COMP_0028,2026-07,11572.88
COMP_0028,2026-08,11572.88
COMP_0029,2025-02,54998.85
COMP_0029,2025-03,3031.54
COMP_0029,2025-04,3064.26
COMP_0029,2025-05,10812.34
COMP_0029,2025-06,19846.16
COMP_0029,2025-07,1584.17
COMP_0029,2025-08,13199.97
COMP_0029,2025-09,16456.55
COMP_0029,2025-10,21065.08
COMP_0029,2025-11,2281.23
COMP_0029,2025-12,13086.53
COMP_0029,2026-01,382.72
COMP_0029,2026-02,1880.75
COMP_0029,2026-03,10838.24
COMP_0029,2026-04,25451.33
COMP_0029,2026-05,17231.07
COMP_0029,2026-06,8567.86
COMP_0029,2026-07,70146.54
COMP_0029,2026-08,75735.72
COMP_0030,2025-02,-1.4491138e+06
COMP_0030,2025-03,-990332.1
COMP_0030,2025-04,-100.16
COMP_0030,2025-05,576393.25
COMP_0030,2025-06,1.1712892e+06
COMP_0030,2025-07,-588567.75
COMP_0030,2025-08,-286464.4
COMP_0030,2025-09,-48319.38
COMP_0030,2025-10,177819.88
COMP_0030,2025-11,5.096023e+06
COMP_0030,2025-12,5.4919555e+06
COMP_0030,2026-01,2.975513e+06
COMP_0030,2026-02,3.7320445e+06
COMP_0030,2026-03,4.7354145e+06
COMP_0030,2026-04,5.5047655e+06
COMP_0030,2026-05,6.4377415e+06
COMP_0030,2026-06,6.892413e+06
COMP_0030,2026-07,4.437892e+06
COMP_0030,2026-08,4.657944e+06
COMP_0031,2026-04,27900.64
COMP_0031,2026-05,20336.03
COMP_0031,2026-06,16817.04
COMP_0031,2026-07,41111.43
COMP_0031,2026-08,14858.82
COMP_0032,2025-03,11882.86
COMP_0032,2025-04,11471.76
COMP_0032,2025-05,11459.66
COMP_0032,2025-06,24039.79
COMP_0032,2025-07,23997.69
COMP_0032,2025-08,23997.69
COMP_0032,2025-09,23997.69
COMP_0032,2025-10,23967.69
COMP_0032,2025-11,23955.59
COMP_0032,2025-12,22889.98
COMP_0032,2026-01,22440.47
COMP_0032,2026-02,22440.47
COMP_0032,2026-03,22440.47
COMP_0032,2026-04,22440.47
COMP_0032,2026-05,22440.47
COMP_0032,2026-06,22440.47
COMP_0032,2026-07,22440.47
COMP_0032,2026-08,22440.47
COMP_0034,2025-08,364550.28
COMP_0034,2025-09,378660.53
COMP_0034,2025-10,369009.12
COMP_0034,2025-11,363821.72
COMP_0034,2025-12,365046.53
COMP_0034,2026-01,363778.4
COMP_0034,2026-02,361225.44
COMP_0034,2026-03,355734.12
COMP_0034,2026-04,354817.2
COMP_0034,2026-05,353361.94
COMP_0034,2026-06,353187.34
COMP_0034,2026-07,352423.38
COMP_0034,2026-08,350852.03
COMP_0035,2025-02,444040.6
COMP_0035,2025-03,435756.78
COMP_0035,2025-04,430350.94
COMP_0035,2025-05,417485.78
COMP_0035,2025-06,440694.8
COMP_0035,2025-07,405818.8
COMP_0035,2025-08,410933.3
COMP_0035,2025-09,405667.75
COMP_0035,2025-10,399757.2
COMP_0035,2025-11,395643.88
COMP_0035,2025-12,390527.16
COMP_0035,2026-01,386086.34
COMP_0035,2026-02,432415.94
COMP_0035,2026-03,410346.53
COMP_0035,2026-04,392948
COMP_0035,2026-05,383335.38
COMP_0035,2026-06,399616.34
COMP_0035,2026-07,610726.44
COMP_0035,2026-08,607777.3
COMP_0036,2025-06,716253.9
COMP_0036,2025-07,720442.4
COMP_0036,2025-08,764309.75
COMP_0036,2025-09,804491.1
COMP_0036,2025-10,818625.06
COMP_0036,2025-11,865204.25
COMP_0036,2025-12,851613.9
COMP_0036,2026-01,862234.94
COMP_0036,2026-02,934039
COMP_0036,2026-03,1.0816234e+06
COMP_0036,2026-04,1.04787856e+06
COMP_0036,2026-05,1.0988509e+06
COMP_0036,2026-06,746935.1
COMP_0036,2026-07,721569.44
COMP_0036,2026-08,774208
COMP_0037,2025-06,31422.35
COMP_0037,2025-07,4763.08
COMP_0037,2025-08,11063.53
COMP_0037,2025-09,73293.62
COMP_0037,2025-10,38367.28
COMP_0037,2025-11,28118.14
COMP_0037,2025-12,16125.45
COMP_0037,2026-01,14417.16
COMP_0037,2026-02,34648.21
COMP_0037,2026-03,35565.37
COMP_0037,2026-04,37539.54
COMP_0037,2026-05,148993.19
COMP_0037,2026-06,57240.16
COMP_0037,2026-07,48198.69
COMP_0037,2026-08,49486.05
COMP_0038,2026-06,287997.66
COMP_0038,2026-07,244783.5
COMP_0038,2026-08,226507.81
COMP_0039,2025-02,2865.5
COMP_0039,2025-03,3155.16
COMP_0039,2025-04,7724.47
COMP_0039,2025-05,13775.16
COMP_0039,2025-06,11960.52
COMP_0039,2025-07,7644.9
COMP_0039,2025-08,9341.13
COMP_0039,2025-09,11384.54
COMP_0039,2025-10,11769.29
COMP_0039,2025-11,15038.71
COMP_0039,2025-12,13192.52
COMP_0039,2026-01,12791.83
COMP_0039,2026-02,12117.62
COMP_0039,2026-03,12418.42
COMP_0039,2026-04,16701.76
COMP_0039,2026-05,14301.57
COMP_0039,2026-06,10175.99
COMP_0039,2026-07,13869.91
COMP_0039,2026-08,16163.65
COMP_0040,2026-06,136062.92
COMP_0040,2026-07,133910.62
COMP_0040,2026-08,133910.62
COMP_0041,2026-05,84032.26
COMP_0041,2026-06,38898.21
COMP_0041,2026-07,23248.76
COMP_0041,2026-08,37853.36
COMP_0042,2025-02,2.9781218e+06
COMP_0042,2025-03,2.6717192e+06
COMP_0042,2025-04,2.2249168e+06
COMP_0042,2025-05,1.916268e+06
COMP_0042,2025-06,2.9027655e+06
COMP_0042,2025-07,2.0319125e+06
COMP_0042,2025-08,3.5016645e+06
COMP_0042,2025-09,2.8397105e+06
COMP_0042,2025-10,2.8606732e+06
COMP_0042,2025-11,2.0786769e+06
COMP_0042,2025-12,2.276119e+06
COMP_0042,2026-01,2.118427e+06
COMP_0042,2026-02,1.6234842e+06
COMP_0042,2026-03,1.6214552e+06
COMP_0042,2026-04,1.1078339e+06
COMP_0042,2026-05,1.02736094e+06
COMP_0042,2026-06,791629.6
COMP_0042,2026-07,649689.94
COMP_0042,2026-08,850681.56
COMP_0043,2026-05,321387.22
COMP_0043,2026-06,114229.9
COMP_0043,2026-07,188776.36
COMP_0043,2026-08,258537.3
COMP_0044,2026-06,-1.6370905e-11
COMP_0044,2026-07,1.2732926e-11
COMP_0044,2026-08,0
COMP_0045,2026-06,138667.36
COMP_0045,2026-07,166442.48
COMP_0045,2026-08,212409.14
COMP_0047,2025-06,217683.62
COMP_0047,2025-07,2.3919362e+06
COMP_0047,2025-08,2.067147e+06
COMP_0047,2025-09,4.3631735e+06
COMP_0047,2025-10,4.0733208e+06
COMP_0047,2025-11,2.27127e+06
COMP_0047,2025-12,1.5136919e+06
COMP_0047,2026-01,1.5716329e+06
COMP_0047,2026-02,1.1214886e+06
COMP_0047,2026-03,948738.5
COMP_0047,2026-04,680255.25
COMP_0047,2026-05,105196.71
COMP_0047,2026-06,285921.28
COMP_0047,2026-07,755713.6
COMP_0047,2026-08,755713.6
COMP_0048,2026-06,-3.637979e-12
COMP_0048,2026-07,-3.637979e-12
COMP_0048,2026-08,0
COMP_0049,2025-06,7070
COMP_0049,2025-07,5705.1
COMP_0049,2025-08,5705.1
COMP_0049,2025-09,5705.1
COMP_0049,2025-10,5705.1
COMP_0049,2025-11,5705.1
COMP_0049,2025-12,5705.1
COMP_0049,2026-01,5717.1
COMP_0049,2026-02,5680.05
COMP_0049,2026-03,5680.09
COMP_0049,2026-04,28233.6
COMP_0049,2026-05,1755.48
COMP_0049,2026-06,986.51
COMP_0049,2026-07,4.5071675e+06
COMP_0049,2026-08,478.92
COMP_0050,2026-02,12578.55
COMP_0050,2026-03,154163.48
COMP_0050,2026-04,148446.06
COMP_0050,2026-05,204084.84
COMP_0050,2026-06,121148.37
COMP_0050,2026-07,220357.34
COMP_0050,2026-08,219733.56
COMP_0051,2025-02,21286.49
COMP_0051,2025-03,29670.54
COMP_0051,2025-04,287123.12
COMP_0051,2025-05,91352.81
COMP_0051,2025-06,62722.15
COMP_0051,2025-07,96688.99
COMP_0051,2025-08,553751.8
COMP_0051,2025-09,310215.38
COMP_0051,2025-10,79999.76
COMP_0051,2025-11,1.02175575e+06
COMP_0051,2025-12,6.064296e+06
COMP_0051,2026-01,66910.95
COMP_0051,2026-02,55383.5
COMP_0051,2026-03,216705.14
COMP_0051,2026-04,37450.11
COMP_0051,2026-05,46637.86
COMP_0051,2026-06,158278.58
COMP_0051,2026-07,168936.55
COMP_0051,2026-08,157067.47
COMP_0052,2025-02,30220.41
COMP_0052,2025-03,35403.41
COMP_0052,2025-04,39782.39
COMP_0052,2025-05,54124.72
COMP_0052,2025-06,14187.47
COMP_0052,2025-07,27406.99
COMP_0052,2025-08,42148.27
COMP_0052,2025-09,54386.32
COMP_0052,2025-10,11231.53
COMP_0052,2025-11,24026.14
COMP_0052,2025-12,30507.99
COMP_0052,2026-01,13147.75
COMP_0052,2026-02,32171.75
COMP_0052,2026-03,43909.65
COMP_0052,2026-04,23616.78
COMP_0052,2026-05,39839.95
COMP_0052,2026-06,55935.88
COMP_0052,2026-07,15516.77
COMP_0052,2026-08,28514.45
COMP_0053,2026-06,21183.61
COMP_0053,2026-07,47762.24
COMP_0053,2026-08,34324.38
COMP_0054,2025-07,1.3548024e+07
COMP_0054,2025-08,1.5698639e+07
COMP_0054,2025-09,9.334852e+06
COMP_0054,2025-10,1.0718412e+07
COMP_0054,2025-11,9.242834e+06
COMP_0054,2025-12,9.31261e+06
COMP_0054,2026-01,1.2067059e+07
COMP_0054,2026-02,1.2379818e+07
COMP_0054,2026-03,8.531883e+06
COMP_0054,2026-04,1.2793562e+07
COMP_0054,2026-05,1.4359119e+07
COMP_0054,2026-06,1.1158495e+07
COMP_0054,2026-07,1.2606551e+07
COMP_0054,2026-08,1.5164465e+07
COMP_0055,2025-07,-4697.45
COMP_0055,2025-08,-4986.79
COMP_0055,2025-09,-4991.61
COMP_0055,2025-10,28025.63
COMP_0055,2025-11,308297.75
COMP_0055,2025-12,112.5
COMP_0055,2026-01,32902.12
COMP_0055,2026-02,1914.76
COMP_0055,2026-03,-61892.47
COMP_0055,2026-04,42981.17
COMP_0055,2026-05,42961.17
COMP_0055,2026-06,42961.17
COMP_0055,2026-07,42961.17
COMP_0055,2026-08,42961.17
COMP_0056,2026-04,52289.41
COMP_0056,2026-05,65397.67
COMP_0056,2026-06,36608.47
COMP_0056,2026-07,28508.75
COMP_0056,2026-08,27334.63
COMP_0057,2026-06,639990
COMP_0057,2026-07,839894.1
COMP_0057,2026-08,755882.56
COMP_0058,2026-06,809807.2
COMP_0058,2026-07,1.4187801e+06
COMP_0058,2026-08,-452799.84
COMP_0059,2025-02,-4108.86
COMP_0059,2025-03,10526.89
COMP_0059,2025-04,40385.29
COMP_0059,2025-05,54481.39
COMP_0059,2025-06,50520.48
COMP_0059,2025-07,41759.83
COMP_0059,2025-08,66916.6
COMP_0059,2025-09,25680.64
COMP_0059,2025-10,14707.68
COMP_0059,2025-11,-11222.85
COMP_0059,2025-12,16700.93
COMP_0059,2026-01,5979.03
COMP_0059,2026-02,20697.08
COMP_0059,2026-03,3890.43
COMP_0059,2026-04,64888.02
COMP_0059,2026-05,213852.31
COMP_0059,2026-06,80933.04
COMP_0059,2026-07,119528.48
COMP_0059,2026-08,126562.23
COMP_0060,2025-02,2.2702408e+06
COMP_0060,2025-03,2.2695828e+06
COMP_0060,2025-04,123808.28
COMP_0060,2025-05,725305.8
COMP_0060,2025-06,725348.75
COMP_0060,2025-07,68785.76
COMP_0060,2025-08,68653.86
COMP_0060,2025-09,68590.78
COMP_0060,2025-10,70810.55
COMP_0060,2025-11,70810.55
COMP_0060,2025-12,62327.72
COMP_0060,2026-01,62229.63
COMP_0060,2026-02,54409.67
COMP_0060,2026-03,4.9891795e+06
COMP_0060,2026-04,440027.75
COMP_0060,2026-05,440027.75
COMP_0060,2026-06,440027.75
COMP_0060,2026-07,440027.75
COMP_0060,2026-08,440027.75
COMP_0061,2026-04,728574.6
COMP_0061,2026-05,314778.97
COMP_0061,2026-06,400268.44
COMP_0061,2026-07,113791.07
COMP_0061,2026-08,113791.07
COMP_0062,2025-06,5984.28
COMP_0062,2025-07,11138.55
COMP_0062,2025-08,4952.44
COMP_0062,2025-09,6632.84
COMP_0062,2025-10,9686.91
COMP_0062,2025-11,12641.36
COMP_0062,2025-12,13570.7
COMP_0062,2026-01,12912.41
COMP_0062,2026-02,4572.67
COMP_0062,2026-03,2221.31
COMP_0062,2026-04,35166.98
COMP_0062,2026-05,35166.98
COMP_0062,2026-06,35166.98
COMP_0062,2026-07,35166.98
COMP_0062,2026-08,35166.98
COMP_0063,2026-07,40404.66
COMP_0063,2026-08,70752.64
COMP_0064,2026-06,185164.27
COMP_0064,2026-07,38555.82
COMP_0064,2026-08,270639.12
COMP_0065,2025-02,960.27
COMP_0065,2025-03,102.38
COMP_0065,2025-04,1340
COMP_0065,2025-05,68.48
COMP_0065,2025-06,1061.41
COMP_0065,2025-07,1137.57
COMP_0065,2025-08,1793.85
COMP_0065,2025-09,635.28
COMP_0065,2025-10,9149.15
COMP_0065,2025-11,3033.67
COMP_0065,2025-12,9643.5
COMP_0065,2026-01,155.36
COMP_0065,2026-02,8762.43
COMP_0065,2026-03,1234.08
COMP_0065,2026-04,85.75
COMP_0065,2026-05,527.46
COMP_0065,2026-06,2469.76
COMP_0065,2026-07,3636.31
COMP_0065,2026-08,3237.28
COMP_0066,2025-04,4.5474735e-13
COMP_0066,2025-05,0
COMP_0066,2025-06,0
COMP_0066,2025-07,0
COMP_0066,2025-08,0
COMP_0066,2025-09,0
COMP_0066,2025-10,0
COMP_0066,2025-11,0
COMP_0066,2025-12,0
COMP_0066,2026-01,0
COMP_0066,2026-02,0
COMP_0066,2026-03,0
COMP_0066,2026-04,0
COMP_0066,2026-05,0
COMP_0066,2026-06,0
COMP_0066,2026-07,0
COMP_0066,2026-08,0
COMP_0067,2025-08,435.07
COMP_0067,2025-09,299.24
COMP_0067,2025-10,299.24
COMP_0067,2025-11,299.24
COMP_0067,2025-12,965.99
COMP_0067,2026-01,965.99
COMP_0067,2026-02,965.99
COMP_0067,2026-03,965.99
COMP_0067,2026-04,965.99
COMP_0067,2026-05,913.27
COMP_0067,2026-06,1134.56
COMP_0067,2026-07,1134.56
COMP_0067,2026-08,992.1
COMP_0068,2025-02,47137.7
COMP_0068,2025-03,50739.5
COMP_0068,2025-04,57140.33
COMP_0068,2025-05,66761.31
COMP_0068,2025-06,27589.2
COMP_0068,2025-07,25428.89
COMP_0068,2025-08,39535.3
COMP_0068,2025-09,54203.31
COMP_0068,2025-10,61751.28
COMP_0068,2025-11,63626.97
COMP_0068,2025-12,45286.89
COMP_0068,2026-01,33976.03
COMP_0068,2026-02,32642.76
COMP_0068,2026-03,25131.59
COMP_0068,2026-04,39286.75
COMP_0068,2026-05,40164.63
COMP_0068,2026-06,46653.34
COMP_0068,2026-07,38067.8
COMP_0068,2026-08,9611.14
COMP_0069,2026-05,754281
COMP_0069,2026-06,-384071.2
COMP_0069,2026-07,1.4346571e+07
COMP_0069,2026-08,2.140981e+07
COMP_0070,2026-02,13609.99
COMP_0070,2026-03,113297.74
COMP_0070,2026-04,69273.41
COMP_0070,2026-05,143918.75
COMP_0070,2026-06,143890.95
COMP_0070,2026-07,143854.95
COMP_0070,2026-08,143854.95
COMP_0071,2025-05,17607.11
COMP_0071,2025-06,17065.83
COMP_0071,2025-07,303561.72
COMP_0071,2025-08,302521.25
COMP_0071,2025-09,284348.25
COMP_0071,2025-10,282157.4
COMP_0071,2025-11,255940.97
COMP_0071,2025-12,240415.77
COMP_0071,2026-01,131832.19
COMP_0071,2026-02,62979.2
COMP_0071,2026-03,42949.53
COMP_0071,2026-04,106208.12
COMP_0071,2026-05,83874.72
COMP_0071,2026-06,69373.54
COMP_0071,2026-07,58116.24
COMP_0071,2026-08,45347.06
COMP_0072,2026-06,186728.05
COMP_0072,2026-07,10336.24
COMP_0072,2026-08,100699
COMP_0073,2025-02,100847.23
COMP_0073,2025-03,147269.23
COMP_0073,2025-04,139780.7
COMP_0073,2025-05,137944.19
COMP_0073,2025-06,169538.52
COMP_0073,2025-07,145833.2
COMP_0073,2025-08,243511.19
COMP_0073,2025-09,109872
COMP_0073,2025-10,72799.17
COMP_0073,2025-11,82671.71
COMP_0073,2025-12,76870.81
COMP_0073,2026-01,123471.17
COMP_0073,2026-02,84520.49
COMP_0073,2026-03,81589.76
COMP_0073,2026-04,64639.76
COMP_0073,2026-05,71260.8
COMP_0073,2026-06,106554.48
COMP_0073,2026-07,125916.38
COMP_0073,2026-08,115414.08
COMP_0074,2025-06,498686.4
COMP_0074,2025-07,88344.03
COMP_0074,2025-08,58680.37
COMP_0074,2025-09,45113.06
COMP_0074,2025-10,42540.04
COMP_0074,2025-11,53975.94
COMP_0074,2025-12,97044.34
COMP_0074,2026-01,70761.41
COMP_0074,2026-02,44763.07
COMP_0074,2026-03,23666.84
COMP_0074,2026-04,24647.15
COMP_0074,2026-05,18470.01
COMP_0074,2026-06,21315.61
COMP_0074,2026-07,62347.17
COMP_0074,2026-08,19944.12
COMP_0075,2025-02,719163.3
COMP_0075,2025-03,494109.2
COMP_0075,2025-04,500465.56
COMP_0075,2025-05,1.390071e+06
COMP_0075,2025-06,260860.19
COMP_0075,2025-07,451683.53
COMP_0075,2025-08,700199.94
COMP_0075,2025-09,2.2689865e+06
COMP_0075,2025-10,2.0952076e+06
COMP_0075,2025-11,1.804354e+06
COMP_0075,2025-12,2.5961485e+06
COMP_0075,2026-01,2.136225e+06
COMP_0075,2026-02,2.8140482e+06
COMP_0075,2026-03,4.0921542e+06
COMP_0075,2026-04,7.184713e+06
COMP_0075,2026-05,8.738316e+06
COMP_0075,2026-06,3.6983205e+06
COMP_0075,2026-07,5.625824e+06
COMP_0075,2026-08,2.749368e+06
COMP_0076,2025-02,32.38
COMP_0076,2025-03,0.49
COMP_0076,2025-04,3.6
COMP_0076,2025-05,12.71
COMP_0076,2025-06,30.82
COMP_0076,2025-07,13.93
COMP_0076,2025-08,17.04
COMP_0076,2025-09,0.15
COMP_0076,2025-10,2.43
COMP_0076,2025-11,20.54
COMP_0076,2025-12,5.26
COMP_0076,2026-01,543.5
COMP_0076,2026-02,681.61
COMP_0076,2026-03,319.72
COMP_0076,2026-04,0
COMP_0076,2026-05,266.51
COMP_0076,2026-06,0
COMP_0076,2026-07,0
COMP_0076,2026-08,0
COMP_0077,2025-02,189570.94
COMP_0077,2025-03,190751.78
COMP_0077,2025-04,194354.83
COMP_0077,2025-05,123833.62
COMP_0077,2025-06,133869.61
COMP_0077,2025-07,92380.4
COMP_0077,2025-08,155035.34
COMP_0077,2025-09,165560.66
COMP_0077,2025-10,156444.73
COMP_0077,2025-11,461858.4
COMP_0077,2025-12,602634.56
COMP_0077,2026-01,575918.06
COMP_0077,2026-02,170464.36
COMP_0077,2026-03,160231.3
COMP_0077,2026-04,101046.55
COMP_0077,2026-05,111705.65
COMP_0077,2026-06,380548.25
COMP_0077,2026-07,376446.8
COMP_0077,2026-08,374573.28
COMP_0078,2026-06,745430.9
COMP_0078,2026-07,378836.84
COMP_0078,2026-08,678031.75
COMP_0079,2026-05,37422.93
COMP_0079,2026-06,78847.89
COMP_0079,2026-07,59751.95
COMP_0079,2026-08,63939.29
COMP_0080,2025-08,227642.11
COMP_0080,2025-09,107142.54
COMP_0080,2025-10,120330.56
COMP_0080,2025-11,120330.56
COMP_0080,2025-12,49027.49
COMP_0080,2026-01,48952.39
COMP_0080,2026-02,13414.31
COMP_0080,2026-03,24173.14
COMP_0080,2026-04,9594.37
COMP_0080,2026-05,86039.3
COMP_0080,2026-06,86039.3
COMP_0080,2026-07,86039.3
COMP_0080,2026-08,86039.3
COMP_0081,2025-07,1.2010361e+06
COMP_0081,2025-08,1.0642265e+06
COMP_0081,2025-09,1.090268e+06
COMP_0081,2025-10,1.2669438e+06
COMP_0081,2025-11,1.9386339e+06
COMP_0081,2025-12,955426.75
COMP_0081,2026-01,749917.06
COMP_0081,2026-02,1.2572999e+06
COMP_0081,2026-03,711870.1
COMP_0081,2026-04,1.5732646e+06
COMP_0081,2026-05,1.2574721e+06
COMP_0081,2026-06,769605.3
COMP_0081,2026-07,1.4568646e+06
COMP_0081,2026-08,1.0819358e+06
COMP_0082,2025-08,-4408.65
COMP_0082,2025-09,21398.28
COMP_0082,2025-10,21386.28
COMP_0082,2025-11,37829.83
COMP_0082,2025-12,37817.83
COMP_0082,2026-01,37805.83
COMP_0082,2026-02,37750.2
COMP_0082,2026-03,37738.2
COMP_0082,2026-04,37726.2
COMP_0082,2026-05,37714.5
COMP_0082,2026-06,37702.8
COMP_0082,2026-07,37691.1
COMP_0082,2026-08,37679.4
COMP_0083,2026-06,323781.28
COMP_0083,2026-07,324630.97
COMP_0083,2026-08,325994.12
COMP_0084,2026-07,15383.89
COMP_0084,2026-08,12465.75
COMP_0085,2025-02,1291.28
COMP_0085,2025-03,1657.54
COMP_0085,2025-04,4662.54
COMP_0085,2025-05,4709.61
COMP_0085,2025-06,5529.59
COMP_0085,2025-07,-913.42
COMP_0085,2025-08,1605.46
COMP_0085,2025-09,2401.3
COMP_0085,2025-10,13228.58
COMP_0085,2025-11,10202.95
COMP_0085,2025-12,10001.22
COMP_0085,2026-01,12845.79
COMP_0085,2026-02,7182.06
COMP_0085,2026-03,11303.83
COMP_0085,2026-04,10369.1
COMP_0085,2026-05,10179.68
COMP_0085,2026-06,7379.44
COMP_0085,2026-07,34768.15
COMP_0085,2026-08,9530.78
COMP_0086,2026-02,0
COMP_0086,2026-03,0
COMP_0086,2026-04,0
COMP_0086,2026-05,0
COMP_0086,2026-06,-6.664891e-12
COMP_0086,2026-07,1.7053026e-12
COMP_0086,2026-08,3.637979e-12
COMP_0087,2025-02,209437.3
COMP_0087,2025-03,5.695395e+06
COMP_0087,2025-04,5.825349e+06
COMP_0087,2025-05,6.206905e+06
COMP_0087,2025-06,9.781369e+06
COMP_0087,2025-07,8.313218e+06
COMP_0087,2025-08,7.3652965e+06
COMP_0087,2025-09,7.2933445e+06
COMP_0087,2025-10,5.812242e+06
COMP_0087,2025-11,7.8431785e+06
COMP_0087,2025-12,644588.4
COMP_0087,2026-01,229944.05
COMP_0087,2026-02,514658.66
COMP_0087,2026-03,252086.7
COMP_0087,2026-04,4.9542095e+06
COMP_0087,2026-05,1.4506381e+07
COMP_0087,2026-06,1.5026684e+07
COMP_0087,2026-07,3.064978e+06
COMP_0087,2026-08,2.4700312e+06
COMP_0088,2025-08,42212.09
COMP_0088,2025-09,28822.17
COMP_0088,2025-10,28772.91
COMP_0088,2025-11,42136.61
COMP_0088,2025-12,28746.69
COMP_0088,2026-01,42073.94
COMP_0088,2026-02,41988.16
COMP_0088,2026-03,28559.2
COMP_0088,2026-04,28490.12
COMP_0088,2026-05,41853.82
COMP_0088,2026-06,28424.86
COMP_0088,2026-07,28355.78
COMP_0088,2026-08,28285.01
COMP_0089,2025-02,91967.65
COMP_0089,2025-03,88832.17
COMP_0089,2025-04,87803.89
COMP_0089,2025-05,117442.7
COMP_0089,2025-06,101863.14
COMP_0089,2025-07,140088.2
COMP_0089,2025-08,137205.94
COMP_0089,2025-09,81218.13
COMP_0089,2025-10,73315.48
COMP_0089,2025-11,99636.93
COMP_0089,2025-12,120886.38
COMP_0089,2026-01,76440.37
COMP_0089,2026-02,73484.24
COMP_0089,2026-03,57607.15
COMP_0089,2026-04,175324.27
COMP_0089,2026-05,77739.13
COMP_0089,2026-06,94094.19
COMP_0089,2026-07,76189.78
COMP_0089,2026-08,29923.17
COMP_0090,2025-02,55457.19
COMP_0090,2025-03,72057.44
COMP_0090,2025-04,23815.8
COMP_0090,2025-05,23815.8
COMP_0090,2025-06,18443.21
COMP_0090,2025-07,39211.3
COMP_0090,2025-08,39211.3
COMP_0090,2025-09,24459.64
COMP_0090,2025-10,34155.47
COMP_0090,2025-11,34145.76
COMP_0090,2025-12,20509.89
COMP_0090,2026-01,39856.8
COMP_0090,2026-02,30352.62
COMP_0090,2026-03,30352.62
COMP_0090,2026-04,66440.12
COMP_0090,2026-05,46495.14
COMP_0090,2026-06,46490.12
COMP_0090,2026-07,62980.62
COMP_0090,2026-08,22016.54
COMP_0091,2025-10,61991.38
COMP_0091,2025-11,97851.36
COMP_0091,2025-12,164992.06
COMP_0091,2026-01,37768.43
COMP_0091,2026-02,32192.43
COMP_0091,2026-03,54816.88
COMP_0091,2026-04,62189.72
COMP_0091,2026-05,81213.18
COMP_0091,2026-06,107382.83
COMP_0091,2026-07,181873.4
COMP_0091,2026-08,96915.49
COMP_0092,2025-02,382357.12
COMP_0092,2025-03,681090.6
COMP_0092,2025-04,147332.77
COMP_0092,2025-05,83544.22
COMP_0092,2025-06,415248.4
COMP_0092,2025-07,651104.6
COMP_0092,2025-08,656284.56
COMP_0092,2025-09,352021.25
COMP_0092,2025-10,577558.7
COMP_0092,2025-11,443563.25
COMP_0092,2025-12,194483.6
COMP_0092,2026-01,281786.2
COMP_0092,2026-02,356827.47
COMP_0092,2026-03,327398.62
COMP_0092,2026-04,251232.95
COMP_0092,2026-05,556742.6
COMP_0092,2026-06,211474.53
COMP_0092,2026-07,406623.1
COMP_0092,2026-08,253456.47
COMP_0094,2025-02,-69172.99
COMP_0094,2025-03,-44920.33
COMP_0094,2025-04,-21321.11
COMP_0094,2025-05,43401.37
COMP_0094,2025-06,25599.87
COMP_0094,2025-07,313591.03
COMP_0094,2025-08,646079.2
COMP_0094,2025-09,80437.07
COMP_0094,2025-10,1392.5
COMP_0094,2025-11,104727.73
COMP_0094,2025-12,35250.79
COMP_0094,2026-01,140680.92
COMP_0094,2026-02,230817.27
COMP_0094,2026-03,565565.7
COMP_0094,2026-04,606184.25
COMP_0094,2026-05,493322.2
COMP_0094,2026-06,611020.94
COMP_0094,2026-07,365435.6
COMP_0094,2026-08,510416.44
COMP_0095,2026-04,90346.18
COMP_0095,2026-05,94502.4
COMP_0095,2026-06,105921.01
COMP_0095,2026-07,56451.73
COMP_0095,2026-08,57544.82
COMP_0096,2025-07,570234.2
COMP_0096,2025-08,574102.56
COMP_0096,2025-09,626376.5
COMP_0096,2025-10,607493.8
COMP_0096,2025-11,608112.25
COMP_0096,2025-12,81743.38
COMP_0096,2026-01,65874.44
COMP_0096,2026-02,69333.3
COMP_0096,2026-03,199634.98
COMP_0096,2026-04,188622.55
COMP_0096,2026-05,190098.3
COMP_0096,2026-06,502694.94
COMP_0096,2026-07,137655.53
COMP_0096,2026-08,140289.56
COMP_0097,2026-03,1.3612056e+06
COMP_0097,2026-04,1.5025556e+06
COMP_0097,2026-05,1.2825306e+06
COMP_0097,2026-06,1.7115776e+06
COMP_0097,2026-07,1.7555908e+06
COMP_0097,2026-08,1.7035938e+06
COMP_0098,2025-02,-29843.53
COMP_0098,2025-03,-44551.18
COMP_0098,2025-04,-29617.61
COMP_0098,2025-05,-29617.61
COMP_0098,2025-06,-31607.46
COMP_0098,2025-07,-29617.61
COMP_0098,2025-08,-30067.61
COMP_0098,2025-09,-29617.61
COMP_0098,2025-10,-29617.61
COMP_0098,2025-11,-29617.61
COMP_0098,2025-12,-29617.61
COMP_0098,2026-01,-29617.61
COMP_0098,2026-02,-29667.36
COMP_0098,2026-03,-29617.61
COMP_0098,2026-04,-29664.92
COMP_0098,2026-05,-30525.11
COMP_0098,2026-06,-45421.32
COMP_0098,2026-07,-30525.11
COMP_0098,2026-08,-61050.22
COMP_0099,2025-02,328686.44
COMP_0099,2025-03,248073.62
COMP_0099,2025-04,99594.96
COMP_0099,2025-05,194593.75
COMP_0099,2025-06,323877.3
COMP_0099,2025-07,92944.84
COMP_0099,2025-08,81398.4
COMP_0099,2025-09,213911.73
COMP_0099,2025-10,146748.7
COMP_0099,2025-11,365494.56
COMP_0099,2025-12,440119.84
COMP_0099,2026-01,255378.9
COMP_0099,2026-02,222828.64
COMP_0099,2026-03,187131.52
COMP_0099,2026-04,152945.11
COMP_0099,2026-05,134817.52
COMP_0099,2026-06,51551.49
COMP_0099,2026-07,109407.22
COMP_0099,2026-08,139338.33
COMP_0100,2025-06,5.8259525e+06
COMP_0100,2025-07,4.236799e+06
COMP_0100,2025-08,2.7047122e+06
COMP_0100,2025-09,1.300254e+06
COMP_0100,2025-10,1.1355178e+06
COMP_0100,2025-11,1.9469864e+06
COMP_0100,2025-12,1.1671256e+06
COMP_0100,2026-01,1.176759e+06
COMP_0100,2026-02,4.1900155e+06
COMP_0100,2026-03,1.2306682e+06
COMP_0100,2026-04,2.34004e+06
COMP_0100,2026-05,4.0925405e+06
COMP_0100,2026-06,3.13739e+06
COMP_0100,2026-07,2.255289e+06
COMP_0100,2026-08,3.662853e+06
COMP_0101,2025-03,5618.83
COMP_0101,2025-04,14625.04
COMP_0101,2025-05,14954.78
COMP_0101,2025-06,2614.13
COMP_0101,2025-07,-311074.3
COMP_0101,2025-08,-550180.6
COMP_0101,2025-09,-547840.3
COMP_0101,2025-10,-320457.34
COMP_0101,2025-11,-592354
COMP_0101,2025-12,20040.55
COMP_0101,2026-01,5814.73
COMP_0101,2026-02,13353.48
COMP_0101,2026-03,15764.33
COMP_0101,2026-04,-552196.06
COMP_0101,2026-05,-392552.2
COMP_0101,2026-06,42326.82
COMP_0101,2026-07,61918.59
COMP_0101,2026-08,37615.41
COMP_0102,2025-02,-1.162459e-12
COMP_0102,2025-03,-1.2761459e-12
COMP_0102,2025-04,-1.2477241e-12
COMP_0102,2025-05,-9.208745e-13
COMP_0102,2025-06,-9.208745e-13
COMP_0102,2025-07,-8.213985e-13
COMP_0102,2025-08,-1.0203505e-12
COMP_0102,2025-09,-6.2244654e-13
COMP_0102,2025-10,-6.2244654e-13
COMP_0102,2025-11,-6.2244654e-13
COMP_0102,2025-12,-2.5296432e-13
COMP_0102,2026-01,-2.559064e-14
COMP_0102,2026-02,-5.9402483e-13
COMP_0102,2026-03,-2.5296432e-13
COMP_0102,2026-04,-4.80338e-13
COMP_0102,2026-05,-4.2349457e-13
COMP_0102,2026-06,3.1252778e-14
COMP_0102,2026-07,-2.842171e-14
COMP_0102,2026-08,0
COMP_0103,2025-09,200127.03
COMP_0103,2025-10,126719.1
COMP_0103,2025-11,101777.85
COMP_0103,2025-12,43762.48
COMP_0103,2026-01,259393.72
COMP_0103,2026-02,110593.37
COMP_0103,2026-03,77098.29
COMP_0103,2026-04,247571.95
COMP_0103,2026-05,91584.94
COMP_0103,2026-06,63574.74
COMP_0103,2026-07,143900.5
COMP_0103,2026-08,262615.25
COMP_0104,2026-07,-38.81
COMP_0104,2026-08,-77.62
COMP_0105,2025-03,18431.05
COMP_0105,2025-04,27284.54
COMP_0105,2025-05,13621.59
COMP_0105,2025-06,26540.13
COMP_0105,2025-07,125584.31
COMP_0105,2025-08,44391.4
COMP_0105,2025-09,17124.47
COMP_0105,2025-10,27258.01
COMP_0105,2025-11,17067.83
COMP_0105,2025-12,19163.79
COMP_0105,2026-01,10980.57
COMP_0105,2026-02,14690.88
COMP_0105,2026-03,52323.86
COMP_0105,2026-04,25948.62
COMP_0105,2026-05,20334.91
COMP_0105,2026-06,17800.45
COMP_0105,2026-07,45651.37
COMP_0105,2026-08,23344.22
COMP_0106,2025-02,30305.56
COMP_0106,2025-03,30230.45
COMP_0106,2025-04,30153.34
COMP_0106,2025-05,30072.37
COMP_0106,2025-06,29988.61
COMP_0106,2025-07,29904.34
COMP_0106,2025-08,29784.15
COMP_0106,2025-09,29683.77
COMP_0106,2025-10,29683.77
COMP_0106,2025-11,29586.01
COMP_0106,2025-12,29492.83
COMP_0106,2026-01,28516.87
COMP_0106,2026-02,24891.16
COMP_0106,2026-03,24790.78
COMP_0106,2026-04,24690.4
COMP_0106,2026-05,24607.81
COMP_0106,2026-06,24543.01
COMP_0106,2026-07,24492.79
COMP_0106,2026-08,24419.19
COMP_0107,2025-02,193451.48
COMP_0107,2025-03,222059.27
COMP_0107,2025-04,222803.19
COMP_0107,2025-05,287203.44
COMP_0107,2025-06,393133.47
COMP_0107,2025-07,219881.81
COMP_0107,2025-08,325790.84
COMP_0107,2025-09,410653.12
COMP_0107,2025-10,233639.27
COMP_0107,2025-11,235348.55
COMP_0107,2025-12,362389.22
COMP_0107,2026-01,271178.06
COMP_0107,2026-02,353695.3
COMP_0107,2026-03,325798.16
COMP_0107,2026-04,305800.66
COMP_0107,2026-05,326678.88
COMP_0107,2026-06,357706.2
COMP_0107,2026-07,425137.47
COMP_0107,2026-08,431661.1
COMP_0108,2025-02,-232277.23
COMP_0108,2025-03,-177442.88
COMP_0108,2025-04,-140662.17
COMP_0108,2025-05,-99392.79
COMP_0108,2025-06,-53931.01
COMP_0108,2025-07,1924.74
COMP_0108,2025-08,56754.07
COMP_0108,2025-09,56912.45
COMP_0108,2025-10,49000.82
COMP_0108,2025-11,59055.48
COMP_0108,2025-12,59637.48
COMP_0108,2026-01,80615.51
COMP_0108,2026-02,143432.9
COMP_0108,2026-03,145769.92
COMP_0108,2026-04,138553.23
COMP_0108,2026-05,154128.02
COMP_0108,2026-06,151018.9
COMP_0108,2026-07,161391.06
COMP_0108,2026-08,187500.86
COMP_0109,2025-09,290656.8
COMP_0109,2025-10,485844.53
COMP_0109,2025-11,164097.1
COMP_0109,2025-12,196520.5
COMP_0109,2026-01,99936.72
COMP_0109,2026-02,427286.94
COMP_0109,2026-03,345044.5
COMP_0109,2026-04,753168.7
COMP_0109,2026-05,740380.1
COMP_0109,2026-06,735402.25
COMP_0109,2026-07,645739.06
COMP_0109,2026-08,676488.75
COMP_0110,2026-07,8.858248e+07
COMP_0110,2026-08,1.4751024e+08
COMP_0111,2026-07,33092.88
COMP_0111,2026-08,19901.37
COMP_0112,2025-06,47206.91
COMP_0112,2025-07,69008.11
COMP_0112,2025-08,95856.53
COMP_0112,2025-09,116527.02
COMP_0112,2025-10,146582.17
COMP_0112,2025-11,161889.9
COMP_0112,2025-12,173568.88
COMP_0112,2026-01,188734.23
COMP_0112,2026-02,225398.3
COMP_0112,2026-03,255528.84
COMP_0112,2026-04,259440.83
COMP_0112,2026-05,250015.19
COMP_0112,2026-06,250509.92
COMP_0112,2026-07,275973.88
COMP_0112,2026-08,269891.22
COMP_0113,2025-02,3.960982e+06
COMP_0113,2025-03,3.8545555e+06
COMP_0113,2025-04,3.9816605e+06
COMP_0113,2025-05,3.9471172e+06
COMP_0113,2025-06,2.883442e+06
COMP_0113,2025-07,3.0165582e+06
COMP_0113,2025-08,3.4180485e+06
COMP_0113,2025-09,3.2985888e+06
COMP_0113,2025-10,3.4251135e+06
COMP_0113,2025-11,3.337264e+06
COMP_0113,2025-12,1.6529726e+07
COMP_0113,2026-01,5.3788505e+06
COMP_0113,2026-02,5.651807e+06
COMP_0113,2026-03,5.5749625e+06
COMP_0113,2026-04,6.0460405e+06
COMP_0113,2026-05,6.0116145e+06
COMP_0113,2026-06,4.596385e+06
COMP_0113,2026-07,4.8946455e+06
COMP_0113,2026-08,5.2350715e+06
COMP_0114,2026-06,3938.92
COMP_0114,2026-07,9766.18
COMP_0114,2026-08,12995.44
COMP_0115,2025-06,29968.15
COMP_0115,2025-07,10592.52
COMP_0115,2025-08,22157.25
COMP_0115,2025-09,35288.37
COMP_0115,2025-10,5438.71
COMP_0115,2025-11,4523.14
COMP_0115,2025-12,14134.73
COMP_0115,2026-01,809.91
COMP_0115,2026-02,626.75
COMP_0115,2026-03,5466.12
COMP_0115,2026-04,8851.32
COMP_0115,2026-05,1144.35
COMP_0115,2026-06,588.71
COMP_0115,2026-07,558.44
COMP_0115,2026-08,3030.9
COMP_0116,2026-02,63096.49
COMP_0116,2026-03,68928.14
COMP_0116,2026-04,60670.89
COMP_0116,2026-05,59599.22
COMP_0116,2026-06,89806.42
COMP_0116,2026-07,56685.8
COMP_0116,2026-08,49481.21
COMP_0117,2025-02,173497.9
COMP_0117,2025-03,164437.03
COMP_0117,2025-04,199321.25
COMP_0117,2025-05,171781.62
COMP_0117,2025-06,175140.55
COMP_0117,2025-07,266498.06
COMP_0117,2025-08,152907.88
COMP_0117,2025-09,141188.73
COMP_0117,2025-10,83435.63
COMP_0117,2025-11,84726.23
COMP_0117,2025-12,170973.8
COMP_0117,2026-01,118241.96
COMP_0117,2026-02,96057.49
COMP_0117,2026-03,98821.53
COMP_0117,2026-04,81490.51
COMP_0117,2026-05,104039.55
COMP_0117,2026-06,108116.39
COMP_0117,2026-07,87713.64
COMP_0117,2026-08,77290.45
COMP_0118,2026-07,48463.06
COMP_0118,2026-08,34113.11
COMP_0119,2026-06,262124.73
COMP_0119,2026-07,331163.66
COMP_0119,2026-08,349493.3
COMP_0120,2026-06,3615.75
COMP_0120,2026-07,998466.4
COMP_0120,2026-08,1.1679531e+06
COMP_0121,2025-02,4.782308e-11
COMP_0121,2025-03,4.6117776e-11
COMP_0121,2025-04,1.5877077e-11
COMP_0121,2025-05,1.5649704e-11
COMP_0121,2025-06,1.2239099e-11
COMP_0121,2025-07,8.4305896e-12
COMP_0121,2025-08,1.2068568e-11
COMP_0121,2025-09,1.2750689e-11
COMP_0121,2025-10,-1.687539e-12
COMP_0121,2025-11,8.1357143e-13
COMP_0121,2025-12,9.681145e-12
COMP_0121,2026-01,1.0135892e-11
COMP_0121,2026-02,9.9085185e-12
COMP_0121,2026-03,9.9085185e-12
COMP_0121,2026-04,1.4455992e-11
COMP_0121,2026-05,1.8530955e-11
COMP_0121,2026-06,-1.1368684e-13
COMP_0121,2026-07,4.5474735e-13
COMP_0121,2026-08,0
COMP_0122,2025-02,108144.16
COMP_0122,2025-03,54331.45
COMP_0122,2025-04,125983.81
COMP_0122,2025-05,142507.66
COMP_0122,2025-06,106831.63
COMP_0122,2025-07,139175.48
COMP_0122,2025-08,61106.23
COMP_0122,2025-09,-23139.62
COMP_0122,2025-10,47150.95
COMP_0122,2025-11,95541.9
COMP_0122,2025-12,265525.66
COMP_0122,2026-01,399745.2
COMP_0122,2026-02,561023.1
COMP_0122,2026-03,1.1501775e+06
COMP_0122,2026-04,1.4722544e+06
COMP_0122,2026-05,1.4283876e+06
COMP_0122,2026-06,1.4977861e+06
COMP_0122,2026-07,1.5090801e+06
COMP_0122,2026-08,1.5369001e+06
COMP_0123,2025-02,102782.1
COMP_0123,2025-03,61270.59
COMP_0123,2025-04,44532.27
COMP_0123,2025-05,47989.69
COMP_0123,2025-06,129900.11
COMP_0123,2025-07,75353
COMP_0123,2025-08,61153.66
COMP_0123,2025-09,64642.43
COMP_0123,2025-10,84083.34
COMP_0123,2025-11,58780.65
COMP_0123,2025-12,65711.29
COMP_0123,2026-01,54368.84
COMP_0123,2026-02,47086.03
COMP_0123,2026-03,53673.97
COMP_0123,2026-04,82127.82
COMP_0123,2026-05,136411.39
COMP_0123,2026-06,105136.43
COMP_0123,2026-07,59142.01
COMP_0123,2026-08,134661.58
COMP_0124,2026-06,7583
COMP_0124,2026-07,2845.09
COMP_0124,2026-08,9660.27
COMP_0125,2025-02,29765.31
COMP_0125,2025-03,26857.86
COMP_0125,2025-04,27107.14
COMP_0125,2025-05,33672.27
COMP_0125,2025-06,38635.48
COMP_0125,2025-07,42201.89
COMP_0125,2025-08,38070.92
COMP_0125,2025-09,42168.98
COMP_0125,2025-10,41119.31
COMP_0125,2025-11,38561.66
COMP_0125,2025-12,48594.86
COMP_0125,2026-01,59022.24
COMP_0125,2026-02,54845.89
COMP_0125,2026-03,56561.68
COMP_0125,2026-04,76933.86
COMP_0125,2026-05,83209.82
COMP_0125,2026-06,83580.01
COMP_0125,2026-07,80035.16
COMP_0125,2026-08,80357.15
COMP_0126,2025-05,3.5527137e-15
COMP_0126,2025-06,3.5527137e-15
COMP_0126,2025-07,3.5527137e-15
COMP_0126,2025-08,3.5527137e-15
COMP_0126,2025-09,3.5527137e-15
COMP_0126,2025-10,3.5527137e-15
COMP_0126,2025-11,3.5527137e-15
COMP_0126,2025-12,3.5527137e-15
COMP_0126,2026-01,3.5527137e-15
COMP_0126,2026-02,-29.24
COMP_0126,2026-03,0
COMP_0126,2026-04,0
COMP_0126,2026-05,0
COMP_0126,2026-06,0
COMP_0126,2026-07,0
COMP_0126,2026-08,0
COMP_0127,2025-07,3800.02
COMP_0127,2025-08,3615.02
COMP_0127,2025-09,3148.02
COMP_0127,2025-10,3148.02
COMP_0127,2025-11,3148.02
COMP_0127,2025-12,3148.02
COMP_0127,2026-01,3148.02
COMP_0127,2026-02,3148.02
COMP_0127,2026-03,3148.02
COMP_0127,2026-04,3116.02
COMP_0127,2026-05,3084.02
COMP_0127,2026-06,3052.02
COMP_0127,2026-07,3020.02
COMP_0127,2026-08,2988.02
COMP_0128,2025-06,5180.87
COMP_0128,2025-07,7104.19
COMP_0128,2025-08,3365.93
COMP_0128,2025-09,2641.8
COMP_0128,2025-10,5767.26
COMP_0128,2025-11,24053.6
COMP_0128,2025-12,6345.5
COMP_0128,2026-01,3952.27
COMP_0128,2026-02,7534.04
COMP_0128,2026-03,619.61
COMP_0128,2026-04,481.28
COMP_0128,2026-05,412.6
COMP_0128,2026-06,343.09
COMP_0128,2026-07,273.58
COMP_0128,2026-08,204.07
COMP_0129,2026-03,398290.38
COMP_0129,2026-04,243780.73
COMP_0129,2026-05,116793.49
COMP_0129,2026-06,6631.29
COMP_0129,2026-07,12151.19
COMP_0129,2026-08,33846.98
COMP_0130,2025-03,364899.88
COMP_0130,2025-04,85098.78
COMP_0130,2025-05,144194.1
COMP_0130,2025-06,258159.62
COMP_0130,2025-07,217575.22
COMP_0130,2025-08,69716.69
COMP_0130,2025-09,303991.12
COMP_0130,2025-10,130406.31
COMP_0130,2025-11,155745.4
COMP_0130,2025-12,114425.4
COMP_0130,2026-01,656595.9
COMP_0130,2026-02,313709.78
COMP_0130,2026-03,299568.03
COMP_0130,2026-04,266962.38
COMP_0130,2026-05,178458.62
COMP_0130,2026-06,169167.33
COMP_0130,2026-07,245821.31
COMP_0130,2026-08,213040.47
COMP_0131,2026-04,523860.3
COMP_0131,2026-05,523860.3
COMP_0131,2026-06,522406.22
COMP_0131,2026-07,522405.4
COMP_0131,2026-08,522822.28
COMP_0132,2026-06,248795.2
COMP_0132,2026-07,496617.8
COMP_0132,2026-08,238295.38
COMP_0133,2025-06,29773.5
COMP_0133,2025-07,7144.84
COMP_0133,2025-08,7144.84
COMP_0133,2025-09,7144.84
COMP_0133,2025-10,7075.13
COMP_0133,2025-11,7072.53
COMP_0133,2025-12,21820.87
COMP_0133,2026-01,22020.73
COMP_0133,2026-02,21978.43
COMP_0133,2026-03,4478.43
COMP_0133,2026-04,4478.43
COMP_0133,2026-05,4478.43
COMP_0133,2026-06,4478.43
COMP_0133,2026-07,4478.43
COMP_0133,2026-08,4504.75
COMP_0134,2025-12,88532.88
COMP_0134,2026-01,129814.02
COMP_0134,2026-02,119219.19
COMP_0134,2026-03,101964.5
COMP_0134,2026-04,91719.95
COMP_0134,2026-05,85150.12
COMP_0134,2026-06,71550.88
COMP_0134,2026-07,61590.45
COMP_0134,2026-08,38599.31
COMP_0135,2025-02,755919.9
COMP_0135,2025-03,403105.06
COMP_0135,2025-04,821332.9
COMP_0135,2025-05,721010.56
COMP_0135,2025-06,2.3724868e+06
COMP_0135,2025-07,3.127566e+06
COMP_0135,2025-08,2.6273942e+06
COMP_0135,2025-09,2.284015e+06
COMP_0135,2025-10,2.030847e+06
COMP_0135,2025-11,1.5533576e+06
COMP_0135,2025-12,1.1177858e+06
COMP_0135,2026-01,806570.1
COMP_0135,2026-02,801950.25
COMP_0135,2026-03,831459.7
COMP_0135,2026-04,1.0877912e+06
COMP_0135,2026-05,684390.7
COMP_0135,2026-06,390358.6
COMP_0135,2026-07,1.6980964e+06
COMP_0135,2026-08,1.4355281e+06
COMP_0136,2025-02,103532.88
COMP_0136,2025-03,40708.73
COMP_0136,2025-04,85194.57
COMP_0136,2025-05,66319.29
COMP_0136,2025-06,83844.22
COMP_0136,2025-07,65849.65
COMP_0136,2025-08,84099.99
COMP_0136,2025-09,645785.25
COMP_0136,2025-10,109998.97
COMP_0136,2025-11,77691.8
COMP_0136,2025-12,97822.53
COMP_0136,2026-01,135612.12
COMP_0136,2026-02,129360.77
COMP_0136,2026-03,127875.8
COMP_0136,2026-04,194898.25
COMP_0136,2026-05,100052.2
COMP_0136,2026-06,166787.45
COMP_0136,2026-07,144803.88
COMP_0136,2026-08,57167.17
COMP_0137,2025-07,87537.3
COMP_0137,2025-08,89608.7
COMP_0137,2025-09,181588.47
COMP_0137,2025-10,182160.45
COMP_0137,2025-11,184526
COMP_0137,2025-12,82125.6
COMP_0137,2026-01,65969.08
COMP_0137,2026-02,68306.13
COMP_0137,2026-03,90640.01
COMP_0137,2026-04,76593.09
COMP_0137,2026-05,77556.73
COMP_0137,2026-06,541475
COMP_0137,2026-07,115055.9
COMP_0137,2026-08,117755.72
COMP_0138,2025-02,30779.97
COMP_0138,2025-03,36442.39
COMP_0138,2025-04,31033.71
COMP_0138,2025-05,39421.95
COMP_0138,2025-06,34605.57
COMP_0138,2025-07,30927.08
COMP_0138,2025-08,65161.21
COMP_0138,2025-09,75726.3
COMP_0138,2025-10,8692.97
COMP_0138,2025-11,43108.71
COMP_0138,2025-12,31496.37
COMP_0138,2026-01,50959.1
COMP_0138,2026-02,32002.66
COMP_0138,2026-03,-101623.36
COMP_0138,2026-04,-153813.4
COMP_0138,2026-05,-145109.67
COMP_0138,2026-06,-186518.84
COMP_0138,2026-07,-185112.9
COMP_0138,2026-08,-186462.9
COMP_0139,2025-07,6.5710995e+06
COMP_0139,2025-08,9.360768e+06
COMP_0139,2025-09,3.35964e+06
COMP_0139,2025-10,5.6187295e+06
COMP_0139,2025-11,6.235557e+06
COMP_0139,2025-12,3.7584332e+06
COMP_0139,2026-01,5.437075e+06
COMP_0139,2026-02,6.7755225e+06
COMP_0139,2026-03,3.1773888e+06
COMP_0139,2026-04,7.238403e+06
COMP_0139,2026-05,1.0455007e+07
COMP_0139,2026-06,5.3727925e+06
COMP_0139,2026-07,6.0699825e+06
COMP_0139,2026-08,8.071222e+06
COMP_0140,2025-10,372125.66
COMP_0140,2025-11,476317.34
COMP_0140,2025-12,517789.7
COMP_0140,2026-01,571234.3
COMP_0140,2026-02,241118.89
COMP_0140,2026-03,243287.31
COMP_0140,2026-04,252806.61
COMP_0140,2026-05,338110.28
COMP_0140,2026-06,474867.97
COMP_0140,2026-07,510040.12
COMP_0140,2026-08,479960.2
COMP_0141,2026-01,3.2855496e-11
COMP_0141,2026-02,3.2855496e-11
COMP_0141,2026-03,868778.6
COMP_0141,2026-04,815191.6
COMP_0141,2026-05,26162.43
COMP_0141,2026-06,3.2156895e+06
COMP_0141,2026-07,135793.56
COMP_0141,2026-08,7.9956825e+06
COMP_0142,2025-07,2.4597692e+06
COMP_0142,2025-08,2.0746602e+06
COMP_0142,2025-09,1.0086125e+06
COMP_0142,2025-10,1.1613404e+06
COMP_0142,2025-11,2.130943e+06
COMP_0142,2025-12,1.237089e+06
COMP_0142,2026-01,871627.3
COMP_0142,2026-02,3.8933498e+06
COMP_0142,2026-03,264086.2
COMP_0142,2026-04,2.0544456e+06
COMP_0142,2026-05,1.2483986e+06
COMP_0142,2026-06,460538.88
COMP_0142,2026-07,2.0922139e+06
COMP_0142,2026-08,1.1464841e+06
COMP_0143,2025-02,1762.05
COMP_0143,2025-03,223.3
COMP_0143,2025-04,-74884.27
COMP_0143,2025-05,-74048.06
COMP_0143,2025-06,2583.4
COMP_0143,2025-07,4673.49
COMP_0143,2025-08,4210.72
COMP_0143,2025-09,1890.91
COMP_0143,2025-10,332.71
COMP_0143,2025-11,338.28
COMP_0143,2025-12,45.94
COMP_0143,2026-01,45.94
COMP_0143,2026-02,439.9
COMP_0143,2026-03,375.99
COMP_0143,2026-04,10340.4
COMP_0143,2026-05,2880.73
COMP_0143,2026-06,2816.82
COMP_0143,2026-07,2701.66
COMP_0143,2026-08,2558.88
COMP_0144,2026-06,201176.31
COMP_0144,2026-07,582959.5
COMP_0144,2026-08,588657.6
COMP_0145,2026-06,29157.63
COMP_0145,2026-07,16172.3
COMP_0145,2026-08,24667.58
COMP_0146,2025-12,431.53
COMP_0146,2026-01,891.56
COMP_0146,2026-02,258.63
COMP_0146,2026-03,-24.19
COMP_0146,2026-04,6208.13
COMP_0146,2026-05,1775.68
COMP_0146,2026-06,408.71
COMP_0146,2026-07,1109.79
COMP_0146,2026-08,497.26
COMP_0148,2025-12,3628.52
COMP_0148,2026-01,91332.98
COMP_0148,2026-02,16005.22
COMP_0148,2026-03,86390.02
COMP_0148,2026-04,86390.02
COMP_0148,2026-05,86390.02
COMP_0148,2026-06,86390.02
COMP_0148,2026-07,86390.02
COMP_0148,2026-08,86390.02
COMP_0149,2025-02,4.4145344e+07
COMP_0149,2025-03,8.453269e+06
COMP_0149,2025-04,1.1625659e+06
COMP_0149,2025-05,6.2362785e+06
COMP_0149,2025-06,1.7762077e+08
COMP_0149,2025-07,2.1051858e+07
COMP_0149,2025-08,2.391788e+07
COMP_0149,2025-09,7.171256e+07
COMP_0149,2025-10,1.2359962e+07
COMP_0149,2025-11,2.5860902e+08
COMP_0149,2025-12,3.9093876e+07
COMP_0149,2026-01,1.7912304e+06
COMP_0149,2026-02,8.5343224e+07
COMP_0149,2026-03,1.7989084e+07
COMP_0149,2026-04,1.8750726e+06
COMP_0149,2026-05,4.1329704e+07
COMP_0149,2026-06,3.45906e+07
COMP_0149,2026-07,1.9512334e+07
COMP_0149,2026-08,2.1340162e+07
COMP_0150,2025-10,16094.73
COMP_0150,2025-11,56640.55
COMP_0150,2025-12,5642.04
COMP_0150,2026-01,2986.59
COMP_0150,2026-02,11116.81
COMP_0150,2026-03,71951.21
COMP_0150,2026-04,373597.1
COMP_0150,2026-05,164535.06
COMP_0150,2026-06,129098.09
COMP_0150,2026-07,202040.64
COMP_0150,2026-08,88152.26
COMP_0151,2025-02,15320.61
COMP_0151,2025-03,25184.5
COMP_0151,2025-04,24784.17
COMP_0151,2025-05,112980.72
COMP_0151,2025-06,112822.27
COMP_0151,2025-07,112718.23
COMP_0151,2025-08,109601.25
COMP_0151,2025-09,25881.6
COMP_0151,2025-10,58229.61
COMP_0151,2025-11,57466.15
COMP_0151,2025-12,55146.35
COMP_0151,2026-01,54804.59
COMP_0151,2026-02,34908.32
COMP_0151,2026-03,24920.08
COMP_0151,2026-04,24425.23
COMP_0151,2026-05,26187.49
COMP_0151,2026-06,26093.23
COMP_0151,2026-07,35535.9
COMP_0151,2026-08,35172.18
COMP_0152,2025-02,29264.28
COMP_0152,2025-03,-71588.4
COMP_0152,2025-04,52484.1
COMP_0152,2025-05,-3350.99
COMP_0152,2025-06,-34127.57
COMP_0152,2025-07,-36207.82
COMP_0152,2025-08,53512.9
COMP_0152,2025-09,155556.25
COMP_0152,2025-10,40727.71
COMP_0152,2025-11,62867.1
COMP_0152,2025-12,32841.06
COMP_0152,2026-01,-80702.09
COMP_0152,2026-02,-88325.04
COMP_0152,2026-03,-61574.55
COMP_0152,2026-04,-15095.22
COMP_0152,2026-05,-6302.36
COMP_0152,2026-06,50570.71
COMP_0152,2026-07,-22216.39
COMP_0152,2026-08,-74286.38
COMP_0153,2025-02,13530.14
COMP_0153,2025-03,13257.96
COMP_0153,2025-04,75554.79
COMP_0153,2025-05,70467.96
COMP_0153,2025-06,65399.82
COMP_0153,2025-07,64552.14
COMP_0153,2025-08,59465.31
COMP_0153,2025-09,54397.17
COMP_0153,2025-10,39643.27
COMP_0153,2025-11,34549.62
COMP_0153,2025-12,28687.68
COMP_0153,2026-01,40784.87
COMP_0153,2026-02,33154.59
COMP_0153,2026-03,25545.21
COMP_0153,2026-04,6155.19
COMP_0153,2026-05,48220.67
COMP_0153,2026-06,40307.05
COMP_0153,2026-07,13500.81
COMP_0153,2026-08,794032.5
COMP_0154,2026-06,93436.24
COMP_0154,2026-07,10000
COMP_0154,2026-08,9530
COMP_0155,2025-02,11113.88
COMP_0155,2025-03,3521.15
COMP_0155,2025-04,827.62
COMP_0155,2025-05,1982.81
COMP_0155,2025-06,2906.47
COMP_0155,2025-07,564.85
COMP_0155,2025-08,1409.51
COMP_0155,2025-09,698.25
COMP_0155,2025-10,2881.99
COMP_0155,2025-11,1882.45
COMP_0155,2025-12,2382.2
COMP_0155,2026-01,7700.03
COMP_0155,2026-02,4768.32
COMP_0155,2026-03,804.81
COMP_0155,2026-04,1743.59
COMP_0155,2026-05,221887.48
COMP_0155,2026-06,2517.91
COMP_0155,2026-07,394.7
COMP_0155,2026-08,529.19
COMP_0156,2025-05,550284.56
COMP_0156,2025-06,669667.7
COMP_0156,2025-07,385898.06
COMP_0156,2025-08,997440
COMP_0156,2025-09,710486.8
COMP_0156,2025-10,777545.1
COMP_0156,2025-11,1.1562588e+06
COMP_0156,2025-12,930798.44
COMP_0156,2026-01,558828.7
COMP_0156,2026-02,271805.44
COMP_0156,2026-03,675342.8
COMP_0156,2026-04,1.2851255e+06
COMP_0156,2026-05,186215.14
COMP_0156,2026-06,575323.56
COMP_0156,2026-07,117687.37
COMP_0156,2026-08,385893.94
COMP_0157,2025-09,21776.61
COMP_0157,2025-10,6520.4
COMP_0157,2025-11,4588.2
COMP_0157,2025-12,7752.73
COMP_0157,2026-01,6398.62
COMP_0157,2026-02,3757.82
COMP_0157,2026-03,14946.74
COMP_0157,2026-04,16373.12
COMP_0157,2026-05,11345.94
COMP_0157,2026-06,314.03
COMP_0157,2026-07,33567.32
COMP_0157,2026-08,29248.02
COMP_0158,2026-07,601109.75
COMP_0158,2026-08,477237.16
COMP_0159,2025-04,112783.33
COMP_0159,2025-05,191841.38
COMP_0159,2025-06,189940.31
COMP_0159,2025-07,169238.08
COMP_0159,2025-08,162714.31
COMP_0159,2025-09,172293.95
COMP_0159,2025-10,180357.8
COMP_0159,2025-11,187391.58
COMP_0159,2025-12,161465.02
COMP_0159,2026-01,143860.06
COMP_0159,2026-02,195612.6
COMP_0159,2026-03,196808.66
COMP_0159,2026-04,199071.23
COMP_0159,2026-05,209109.83
COMP_0159,2026-06,208093.53
COMP_0159,2026-07,188769.34
COMP_0159,2026-08,172008.77
COMP_0160,2025-02,249815.62
COMP_0160,2025-03,287275.25
COMP_0160,2025-04,203018.67
COMP_0160,2025-05,166916.45
COMP_0160,2025-06,211170.94
COMP_0160,2025-07,387315.12
COMP_0160,2025-08,339357.56
COMP_0160,2025-09,238448.16
COMP_0160,2025-10,181504.1
COMP_0160,2025-11,231249.16
COMP_0160,2025-12,176832.55
COMP_0160,2026-01,202558.56
COMP_0160,2026-02,479662.1
COMP_0160,2026-03,455849.03
COMP_0160,2026-04,461447.22
COMP_0160,2026-05,337917.78
COMP_0160,2026-06,826581.3
COMP_0160,2026-07,488015.7
COMP_0160,2026-08,418775.5
COMP_0161,2025-05,17359.44
COMP_0161,2025-06,5882.1
COMP_0161,2025-07,6518.45
COMP_0161,2025-08,4091.35
COMP_0161,2025-09,2725.8
COMP_0161,2025-10,3794.63
COMP_0161,2025-11,5005.75
COMP_0161,2025-12,17819.1
COMP_0161,2026-01,8180.32
COMP_0161,2026-02,8358.76
COMP_0161,2026-03,8226.6
COMP_0161,2026-04,8240.83
COMP_0161,2026-05,8245.56
COMP_0161,2026-06,8240.46
COMP_0161,2026-07,8240.46
COMP_0161,2026-08,8238.3
COMP_0162,2025-05,20409.35
COMP_0162,2025-06,19567.82
COMP_0162,2025-07,14910.46
COMP_0162,2025-08,21817.99
COMP_0162,2025-09,28224.07
COMP_0162,2025-10,23690
COMP_0162,2025-11,24298.16
COMP_0162,2025-12,15801.25
COMP_0162,2026-01,12790.44
COMP_0162,2026-02,9914.25
COMP_0162,2026-03,6420.11
COMP_0162,2026-04,2387.04
COMP_0162,2026-05,1293.39
COMP_0162,2026-06,1218.95
COMP_0162,2026-07,2484.4
COMP_0162,2026-08,5284.69
COMP_0163,2025-02,3.8441225e+06
COMP_0163,2025-03,3.9042728e+06
COMP_0163,2025-04,3.5564838e+06
COMP_0163,2025-05,1.9936235e+06
COMP_0163,2025-06,1.4757828e+06
COMP_0163,2025-07,1.5369422e+06
COMP_0163,2025-08,2.3263262e+06
COMP_0163,2025-09,1.737204e+06
COMP_0163,2025-10,2.6425688e+06
COMP_0163,2025-11,1.622955e+06
COMP_0163,2025-12,1.6837711e+06
COMP_0163,2026-01,896901.94
COMP_0163,2026-02,4.381528e+06
COMP_0163,2026-03,4.321629e+06
COMP_0163,2026-04,2.9125808e+06
COMP_0163,2026-05,2.7303442e+06
COMP_0163,2026-06,2.8044205e+06
COMP_0163,2026-07,1.3097589e+06
COMP_0163,2026-08,1.5646185e+06
COMP_0164,2025-02,21435.18
COMP_0164,2025-03,14459.52
COMP_0164,2025-04,187502.38
COMP_0164,2025-05,70068.95
COMP_0164,2025-06,117734.88
COMP_0164,2025-07,124354.73
COMP_0164,2025-08,84423.13
COMP_0164,2025-09,214511.17
COMP_0164,2025-10,228029.08
COMP_0164,2025-11,37350.78
COMP_0164,2025-12,69073.95
COMP_0164,2026-01,99396.42
COMP_0164,2026-02,55716.63
COMP_0164,2026-03,70689.61
COMP_0164,2026-04,32804.4
COMP_0164,2026-05,255346.69
COMP_0164,2026-06,189655.9
COMP_0164,2026-07,189050.73
COMP_0164,2026-08,230926.73
COMP_0165,2025-02,703.49
COMP_0165,2025-03,797.12
COMP_0165,2025-04,1007.23
COMP_0165,2025-05,1217.34
COMP_0165,2025-06,1427.45
COMP_0165,2025-07,1637.56
COMP_0165,2025-08,1847.67
COMP_0165,2025-09,2057.78
COMP_0165,2025-10,312.15
COMP_0165,2025-11,561.84
COMP_0165,2025-12,816.21
COMP_0165,2026-01,1070.58
COMP_0165,2026-02,1324.95
COMP_0165,2026-03,1579.32
COMP_0165,2026-04,1833.69
COMP_0165,2026-05,2084.59
COMP_0165,2026-06,2338.96
COMP_0165,2026-07,2593.33
COMP_0165,2026-08,2847.7
COMP_0167,2025-02,5250.45
COMP_0167,2025-03,2667.35
COMP_0167,2025-04,7051.35
COMP_0167,2025-05,5288.92
COMP_0167,2025-06,11024.66
COMP_0167,2025-07,21608.89
COMP_0167,2025-08,19477.47
COMP_0167,2025-09,14590.3
COMP_0167,2025-10,11766.82
COMP_0167,2025-11,14279.06
COMP_0167,2025-12,11135.14
COMP_0167,2026-01,5900.92
COMP_0167,2026-02,1843.41
COMP_0167,2026-03,12073.52
COMP_0167,2026-04,14254.9
COMP_0167,2026-05,3470.74
COMP_0167,2026-06,15593.09
COMP_0167,2026-07,27584.89
COMP_0167,2026-08,50730.01
COMP_0168,2026-04,492574.1
COMP_0168,2026-05,220051.02
COMP_0168,2026-06,622321.6
COMP_0168,2026-07,428019.4
COMP_0168,2026-08,582739
COMP_0169,2025-02,24758.13
COMP_0169,2025-03,49046.8
COMP_0169,2025-04,14974.9
COMP_0169,2025-05,22598.13
COMP_0169,2025-06,23413.68
COMP_0169,2025-07,50182.82
COMP_0169,2025-08,53923.9
COMP_0169,2025-09,44035.81
COMP_0169,2025-10,66223.58
COMP_0169,2025-11,20982.9
COMP_0169,2025-12,20022.62
COMP_0169,2026-01,40653.42
COMP_0169,2026-02,38855.25
COMP_0169,2026-03,12325.84
COMP_0169,2026-04,-254778.06
COMP_0169,2026-05,-202411.28
COMP_0169,2026-06,106869.8
COMP_0169,2026-07,225272.73
COMP_0169,2026-08,165372.27
COMP_0170,2025-12,23288.56
COMP_0170,2026-01,22294
COMP_0170,2026-02,22161.49
COMP_0170,2026-03,64805.17
COMP_0170,2026-04,64809.17
COMP_0170,2026-05,64809.17
COMP_0170,2026-06,64809.17
COMP_0170,2026-07,64809.17
COMP_0170,2026-08,64809.17
COMP_0171,2026-06,1950.73
COMP_0171,2026-07,122155.68
COMP_0171,2026-08,45416.78
COMP_0172,2025-02,54272.07
COMP_0172,2025-03,32983.64
COMP_0172,2025-04,32936.07
COMP_0172,2025-05,47687.12
COMP_0172,2025-06,3.3448572e+06
COMP_0172,2025-07,2.6755785e+06
COMP_0172,2025-08,2.338969e+06
COMP_0172,2025-09,2.2540305e+06
COMP_0172,2025-10,1.660085e+06
COMP_0172,2025-11,1.5233776e+06
COMP_0172,2025-12,5.8970715e+06
COMP_0172,2026-01,5.681732e+06
COMP_0172,2026-02,5.342802e+06
COMP_0172,2026-03,5.30818e+06
COMP_0172,2026-04,2.7314205e+06
COMP_0172,2026-05,1.8662124e+06
COMP_0172,2026-06,1.38781e+06
COMP_0172,2026-07,4.892134e+06
COMP_0172,2026-08,4.903156e+06
COMP_0173,2025-06,141731.84
COMP_0173,2025-07,105763.7
COMP_0173,2025-08,170461.95
COMP_0173,2025-09,124253.37
COMP_0173,2025-10,155471.06
COMP_0173,2025-11,136958.44
COMP_0173,2025-12,93370.1
COMP_0173,2026-01,222227.25
COMP_0173,2026-02,189638.69
COMP_0173,2026-03,104173.7
COMP_0173,2026-04,300412.16
COMP_0173,2026-05,148820.75
COMP_0173,2026-06,151604.34
COMP_0173,2026-07,353125.97
COMP_0173,2026-08,203074.95
COMP_0174,2025-02,42697.49
COMP_0174,2025-03,37592.03
COMP_0174,2025-04,27489.63
COMP_0174,2025-05,44322.05
COMP_0174,2025-06,43669.17
COMP_0174,2025-07,55427.98
COMP_0174,2025-08,36828.53
COMP_0174,2025-09,20077.61
COMP_0174,2025-10,31293.81
COMP_0174,2025-11,19320.91
COMP_0174,2025-12,47611.97
COMP_0174,2026-01,24088.23
COMP_0174,2026-02,56517.78
COMP_0174,2026-03,25152.14
COMP_0174,2026-04,84086.25
COMP_0174,2026-05,109595.57
COMP_0174,2026-06,84384.99
COMP_0174,2026-07,35829.43
COMP_0174,2026-08,50097.88
COMP_0175,2026-05,-787133.2
COMP_0175,2026-06,39464.02
COMP_0175,2026-07,494835.38
COMP_0175,2026-08,267787.25
COMP_0176,2025-02,38153
COMP_0176,2025-03,37919.2
COMP_0176,2025-04,27539.17
COMP_0176,2025-05,22051.99
COMP_0176,2025-06,13956.25
COMP_0176,2025-07,5141.17
COMP_0176,2025-08,19854.26
COMP_0176,2025-09,14462.42
COMP_0176,2025-10,6111.65
COMP_0176,2025-11,19733.58
COMP_0176,2025-12,7976.07
COMP_0176,2026-01,16280.85
COMP_0176,2026-02,30338.53
COMP_0176,2026-03,159852.69
COMP_0176,2026-04,140036.97
COMP_0176,2026-05,135642.72
COMP_0176,2026-06,120526.75
COMP_0176,2026-07,110252.4
COMP_0176,2026-08,103759.03
COMP_0177,2026-03,1.4897672e+06
COMP_0177,2026-04,95597.87
COMP_0177,2026-05,397098.03
COMP_0177,2026-06,470201.88
COMP_0177,2026-07,404354.62
COMP_0177,2026-08,97343.59
COMP_0178,2025-02,724986.9
COMP_0178,2025-03,777317.5
COMP_0178,2025-04,545429.44
COMP_0178,2025-05,437621.22
COMP_0178,2025-06,322952
COMP_0178,2025-07,218605.39
COMP_0178,2025-08,142699.1
COMP_0178,2025-09,204834.61
COMP_0178,2025-10,254774.62
COMP_0178,2025-11,269820.22
COMP_0178,2025-12,276075.44
COMP_0178,2026-01,223629.12
COMP_0178,2026-02,58613.64
COMP_0178,2026-03,110269.88
COMP_0178,2026-04,173628.19
COMP_0178,2026-05,162815.3
COMP_0178,2026-06,121451.51
COMP_0178,2026-07,128438.58
COMP_0178,2026-08,108198.49
COMP_0179,2025-02,124802.83
COMP_0179,2025-03,92188.78
COMP_0179,2025-04,43235.46
COMP_0179,2025-05,159438.1
COMP_0179,2025-06,2.8580602e+06
COMP_0179,2025-07,89710
COMP_0179,2025-08,199646.95
COMP_0179,2025-09,134229.19
COMP_0179,2025-10,18564.75
COMP_0179,2025-11,20598.45
COMP_0179,2025-12,138356.06
COMP_0179,2026-01,19862.56
COMP_0179,2026-02,18872.2
COMP_0179,2026-03,43928.44
COMP_0179,2026-04,30517.76
COMP_0179,2026-05,29627.36
COMP_0179,2026-06,60269.5
COMP_0179,2026-07,47966.41
COMP_0179,2026-08,40791.87
COMP_0180,2025-02,530959.06
COMP_0180,2025-03,363467.44
COMP_0180,2025-04,534280.7
COMP_0180,2025-05,178664.12
COMP_0180,2025-06,312402.75
COMP_0180,2025-07,157000.45
COMP_0180,2025-08,197016.2
COMP_0180,2025-09,77850.26
COMP_0180,2025-10,138175.78
COMP_0180,2025-11,338173.03
COMP_0180,2025-12,88501.37
COMP_0180,2026-01,75254.15
COMP_0180,2026-02,102357.18
COMP_0180,2026-03,38403.97
COMP_0180,2026-04,180372.31
COMP_0180,2026-05,229210.08
COMP_0180,2026-06,395495.28
COMP_0180,2026-07,216766.9
COMP_0180,2026-08,50929.63
COMP_0181,2025-02,62887.27
COMP_0181,2025-03,542745
COMP_0181,2025-04,64674.99
COMP_0181,2025-05,53951.6
COMP_0181,2025-06,58551.22
COMP_0181,2025-07,75235.97
COMP_0181,2025-08,54698.78
COMP_0181,2025-09,52339.65
COMP_0181,2025-10,50758.59
COMP_0181,2025-11,131833.81
COMP_0181,2025-12,53923.66
COMP_0181,2026-01,44938.18
COMP_0181,2026-02,8997.9
COMP_0181,2026-03,206408.5
COMP_0181,2026-04,1004.96
COMP_0181,2026-05,-151.27
COMP_0181,2026-06,-185
COMP_0181,2026-07,21280.22
COMP_0181,2026-08,73612.9
COMP_0182,2026-02,2.87748e+06
COMP_0182,2026-03,8.677508e+06
COMP_0182,2026-04,8.821755e+06
COMP_0182,2026-05,9.568065e+06
COMP_0182,2026-06,9.0371e+06
COMP_0182,2026-07,8.773706e+06
COMP_0182,2026-08,1.0061979e+07
COMP_0183,2026-02,292552.62
COMP_0183,2026-03,275863.5
COMP_0183,2026-04,194309.8
COMP_0183,2026-05,154140.48
COMP_0183,2026-06,134629.83
COMP_0183,2026-07,152074.8
COMP_0183,2026-08,146634.95
COMP_0184,2026-06,799739.5
COMP_0184,2026-07,812352.3
COMP_0184,2026-08,1.6195336e+06
COMP_0185,2026-06,386889.8
COMP_0185,2026-07,401501.22
COMP_0185,2026-08,-189762.88
COMP_0186,2025-02,8711.36
COMP_0186,2025-03,3965.24
COMP_0186,2025-04,7708.8
COMP_0186,2025-05,45640.54
COMP_0186,2025-06,19170.76
COMP_0186,2025-07,15680.08
COMP_0186,2025-08,13001.82
COMP_0186,2025-09,21975.61
COMP_0186,2025-10,10610.51
COMP_0186,2025-11,47317.4
COMP_0186,2025-12,13720.95
COMP_0186,2026-01,-4975.31
COMP_0186,2026-02,8034.31
COMP_0186,2026-03,23448.45
COMP_0186,2026-04,17252.2
COMP_0186,2026-05,234698.12
COMP_0186,2026-06,95037.52
COMP_0186,2026-07,46734.17
COMP_0186,2026-08,4576.43
COMP_0187,2026-06,30730.06
COMP_0187,2026-07,16556.86
COMP_0187,2026-08,12648.02
COMP_0188,2025-02,-521215.38
COMP_0188,2025-03,-973150.5
COMP_0188,2025-04,-976181.5
COMP_0188,2025-05,-897712.6
COMP_0188,2025-06,-1.1071628e+06
COMP_0188,2025-07,-930342.44
COMP_0188,2025-08,-1.1463859e+06
COMP_0188,2025-09,-855417.6
COMP_0188,2025-10,-1.1982235e+06
COMP_0188,2025-11,-1.0257731e+06
COMP_0188,2025-12,-1.1683056e+06
COMP_0188,2026-01,-919739.9
COMP_0188,2026-02,-602893.06
COMP_0188,2026-03,-853651.7
COMP_0188,2026-04,-969681.25
COMP_0188,2026-05,-969681.25
COMP_0188,2026-06,-969681.25
COMP_0188,2026-07,-969681.25
COMP_0188,2026-08,-969681.25
COMP_0189,2025-11,93289.51
COMP_0189,2025-12,909430
COMP_0189,2026-01,239077.27
COMP_0189,2026-02,225055.17
COMP_0189,2026-03,202884.88
COMP_0189,2026-04,243900.1
COMP_0189,2026-05,152634.6
COMP_0189,2026-06,31831.11
COMP_0189,2026-07,61059.68
COMP_0189,2026-08,118191.49
COMP_0190,2026-03,1968.16
COMP_0190,2026-04,4664.76
COMP_0190,2026-05,886.97
COMP_0190,2026-06,657.31
COMP_0190,2026-07,10655.94
COMP_0190,2026-08,13820.73
COMP_0191,2025-02,1.0415492e+06
COMP_0191,2025-03,883752.44
COMP_0191,2025-04,805331.2
COMP_0191,2025-05,961164.4
COMP_0191,2025-06,885377.3
COMP_0191,2025-07,1.0775731e+06
COMP_0191,2025-08,992492.5
COMP_0191,2025-09,814070.44
COMP_0191,2025-10,1.4190052e+06
COMP_0191,2025-11,869742.06
COMP_0191,2025-12,978239.8
COMP_0191,2026-01,898873.56
COMP_0191,2026-02,1.4023496e+06
COMP_0191,2026-03,886293
COMP_0191,2026-04,1.0348231e+06
COMP_0191,2026-05,993324.94
COMP_0191,2026-06,331819.06
COMP_0191,2026-07,-33791.76
COMP_0191,2026-08,756404.1
COMP_0192,2026-06,190080.4
COMP_0192,2026-07,224443.6
COMP_0192,2026-08,290291.6
COMP_0193,2026-03,483888.78
COMP_0193,2026-04,756101.3
COMP_0193,2026-05,1.2263585e+06
COMP_0193,2026-06,1.2634362e+06
COMP_0193,2026-07,1.4905651e+06
COMP_0193,2026-08,1.3851948e+06
COMP_0194,2025-02,-524.41
COMP_0194,2025-03,-643.7
COMP_0194,2025-04,-762.99
COMP_0194,2025-05,-602.41
COMP_0194,2025-06,-721.71
COMP_0194,2025-07,-861.2
COMP_0194,2025-08,-356
COMP_0194,2025-09,-475.29
COMP_0194,2025-10,-594.58
COMP_0194,2025-11,-713.87
COMP_0194,2025-12,-853.24
COMP_0194,2026-01,-872.37
COMP_0194,2026-02,-783.8
COMP_0194,2026-03,-726.54
COMP_0194,2026-04,-850.28
COMP_0194,2026-05,-994.3
COMP_0194,2026-06,-12.6
COMP_0194,2026-07,2994.96
COMP_0194,2026-08,13669.01
COMP_0195,2025-02,2.413456e+06
COMP_0195,2025-03,2.639733e+07
COMP_0195,2025-04,2.4907342e+07
COMP_0195,2025-05,2.8126466e+07
COMP_0195,2025-06,2.694135e+07
COMP_0195,2025-07,2.8226118e+07
COMP_0195,2025-08,2.6144376e+07
COMP_0195,2025-09,2.5099832e+07
COMP_0195,2025-10,2.6655224e+07
COMP_0195,2025-11,2.7788638e+07
COMP_0195,2025-12,1.5631996e+07
COMP_0195,2026-01,1.7604748e+07
COMP_0195,2026-02,6.220199e+06
COMP_0195,2026-03,8.1291815e+06
COMP_0195,2026-04,7.6923135e+06
COMP_0195,2026-05,2.6557722e+06
COMP_0195,2026-06,1.6002691e+07
COMP_0195,2026-07,5.9855965e+06
COMP_0195,2026-08,5.9019015e+06
COMP_0196,2026-05,33006.85
COMP_0196,2026-06,1.0536359e+06
COMP_0196,2026-07,217305.53
COMP_0196,2026-08,357628.28
COMP_0197,2025-04,1468.88
COMP_0197,2025-05,452.84
COMP_0197,2025-06,2614.64
COMP_0197,2025-07,1917.95
COMP_0197,2025-08,15.95
COMP_0197,2025-09,1177.75
COMP_0197,2025-10,111.57
COMP_0197,2025-11,2241.57
COMP_0197,2025-12,4402.17
COMP_0197,2026-01,119.35
COMP_0197,2026-02,2297.35
COMP_0197,2026-03,409.95
COMP_0197,2026-04,20.28
COMP_0197,2026-05,2198.28
COMP_0197,2026-06,4360.68
COMP_0197,2026-07,1348.23
COMP_0197,2026-08,466.23
COMP_0198,2025-02,338.24
COMP_0198,2025-03,338.24
COMP_0198,2025-04,235.49
COMP_0198,2025-05,683.39
COMP_0198,2025-06,661.89
COMP_0198,2025-07,528.95
COMP_0198,2025-08,448.35
COMP_0198,2025-09,1468.72
COMP_0198,2025-10,1537.81
COMP_0198,2025-11,485.24
COMP_0198,2025-12,1485.24
COMP_0198,2026-01,347.8
COMP_0198,2026-02,358.39
COMP_0198,2026-03,358.39
COMP_0198,2026-04,198.26
COMP_0198,2026-05,167.01
COMP_0198,2026-06,148.4
COMP_0198,2026-07,472.37
COMP_0198,2026-08,424.8
COMP_0199,2026-02,115020.94
COMP_0199,2026-03,74593.47
COMP_0199,2026-04,32435.42
COMP_0199,2026-05,59605.07
COMP_0199,2026-06,33648.08
COMP_0199,2026-07,16938.83
COMP_0199,2026-08,66790.17
COMP_0200,2026-03,-3.0582388e+06
COMP_0200,2026-04,-2.9726885e+06
COMP_0200,2026-05,585796.44
COMP_0200,2026-06,262478.6
COMP_0200,2026-07,399234.88
COMP_0200,2026-08,516929.06
COMP_0201,2025-02,180917.22
COMP_0201,2025-03,132823.75
COMP_0201,2025-04,95785.9
COMP_0201,2025-05,208090.12
COMP_0201,2025-06,154041.06
COMP_0201,2025-07,139935.3
COMP_0201,2025-08,180261.94
COMP_0201,2025-09,144917.3
COMP_0201,2025-10,121063.85
COMP_0201,2025-11,91448.46
COMP_0201,2025-12,129748.67
COMP_0201,2026-01,136983.9
COMP_0201,2026-02,64570.79
COMP_0201,2026-03,103183.33
COMP_0201,2026-04,94342.83
COMP_0201,2026-05,110276.04
COMP_0201,2026-06,165547.17
COMP_0201,2026-07,96531.18
COMP_0201,2026-08,138587.94
COMP_0202,2026-04,720781.94
COMP_0202,2026-05,785175.3
COMP_0202,2026-06,765092.94
COMP_0202,2026-07,765092.94
COMP_0202,2026-08,765092.94
COMP_0203,2025-02,18044.57
COMP_0203,2025-03,29385.06
COMP_0203,2025-04,26121.61
COMP_0203,2025-05,68304.34
COMP_0203,2025-06,37286.33
COMP_0203,2025-07,31768.54
COMP_0203,2025-08,18153.87
COMP_0203,2025-09,34281.88
COMP_0203,2025-10,34407.02
COMP_0203,2025-11,16592.41
COMP_0203,2025-12,40883.15
COMP_0203,2026-01,35575.75
COMP_0203,2026-02,17341.44
COMP_0203,2026-03,69777
COMP_0203,2026-04,26124.21
COMP_0203,2026-05,42039.55
COMP_0203,2026-06,50665.06
COMP_0203,2026-07,59143.95
COMP_0203,2026-08,48875.29
COMP_0204,2026-05,8143.68
COMP_0204,2026-06,1237.32
COMP_0204,2026-07,262.32
COMP_0204,2026-08,2554.18
COMP_0205,2026-01,77321.43
COMP_0205,2026-02,34414.45
COMP_0205,2026-03,124429.04
COMP_0205,2026-04,140028.08
COMP_0205,2026-05,148655.3
COMP_0205,2026-06,156751.05
COMP_0205,2026-07,91220.13
COMP_0205,2026-08,222456.16
COMP_0206,2026-06,287585.44
COMP_0206,2026-07,193200.83
COMP_0206,2026-08,606681.06
COMP_0207,2025-02,84790.97
COMP_0207,2025-03,110213.45
COMP_0207,2025-04,46515.8
COMP_0207,2025-05,58494.49
COMP_0207,2025-06,48324.46
COMP_0207,2025-07,59628.57
COMP_0207,2025-08,54246.77
COMP_0207,2025-09,49183.88
COMP_0207,2025-10,57731.73
COMP_0207,2025-11,55973.46
COMP_0207,2025-12,80384.6
COMP_0207,2026-01,40285.89
COMP_0207,2026-02,35823.73
COMP_0207,2026-03,28246.86
COMP_0207,2026-04,122326.94
COMP_0207,2026-05,37372.93
COMP_0207,2026-06,61340.96
COMP_0207,2026-07,12874.45
COMP_0207,2026-08,16419.7
COMP_0208,2026-06,106914.87
COMP_0208,2026-07,-52194.78
COMP_0208,2026-08,384084.7
COMP_0209,2026-05,5128.17
COMP_0209,2026-06,1505.96
COMP_0209,2026-07,3528.05
COMP_0209,2026-08,801.5
COMP_0210,2026-01,591887.94
COMP_0210,2026-02,1.2314682e+06
COMP_0210,2026-03,1.454653e+06
COMP_0210,2026-04,1.8657166e+06
COMP_0210,2026-05,2.4551188e+06
COMP_0210,2026-06,2.6531522e+06
COMP_0210,2026-07,2.9139922e+06
COMP_0210,2026-08,2.9234992e+06
COMP_0211,2026-07,-16645.47
COMP_0211,2026-08,21771.3
COMP_0212,2026-05,1.5102836e+06
COMP_0212,2026-06,688207.3
COMP_0212,2026-07,4.6856975e+06
COMP_0212,2026-08,3.9597092e+06
COMP_0213,2026-01,164750.61
COMP_0213,2026-02,192220.66
COMP_0213,2026-03,179749.31
COMP_0213,2026-04,196209.45
COMP_0213,2026-05,166157.72
COMP_0213,2026-06,118101.52
COMP_0213,2026-07,60551.56
COMP_0213,2026-08,74051.64
COMP_0214,2025-08,9.547311e+06
COMP_0214,2025-09,8.2258925e+06
COMP_0214,2025-10,7.6991535e+06
COMP_0214,2025-11,7.049652e+06
COMP_0214,2025-12,5.5129285e+06
COMP_0214,2026-01,4.8112195e+06
COMP_0214,2026-02,4.1514252e+06
COMP_0214,2026-03,3.4106142e+06
COMP_0214,2026-04,3.2906518e+06
COMP_0214,2026-05,2.5580652e+06
COMP_0214,2026-06,2.5566958e+06
COMP_0214,2026-07,2.5566958e+06
COMP_0214,2026-08,2.5566958e+06
COMP_0215,2025-03,31531.19
COMP_0215,2025-04,31531.19
COMP_0215,2025-05,31531.19
COMP_0215,2025-06,31529.39
COMP_0215,2025-07,31523.19
COMP_0215,2025-08,31523.19
COMP_0215,2025-09,31523.19
COMP_0215,2025-10,33607.38
COMP_0215,2025-11,34024.16
COMP_0215,2025-12,15708.28
COMP_0215,2026-01,15474.02
COMP_0215,2026-02,33474.02
COMP_0215,2026-03,3.630605e+06
COMP_0215,2026-04,3.6222202e+06
COMP_0215,2026-05,3.6339035e+06
COMP_0215,2026-06,3.5857985e+06
COMP_0215,2026-07,2.2629632e+06
COMP_0215,2026-08,2.263446e+06
COMP_0216,2025-06,29960.15
COMP_0216,2025-07,41902.02
COMP_0216,2025-08,47158.49
COMP_0216,2025-09,43456.76
COMP_0216,2025-10,47638.97
COMP_0216,2025-11,24756.14
COMP_0216,2025-12,43028.48
COMP_0216,2026-01,30009.48
COMP_0216,2026-02,515676.97
COMP_0216,2026-03,103598.91
COMP_0216,2026-04,31036.26
COMP_0216,2026-05,28590.39
COMP_0216,2026-06,52140.56
COMP_0216,2026-07,45752.48
COMP_0216,2026-08,61910.5
COMP_0217,2026-01,29017.09
COMP_0217,2026-02,12078.07
COMP_0217,2026-03,15139.57
COMP_0217,2026-04,18201.16
COMP_0217,2026-05,8278.12
COMP_0217,2026-06,6338.29
COMP_0217,2026-07,1887.88
COMP_0217,2026-08,4948.95
COMP_0218,2025-06,946288.2
COMP_0218,2025-07,22152.34
COMP_0218,2025-08,35092.95
COMP_0218,2025-09,47934.38
COMP_0218,2025-10,70616.94
COMP_0218,2025-11,67510.9
COMP_0218,2025-12,92730.62
COMP_0218,2026-01,65334.64
COMP_0218,2026-02,77667.66
COMP_0218,2026-03,153570.38
COMP_0218,2026-04,114322.31
COMP_0218,2026-05,134384.19
COMP_0218,2026-06,65841.19
COMP_0218,2026-07,5.3289525e+06
COMP_0218,2026-08,328959.38
COMP_0219,2025-02,-5.026958e+06
COMP_0219,2025-03,-239491.08
COMP_0219,2025-04,-4.1030015e+06
COMP_0219,2025-05,-3.7989158e+06
COMP_0219,2025-06,-6.9965675e+06
COMP_0219,2025-07,-7.720296e+06
COMP_0219,2025-08,-3.5998755e+06
COMP_0219,2025-09,-3.555959e+06
COMP_0219,2025-10,-2.731268e+06
COMP_0219,2025-11,-5.2543275e+06
COMP_0219,2025-12,-5.8311055e+06
COMP_0219,2026-01,-2.8495828e+06
COMP_0219,2026-02,-7.2951415e+06
COMP_0219,2026-03,-5.54276e+06
COMP_0219,2026-04,184248.3
COMP_0219,2026-05,-2.4175458e+06
COMP_0219,2026-06,1.1447471e+06
COMP_0219,2026-07,1.5054724e+06
COMP_0219,2026-08,-1.3150952e+06
COMP_0220,2025-06,2035.71
COMP_0220,2025-07,1671.7
COMP_0220,2025-08,5809.48
COMP_0220,2025-09,6592.82
COMP_0220,2025-10,3101.96
COMP_0220,2025-11,6299.88
COMP_0220,2025-12,167621.61
COMP_0220,2026-01,12258.87
COMP_0220,2026-02,186653.95
COMP_0220,2026-03,4762.8
COMP_0220,2026-04,19008.36
COMP_0220,2026-05,19101.42
COMP_0220,2026-06,17088.79
COMP_0220,2026-07,290515.03
COMP_0220,2026-08,28543.29
COMP_0221,2026-07,10428.19
COMP_0221,2026-08,12406.19
COMP_0222,2025-06,95501.04
COMP_0222,2025-07,142841.61
COMP_0222,2025-08,202035.55
COMP_0222,2025-09,92160.78
COMP_0222,2025-10,94284.42
COMP_0222,2025-11,81813.79
COMP_0222,2025-12,15203.54
COMP_0222,2026-01,20488.17
COMP_0222,2026-02,72470.67
COMP_0222,2026-03,92104.05
COMP_0222,2026-04,49187.2
COMP_0222,2026-05,37394.58
COMP_0222,2026-06,78377.3
COMP_0222,2026-07,104619.75
COMP_0222,2026-08,341616.47
COMP_0223,2025-02,-15778.59
COMP_0223,2025-03,8990.96
COMP_0223,2025-04,8960.96
COMP_0223,2025-05,6865.86
COMP_0223,2025-06,6661.86
COMP_0223,2025-07,7438.88
COMP_0223,2025-08,7367.22
COMP_0223,2025-09,7337.22
COMP_0223,2025-10,7476.91
COMP_0223,2025-11,7457.56
COMP_0223,2025-12,6445.98
COMP_0223,2026-01,6445.98
COMP_0223,2026-02,6445.98
COMP_0223,2026-03,6445.98
COMP_0223,2026-04,6445.98
COMP_0223,2026-05,6445.98
COMP_0223,2026-06,6445.98
COMP_0223,2026-07,6445.98
COMP_0223,2026-08,6445.98
COMP_0224,2026-04,-561065.2
COMP_0224,2026-05,-547956.94
COMP_0224,2026-06,36608.47
COMP_0224,2026-07,28508.75
COMP_0224,2026-08,27334.63
COMP_0225,2025-07,16786.03
COMP_0225,2025-08,26318.19
COMP_0225,2025-09,41505.71
COMP_0225,2025-10,52632.25
COMP_0225,2025-11,61509.73
COMP_0225,2025-12,95774.83
COMP_0225,2026-01,16529.81
COMP_0225,2026-02,17509.31
COMP_0225,2026-03,25439.55
COMP_0225,2026-04,15933.22
COMP_0225,2026-05,15972.85
COMP_0225,2026-06,80583.97
COMP_0225,2026-07,23773.25
COMP_0225,2026-08,9440.79
COMP_0226,2026-01,98724.79
COMP_0226,2026-02,98724.79
COMP_0226,2026-03,73060.62
COMP_0226,2026-04,177681.53
COMP_0226,2026-05,177681.53
COMP_0226,2026-06,167829.2
COMP_0226,2026-07,167829.2
COMP_0226,2026-08,167799.81
COMP_0227,2025-06,189635.94
COMP_0227,2025-07,154364.7
COMP_0227,2025-08,322389.56
COMP_0227,2025-09,169453.6
COMP_0227,2025-10,73651.85
COMP_0227,2025-11,66806.8
COMP_0227,2025-12,182080.44
COMP_0227,2026-01,142042.22
COMP_0227,2026-02,90090.63
COMP_0227,2026-03,224919.8
COMP_0227,2026-04,92421.18
COMP_0227,2026-05,114993.43
COMP_0227,2026-06,73208.4
COMP_0227,2026-07,308835.1
COMP_0227,2026-08,376665.38
COMP_0228,2025-06,6412.47
COMP_0228,2025-07,11526.59
COMP_0228,2025-08,13077.35
COMP_0228,2025-09,11500.89
COMP_0228,2025-10,6738.61
COMP_0228,2025-11,53135.27
COMP_0228,2025-12,26962.37
COMP_0228,2026-01,65233.36
COMP_0228,2026-02,93763.92
COMP_0228,2026-03,126263.68
COMP_0228,2026-04,220742.6
COMP_0228,2026-05,238166.48
COMP_0228,2026-06,102432.71
COMP_0228,2026-07,266852.03
COMP_0228,2026-08,32109.08
COMP_0229,2025-02,3755.94
COMP_0229,2025-03,3725.94
COMP_0229,2025-04,3695.94
COMP_0229,2025-05,3665.94
COMP_0229,2025-06,3592.31
COMP_0229,2025-07,3562.31
COMP_0229,2025-08,3532.31
COMP_0229,2025-09,3502.31
COMP_0229,2025-10,3472.31
COMP_0229,2025-11,3442.31
COMP_0229,2025-12,3412.31
COMP_0229,2026-01,3382.31
COMP_0229,2026-02,3352.31
COMP_0229,2026-03,3322.31
COMP_0229,2026-04,3292.31
COMP_0229,2026-05,3262.31
COMP_0229,2026-06,3232.31
COMP_0229,2026-07,3202.31
COMP_0229,2026-08,3172.31
COMP_0230,2026-02,216854.55
COMP_0230,2026-03,109883.28
COMP_0230,2026-04,107902.82
COMP_0230,2026-05,76638.38
COMP_0230,2026-06,68959.44
COMP_0230,2026-07,32880.4
COMP_0230,2026-08,28249.04
COMP_0231,2025-03,73177.36
COMP_0231,2025-04,168428.52
COMP_0231,2025-05,281628.1
COMP_0231,2025-06,156392.92
COMP_0231,2025-07,86488.24
COMP_0231,2025-08,295538.22
COMP_0231,2025-09,557425.2
COMP_0231,2025-10,817250.25
COMP_0231,2025-11,665658.8
COMP_0231,2025-12,778288.25
COMP_0231,2026-01,794608.5
COMP_0231,2026-02,787245.25
COMP_0231,2026-03,782642.1
COMP_0231,2026-04,833792.3
COMP_0231,2026-05,799972.3
COMP_0231,2026-06,783168.9
COMP_0231,2026-07,347981.38
COMP_0231,2026-08,33984.08
COMP_0232,2025-11,8067.96
COMP_0232,2025-12,18136.4
COMP_0232,2026-01,10734.88
COMP_0232,2026-02,338921
COMP_0232,2026-03,189086.42
COMP_0232,2026-04,93026.71
COMP_0232,2026-05,79240.7
COMP_0232,2026-06,62041.76
COMP_0232,2026-07,16585.14
COMP_0232,2026-08,7269.92
COMP_0233,2025-02,4.9203197e+08
COMP_0233,2025-03,9.3575757e+08
COMP_0233,2025-04,5.0614125e+08
COMP_0233,2025-05,5.4057805e+08
COMP_0233,2025-06,4.8882954e+08
COMP_0233,2025-07,4.901051e+08
COMP_0233,2025-08,7.451227e+08
COMP_0233,2025-09,5.645253e+08
COMP_0233,2025-10,5.9782605e+08
COMP_0233,2025-11,5.9842586e+08
COMP_0233,2025-12,7.2174246e+08
COMP_0233,2026-01,6.922342e+08
COMP_0233,2026-02,6.7362835e+08
COMP_0233,2026-03,7.351226e+08
COMP_0233,2026-04,9.217364e+08
COMP_0233,2026-05,8.554038e+08
COMP_0233,2026-06,3.7230768e+08
COMP_0233,2026-07,1.8439234e+08
COMP_0233,2026-08,7.014436e+07
COMP_0234,2025-02,772591.44
COMP_0234,2025-03,910436.56
COMP_0234,2025-04,2.196673e+06
COMP_0234,2025-05,1.9379489e+06
COMP_0234,2025-06,2.1731215e+06
COMP_0234,2025-07,1.8725758e+06
COMP_0234,2025-08,1.5685429e+06
COMP_0234,2025-09,2.1975918e+06
COMP_0234,2025-10,1.8899776e+06
COMP_0234,2025-11,1.3229408e+06
COMP_0234,2025-12,1.3717041e+06
COMP_0234,2026-01,1.1911354e+06
COMP_0234,2026-02,1.0395147e+06
COMP_0234,2026-03,571321.9
COMP_0234,2026-04,398657.12
COMP_0234,2026-05,329343.88
COMP_0234,2026-06,728829.8
COMP_0234,2026-07,643257.56
COMP_0234,2026-08,607170.56
COMP_0235,2025-02,1.0260443e+06
COMP_0235,2025-03,699656.75
COMP_0235,2025-04,925721.25
COMP_0235,2025-05,1.1224548e+06
COMP_0235,2025-06,1.5165701e+06
COMP_0235,2025-07,1.6952068e+06
COMP_0235,2025-08,1.4829779e+06
COMP_0235,2025-09,1.4016608e+06
COMP_0235,2025-10,1.4274885e+06
COMP_0235,2025-11,1.1794155e+06
COMP_0235,2025-12,1.89909e+06
COMP_0235,2026-01,1.4419464e+06
COMP_0235,2026-02,951528
COMP_0235,2026-03,1.0869775e+06
COMP_0235,2026-04,1.0890469e+06
COMP_0235,2026-05,1.3927472e+06
COMP_0235,2026-06,1.519005e+06
COMP_0235,2026-07,1.9696468e+06
COMP_0235,2026-08,2.2660902e+06
COMP_0236,2026-07,-426691.1
COMP_0236,2026-08,-744597.4
COMP_0237,2026-06,11983.3
COMP_0237,2026-07,459751.53
COMP_0237,2026-08,216913.84
COMP_0238,2026-05,78297.73
COMP_0238,2026-06,88370.53
COMP_0238,2026-07,20002.4
COMP_0238,2026-08,63192.01
COMP_0239,2025-02,124356.07
COMP_0239,2025-03,79607.5
COMP_0239,2025-04,203347.77
COMP_0239,2025-05,136877.66
COMP_0239,2025-06,56878.57
COMP_0239,2025-07,67548.17
COMP_0239,2025-08,28395.99
COMP_0239,2025-09,26361.24
COMP_0239,2025-10,142904.53
COMP_0239,2025-11,42890.51
COMP_0239,2025-12,41213.48
COMP_0239,2026-01,49270.56
COMP_0239,2026-02,34306.1
COMP_0239,2026-03,21889.46
COMP_0239,2026-04,13065.05
COMP_0239,2026-05,18948.58
COMP_0239,2026-06,31504.08
COMP_0239,2026-07,12113.7
COMP_0239,2026-08,24094.07
COMP_0240,2026-07,2.6561995e+06
COMP_0240,2026-08,2.834974e+06
COMP_0241,2025-02,7658.21
COMP_0241,2025-03,29112.01
COMP_0241,2025-04,55870.55
COMP_0241,2025-05,57053.3
COMP_0241,2025-06,78859.8
COMP_0241,2025-07,315745.2
COMP_0241,2025-08,296911.94
COMP_0241,2025-09,286841.28
COMP_0241,2025-10,274284.28
COMP_0241,2025-11,322937.06
COMP_0241,2025-12,310838.12
COMP_0241,2026-01,306688.5
COMP_0241,2026-02,351470.78
COMP_0241,2026-03,352673.78
COMP_0241,2026-04,348335.7
COMP_0241,2026-05,502680.75
COMP_0241,2026-06,658992.8
COMP_0241,2026-07,492517.9
COMP_0241,2026-08,698543.56
COMP_0242,2026-08,15099.12
COMP_0243,2025-09,4.954595e+06
COMP_0243,2025-10,5.151684e+06
COMP_0243,2025-11,5.7472425e+06
COMP_0243,2025-12,3.5218292e+06
COMP_0243,2026-01,2.1990735e+06
COMP_0243,2026-02,2.715715e+06
COMP_0243,2026-03,4.687603e+06
COMP_0243,2026-04,7.497533e+06
COMP_0243,2026-05,5.9763035e+06
COMP_0243,2026-06,8.492543e+06
COMP_0243,2026-07,5.496808e+06
COMP_0243,2026-08,4.335615e+06
COMP_0244,2025-02,57747.65
COMP_0244,2025-03,66723.96
COMP_0244,2025-04,55649.02
COMP_0244,2025-05,115878.85
COMP_0244,2025-06,60693.17
COMP_0244,2025-07,73211.47
COMP_0244,2025-08,159731.47
COMP_0244,2025-09,111434.66
COMP_0244,2025-10,43433.81
COMP_0244,2025-11,100383.09
COMP_0244,2025-12,135331.75
COMP_0244,2026-01,35794.89
COMP_0244,2026-02,39078.86
COMP_0244,2026-03,43051.98
COMP_0244,2026-04,12462.97
COMP_0244,2026-05,132005.05
COMP_0244,2026-06,64268
COMP_0244,2026-07,15689.77
COMP_0244,2026-08,39079.89
COMP_0245,2025-11,33032.98
COMP_0245,2025-12,44125.37
COMP_0245,2026-01,25775.93
COMP_0245,2026-02,36367.01
COMP_0245,2026-03,5865.48
COMP_0245,2026-04,31950.19
COMP_0245,2026-05,44673.73
COMP_0245,2026-06,57511.04
COMP_0245,2026-07,36298.19
COMP_0245,2026-08,43128.32
COMP_0246,2025-02,3.8273705e+06
COMP_0246,2025-03,4.285754e+06
COMP_0246,2025-04,4.907752e+06
COMP_0246,2025-05,5.4734445e+06
COMP_0246,2025-06,5.1524295e+06
COMP_0246,2025-07,4.42008e+06
COMP_0246,2025-08,5.583807e+06
COMP_0246,2025-09,4.196252e+06
COMP_0246,2025-10,3.4904178e+06
COMP_0246,2025-11,4.4043435e+06
COMP_0246,2025-12,6.3473505e+06
COMP_0246,2026-01,7.322856e+06
COMP_0246,2026-02,8.913231e+06
COMP_0246,2026-03,9.387362e+06
COMP_0246,2026-04,4.9861855e+06
COMP_0246,2026-05,5.4271445e+06
COMP_0246,2026-06,5.2045675e+06
COMP_0246,2026-07,4.0895568e+06
COMP_0246,2026-08,5.6580085e+06
COMP_0247,2025-03,360974.22
COMP_0247,2025-04,195852.12
COMP_0247,2025-05,115040.73
COMP_0247,2025-06,-28594.09
COMP_0247,2025-07,-113819.47
COMP_0247,2025-08,-35956.87
COMP_0247,2025-09,-122474.88
COMP_0247,2025-10,-147742.58
COMP_0247,2025-11,-150244.47
COMP_0247,2025-12,-3920.53
COMP_0247,2026-01,-35109.16
COMP_0247,2026-02,156994.33
COMP_0247,2026-03,126740.07
COMP_0247,2026-04,18116.09
COMP_0247,2026-05,-7910.47
COMP_0247,2026-06,-10554.51
COMP_0247,2026-07,209284.06
COMP_0247,2026-08,168622.44
COMP_0248,2025-06,34929.57
COMP_0248,2025-07,60098.81
COMP_0248,2025-08,83297.5
COMP_0248,2025-09,27159.74
COMP_0248,2025-10,87538.13
COMP_0248,2025-11,227171.75
COMP_0248,2025-12,33863.36
COMP_0248,2026-01,40403.23
COMP_0248,2026-02,96102.43
COMP_0248,2026-03,75483.28
COMP_0248,2026-04,27046.58
COMP_0248,2026-05,296886.16
COMP_0248,2026-06,58544.16
COMP_0248,2026-07,466012.47
COMP_0248,2026-08,325039.2
COMP_0249,2025-02,518404.1
COMP_0249,2025-03,506100.7
COMP_0249,2025-04,505706.28
COMP_0249,2025-05,497310.4
COMP_0249,2025-06,495984.12
COMP_0249,2025-07,495856.97
COMP_0249,2025-08,495213.06
COMP_0249,2025-09,495555.7
COMP_0249,2025-10,501582.12
COMP_0249,2025-11,503722.94
COMP_0249,2025-12,556493.56
COMP_0249,2026-01,691068.9
COMP_0249,2026-02,870724.75
COMP_0249,2026-03,1.061135e+06
COMP_0249,2026-04,1.379328e+06
COMP_0249,2026-05,1.6719342e+06
COMP_0249,2026-06,1.8536664e+06
COMP_0249,2026-07,979891.75
COMP_0249,2026-08,963944.25
COMP_0250,2025-02,52626.49
COMP_0250,2025-03,-28219.98
COMP_0250,2025-04,71707.38
COMP_0250,2025-05,60226.2
COMP_0250,2025-06,-20825.15
COMP_0250,2025-07,32687.51
COMP_0250,2025-08,65844.47
COMP_0250,2025-09,42510.66
COMP_0250,2025-10,37349.42
COMP_0250,2025-11,9418.08
COMP_0250,2025-12,-4283.68
COMP_0250,2026-01,77912.69
COMP_0250,2026-02,85468.09
COMP_0250,2026-03,40361.37
COMP_0250,2026-04,113867.62
COMP_0250,2026-05,82624.54
COMP_0250,2026-06,53852.58
COMP_0250,2026-07,108276.48
COMP_0250,2026-08,82017.41
COMP_0251,2026-01,50856.62
COMP_0251,2026-02,38644.32
COMP_0251,2026-03,40311.13
COMP_0251,2026-04,54568.33
COMP_0251,2026-05,36828.1
COMP_0251,2026-06,15473.91
COMP_0251,2026-07,26989.76
COMP_0251,2026-08,34261.99
COMP_0252,2026-05,-1.8559282e+07
COMP_0252,2026-06,-2.6121616e+07
COMP_0252,2026-07,-1.293371e+07
COMP_0252,2026-08,-2.4496848e+07
COMP_0253,2025-02,229131.05
COMP_0253,2025-03,54347.63
COMP_0253,2025-04,140986.06
COMP_0253,2025-05,98894.04
COMP_0253,2025-06,45812.18
COMP_0253,2025-07,20744.11
COMP_0253,2025-08,107180.16
COMP_0253,2025-09,77022.13
COMP_0253,2025-10,11798.74
COMP_0253,2025-11,434068.2
COMP_0253,2025-12,47994.87
COMP_0253,2026-01,34755.62
COMP_0253,2026-02,19620.44
COMP_0253,2026-03,25176.17
COMP_0253,2026-04,103425.86
COMP_0253,2026-05,92559.95
COMP_0253,2026-06,105564.02
COMP_0253,2026-07,143665.11
COMP_0253,2026-08,109977.93
COMP_0254,2025-02,-1.36175515e-11
COMP_0254,2025-03,-1.4527046e-11
COMP_0254,2025-04,5.844214e-12
COMP_0254,2025-05,6.6968653e-12
COMP_0254,2025-06,9.993784e-12
COMP_0254,2025-07,9.76641e-12
COMP_0254,2025-08,1.476863e-11
COMP_0254,2025-09,1.0903278e-11
COMP_0254,2025-10,9.141132e-12
COMP_0254,2025-11,5.0093263e-13
COMP_0254,2025-12,1.2967405e-12
COMP_0254,2026-01,-5.2331472e-12
COMP_0254,2026-02,-6.93845e-12
COMP_0254,2026-03,9.05942e-13
COMP_0254,2026-04,-3.11573e-12
COMP_0254,2026-05,-3.126388e-12
COMP_0254,2026-06,-3.2684966e-12
COMP_0254,2026-07,-2.6147973e-12
COMP_0254,2026-08,0
COMP_0255,2026-06,229462.03
COMP_0255,2026-07,219911.17
COMP_0255,2026-08,223389.95
COMP_0256,2025-09,1.1832852e+07
COMP_0256,2025-10,1.1403128e+07
COMP_0256,2025-11,1.2676535e+07
COMP_0256,2025-12,1.5056791e+07
COMP_0256,2026-01,1.5693305e+07
COMP_0256,2026-02,1.5692478e+07
COMP_0256,2026-03,1.609492e+07
COMP_0256,2026-04,1.7720768e+07
COMP_0256,2026-05,1.8676982e+07
COMP_0256,2026-06,1.8686814e+07
COMP_0256,2026-07,2.1279082e+07
COMP_0256,2026-08,2.1299182e+07
COMP_0257,2025-05,3.0715228e+06
COMP_0257,2025-06,3.1590842e+06
COMP_0257,2025-07,2.6089285e+06
COMP_0257,2025-08,3.0465282e+06
COMP_0257,2025-09,2.9108938e+06
COMP_0257,2025-10,2.7268638e+06
COMP_0257,2025-11,393656.66
COMP_0257,2025-12,538847.8
COMP_0257,2026-01,345513.34
COMP_0257,2026-02,527121.6
COMP_0257,2026-03,341402.12
COMP_0257,2026-04,176627.34
COMP_0257,2026-05,1.1879398e+06
COMP_0257,2026-06,1.1279644e+06
COMP_0257,2026-07,600900.56
COMP_0257,2026-08,1.8745142e+06
COMP_0258,2025-02,39044.48
COMP_0258,2025-03,35950.7
COMP_0258,2025-04,36937.35
COMP_0258,2025-05,40920.61
COMP_0258,2025-06,37599.42
COMP_0258,2025-07,54829
COMP_0258,2025-08,60888.38
COMP_0258,2025-09,60888.38
COMP_0258,2025-10,63544.38
COMP_0258,2025-11,59358.07
COMP_0258,2025-12,87850.18
COMP_0258,2026-01,74598.73
COMP_0258,2026-02,84801.98
COMP_0258,2026-03,80825.36
COMP_0258,2026-04,91451.47
COMP_0258,2026-05,63440.87
COMP_0258,2026-06,57677.21
COMP_0258,2026-07,69035.51
COMP_0258,2026-08,63291.76
COMP_0259,2025-02,533770.75
COMP_0259,2025-03,233899.06
COMP_0259,2025-04,326895.66
COMP_0259,2025-05,564407.56
COMP_0259,2025-06,151752.55
COMP_0259,2025-07,289290.1
COMP_0259,2025-08,513761
COMP_0259,2025-09,249565.06
COMP_0259,2025-10,390596.6
COMP_0259,2025-11,274232.38
COMP_0259,2025-12,23040.03
COMP_0259,2026-01,23040.03
COMP_0259,2026-02,23040.03
COMP_0259,2026-03,23040.03
COMP_0259,2026-04,23040.03
COMP_0259,2026-05,23040.03
COMP_0259,2026-06,23040.03
COMP_0259,2026-07,23040.03
COMP_0259,2026-08,23040.03
COMP_0260,2026-01,3809.17
COMP_0260,2026-02,3555.2
COMP_0260,2026-03,3284.93
COMP_0260,2026-04,3014.9
COMP_0260,2026-05,296229.22
COMP_0260,2026-06,2958.96
COMP_0260,2026-07,2396.69
COMP_0260,2026-08,3918.33
COMP_0261,2025-02,3.1917778e+06
COMP_0261,2025-03,677319.06
COMP_0261,2025-04,606967.2
COMP_0261,2025-05,182281.48
COMP_0261,2025-06,96438.75
COMP_0261,2025-07,239727.11
COMP_0261,2025-08,115126.69
COMP_0261,2025-09,104680.05
COMP_0261,2025-10,69577.95
COMP_0261,2025-11,69378.45
COMP_0261,2025-12,69378.45
COMP_0261,2026-01,0
COMP_0261,2026-02,0
COMP_0261,2026-03,0
COMP_0261,2026-04,0
COMP_0261,2026-05,0
COMP_0261,2026-06,0
COMP_0261,2026-07,0
COMP_0261,2026-08,0
COMP_0262,2025-10,1.7689328e+06
COMP_0262,2025-11,1.912616e+06
COMP_0262,2025-12,4.0748305e+06
COMP_0262,2026-01,4.57706e+06
COMP_0262,2026-02,5.3009275e+06
COMP_0262,2026-03,3.6648288e+06
COMP_0262,2026-04,4.908916e+06
COMP_0262,2026-05,5.2902325e+06
COMP_0262,2026-06,2.8882625e+06
COMP_0262,2026-07,2.1414908e+06
COMP_0262,2026-08,2.7671532e+06
COMP_0263,2025-02,29315.97
COMP_0263,2025-03,29422.4
COMP_0263,2025-04,26697.31
COMP_0263,2025-05,33262.43
COMP_0263,2025-06,38225.64
COMP_0263,2025-07,43337.35
COMP_0263,2025-08,42206.38
COMP_0263,2025-09,46304.44
COMP_0263,2025-10,45254.77
COMP_0263,2025-11,40197.12
COMP_0263,2025-12,49729.52
COMP_0263,2026-01,60156.9
COMP_0263,2026-02,58980.55
COMP_0263,2026-03,57696.34
COMP_0263,2026-04,78068.52
COMP_0263,2026-05,84344.48
COMP_0263,2026-06,84714.67
COMP_0263,2026-07,81144.19
COMP_0263,2026-08,81466.18
COMP_0264,2025-02,-6808.92
COMP_0264,2025-03,7354.46
COMP_0264,2025-04,7347.8
COMP_0264,2025-05,786.27
COMP_0264,2025-06,-805.81
COMP_0264,2025-07,-3013.21
COMP_0264,2025-08,8939.09
COMP_0264,2025-09,2174.76
COMP_0264,2025-10,10358.1
COMP_0264,2025-11,3783.42
COMP_0264,2025-12,10556.8
COMP_0264,2026-01,10565.06
COMP_0264,2026-02,10386.89
COMP_0264,2026-03,2050.03
COMP_0264,2026-04,16826.97
COMP_0264,2026-05,15021.62
COMP_0264,2026-06,9815.84
COMP_0264,2026-07,4142.06
COMP_0264,2026-08,3522.56
COMP_0265,2025-04,349288.4
COMP_0265,2025-05,312277.22
COMP_0265,2025-06,414681.38
COMP_0265,2025-07,344803.62
COMP_0265,2025-08,304458.66
COMP_0265,2025-09,149334.6
COMP_0265,2025-10,96565.29
COMP_0265,2025-11,29992.35
COMP_0265,2025-12,62636.32
COMP_0265,2026-01,84006.49
COMP_0265,2026-02,54694.15
COMP_0265,2026-03,33603.98
COMP_0265,2026-04,10047.67
COMP_0265,2026-05,10359.51
COMP_0265,2026-06,12565.41
COMP_0265,2026-07,13571.19
COMP_0265,2026-08,26929.07
COMP_0266,2025-02,49669.57
COMP_0266,2025-03,-33698.02
COMP_0266,2025-04,251111.81
COMP_0266,2025-05,-25656.76
COMP_0266,2025-06,-4351.92
COMP_0266,2025-07,-79915.81
COMP_0266,2025-08,-77211.58
COMP_0266,2025-09,7734.25
COMP_0266,2025-10,34359.23
COMP_0266,2025-11,43975.68
COMP_0266,2025-12,10757.9
COMP_0266,2026-01,147721.11
COMP_0266,2026-02,53492.03
COMP_0266,2026-03,49501.71
COMP_0266,2026-04,77641.69
COMP_0266,2026-05,44053.29
COMP_0266,2026-06,80831.89
COMP_0266,2026-07,61460.54
COMP_0266,2026-08,67619.17
COMP_0267,2025-02,15200.1
COMP_0267,2025-03,25717.49
COMP_0267,2025-04,13690.66
COMP_0267,2025-05,30267.23
COMP_0267,2025-06,16994.72
COMP_0267,2025-07,8982.58
COMP_0267,2025-08,16678.57
COMP_0267,2025-09,17003.7
COMP_0267,2025-10,28410.68
COMP_0267,2025-11,26097.31
COMP_0267,2025-12,10586.52
COMP_0267,2026-01,15241.32
COMP_0267,2026-02,28910.52
COMP_0267,2026-03,14218.72
COMP_0267,2026-04,13644.34
COMP_0267,2026-05,16208.58
COMP_0267,2026-06,20610.58
COMP_0267,2026-07,19443.65
COMP_0267,2026-08,22028.91
COMP_0268,2025-02,146886.5
COMP_0268,2025-03,390228.72
COMP_0268,2025-04,369430.62
COMP_0268,2025-05,419985.94
COMP_0268,2025-06,118922.57
COMP_0268,2025-07,181702.9
COMP_0268,2025-08,85161.93
COMP_0268,2025-09,154837.42
COMP_0268,2025-10,136558.3
COMP_0268,2025-11,2.1614128e+06
COMP_0268,2025-12,708127.25
COMP_0268,2026-01,979218.6
COMP_0268,2026-02,843294.1
COMP_0268,2026-03,952730.25
COMP_0268,2026-04,876815
COMP_0268,2026-05,663827.2
COMP_0268,2026-06,481274.66
COMP_0268,2026-07,434634.62
COMP_0268,2026-08,300679.84
COMP_0269,2025-05,1.1547682e+06
COMP_0269,2025-06,1.3072251e+06
COMP_0269,2025-07,1.3072251e+06
COMP_0269,2025-08,1.3072251e+06
COMP_0269,2025-09,1.3072251e+06
COMP_0269,2025-10,1.3072251e+06
COMP_0269,2025-11,1.3072251e+06
COMP_0269,2025-12,1.3072251e+06
COMP_0269,2026-01,1.3072251e+06
COMP_0269,2026-02,1.3072251e+06
COMP_0269,2026-03,1.3072251e+06
COMP_0269,2026-04,1.3072251e+06
COMP_0269,2026-05,1.3072251e+06
COMP_0269,2026-06,1.3072251e+06
COMP_0269,2026-07,1.3072251e+06
COMP_0269,2026-08,1.3072251e+06
COMP_0270,2026-08,92067.41
COMP_0271,2026-07,428650.28
COMP_0271,2026-08,374936.22
COMP_0272,2026-07,3747.27
COMP_0272,2026-08,891.31
COMP_0273,2025-02,44.37
COMP_0273,2025-03,32.27
COMP_0273,2025-04,4100.87
COMP_0273,2025-05,4088.27
COMP_0273,2025-06,3277.73
COMP_0273,2025-07,4898.11
COMP_0273,2025-08,4898.11
COMP_0273,2025-09,21804.21
COMP_0273,2025-10,15986.6
COMP_0273,2025-11,15973.92
COMP_0273,2025-12,128606.67
COMP_0273,2026-01,2515.51
COMP_0273,2026-02,1832.28
COMP_0273,2026-03,1726.33
COMP_0273,2026-04,1456.96
COMP_0273,2026-05,17456.46
COMP_0273,2026-06,7352.16
COMP_0273,2026-07,2352.16
COMP_0273,2026-08,2352.16
COMP_0274,2025-05,1.04563825e+06
COMP_0274,2025-06,1.0603421e+06
COMP_0274,2025-07,732883.8
COMP_0274,2025-08,687326.9
COMP_0274,2025-09,694272.25
COMP_0274,2025-10,812393.75
COMP_0274,2025-11,753667.3
COMP_0274,2025-12,728142.56
COMP_0274,2026-01,721522.9
COMP_0274,2026-02,611872.9
COMP_0274,2026-03,596705.9
COMP_0274,2026-04,568044.75
COMP_0274,2026-05,1.134794e+06
COMP_0274,2026-06,1.3868335e+06
COMP_0274,2026-07,465878.16
COMP_0274,2026-08,523877.78
COMP_0275,2026-05,1250.37
COMP_0275,2026-06,40272.64
COMP_0275,2026-07,59879.07
COMP_0275,2026-08,38650.34
COMP_0276,2026-06,2.901446e+08
COMP_0276,2026-07,-1.0225113e+08
COMP_0276,2026-08,1.7262112e+08
COMP_0277,2026-06,502301.12
COMP_0277,2026-07,371593.1
COMP_0277,2026-08,677312
COMP_0278,2025-02,-21400.21
COMP_0278,2025-03,-190163.19
COMP_0278,2025-04,-78495.86
COMP_0278,2025-05,-34765.26
COMP_0278,2025-06,144140.88
COMP_0278,2025-07,-41120.76
COMP_0278,2025-08,58023.88
COMP_0278,2025-09,175414.12
COMP_0278,2025-10,214608.05
COMP_0278,2025-11,210721.61
COMP_0278,2025-12,498678.8
COMP_0278,2026-01,99113.79
COMP_0278,2026-02,287437.3
COMP_0278,2026-03,416858.78
COMP_0278,2026-04,348015.7
COMP_0278,2026-05,345620.47
COMP_0278,2026-06,211238.17
COMP_0278,2026-07,257620.05
COMP_0278,2026-08,215217.4
COMP_0279,2025-02,6255.01
COMP_0279,2025-03,265181.3
COMP_0279,2025-04,93327.02
COMP_0279,2025-05,93331.06
COMP_0279,2025-06,54632.45
COMP_0279,2025-07,34900.27
COMP_0279,2025-08,34890.45
COMP_0279,2025-09,34881.48
COMP_0279,2025-10,34871.9
COMP_0279,2025-11,862.92
COMP_0279,2025-12,821.31
COMP_0279,2026-01,918.74
COMP_0279,2026-02,906.64
COMP_0279,2026-03,894.54
COMP_0279,2026-04,882.44
COMP_0279,2026-05,870.34
COMP_0279,2026-06,858.24
COMP_0279,2026-07,858.24
COMP_0279,2026-08,858.24
COMP_0280,2026-06,2.197351e+06
COMP_0280,2026-07,2.173357e+06
COMP_0280,2026-08,2.1878938e+06
COMP_0281,2025-12,70566.93
COMP_0281,2026-01,112114.69
COMP_0281,2026-02,69228.41
COMP_0281,2026-03,56553.1
COMP_0281,2026-04,53528.65
COMP_0281,2026-05,65400.22
COMP_0281,2026-06,65076.97
COMP_0281,2026-07,91215.88
COMP_0281,2026-08,105436.21
COMP_0282,2025-02,-2.0044494e+06
COMP_0282,2025-03,3.907186e+06
COMP_0282,2025-04,1.0001118e+07
COMP_0282,2025-05,5.7194055e+06
COMP_0282,2025-06,8.934841e+06
COMP_0282,2025-07,1.6370268e+07
COMP_0282,2025-08,6.816036e+06
COMP_0282,2025-09,8.513311e+06
COMP_0282,2025-10,8.1497855e+06
COMP_0282,2025-11,7.4257185e+06
COMP_0282,2025-12,2.5134916e+07
COMP_0282,2026-01,7.2215685e+06
COMP_0282,2026-02,1.5980212e+07
COMP_0282,2026-03,1.1349755e+07
COMP_0282,2026-04,1.3975304e+07
COMP_0282,2026-05,2.4262244e+07
COMP_0282,2026-06,1.3137528e+07
COMP_0282,2026-07,1.3465521e+07
COMP_0282,2026-08,7.4431515e+06
COMP_0283,2026-06,8.880898e+06
COMP_0283,2026-07,8.644742e+06
COMP_0283,2026-08,6.354708e+06
COMP_0284,2025-02,15157.33
COMP_0284,2025-03,15157.33
COMP_0284,2025-04,15157.33
COMP_0284,2025-05,15157.33
COMP_0284,2025-06,15014.79
COMP_0284,2025-07,15014.79
COMP_0284,2025-08,15014.79
COMP_0284,2025-09,14846.32
COMP_0284,2025-10,14846.32
COMP_0284,2025-11,14846.32
COMP_0284,2025-12,14846.32
COMP_0284,2026-01,114846.32
COMP_0284,2026-02,96575.32
COMP_0284,2026-03,72225.78
COMP_0284,2026-04,59730.93
COMP_0284,2026-05,40249.93
COMP_0284,2026-06,149898.34
COMP_0284,2026-07,2.8927535e+06
COMP_0284,2026-08,256282.58
COMP_0285,2025-02,1162.87
COMP_0285,2025-03,1162.87
COMP_0285,2025-04,1162.87
COMP_0285,2025-05,1646.87
COMP_0285,2025-06,1646.87
COMP_0285,2025-07,1646.87
COMP_0285,2025-08,1646.87
COMP_0285,2025-09,1646.87
COMP_0285,2025-10,1646.87
COMP_0285,2025-11,1646.87
COMP_0285,2025-12,1646.87
COMP_0285,2026-01,1646.87
COMP_0285,2026-02,1646.87
COMP_0285,2026-03,259.95
COMP_0285,2026-04,218.61
COMP_0285,2026-05,218.61
COMP_0285,2026-06,218.61
COMP_0285,2026-07,640.52
COMP_0285,2026-08,640.52
COMP_0286,2026-08,-30253.96
COMP_0287,2025-02,1.0507339e+06
COMP_0287,2025-03,458766.75
COMP_0287,2025-04,13710.34
COMP_0287,2025-05,5634.52
COMP_0287,2025-06,263967.56
COMP_0287,2025-07,79774.25
COMP_0287,2025-08,85909.79
COMP_0287,2025-09,161757.88
COMP_0287,2025-10,198904.48
COMP_0287,2025-11,645147.75
COMP_0287,2025-12,650090.7
COMP_0287,2026-01,800854.9
COMP_0287,2026-02,800839.9
COMP_0287,2026-03,789428.3
COMP_0287,2026-04,496227.84
COMP_0287,2026-05,133083.3
COMP_0287,2026-06,22458.46
COMP_0287,2026-07,22729.91
COMP_0287,2026-08,28239.06
COMP_0288,2025-02,69123.91
COMP_0288,2025-03,71791.24
COMP_0288,2025-04,82947.2
COMP_0288,2025-05,68983.39
COMP_0288,2025-06,65742.05
COMP_0288,2025-07,84433.55
COMP_0288,2025-08,227093.4
COMP_0288,2025-09,227128.3
COMP_0288,2025-10,226962.08
COMP_0288,2025-11,226997
COMP_0288,2025-12,227030.7
COMP_0288,2026-01,227065.56
COMP_0288,2026-02,227100.44
COMP_0288,2026-03,227100.44
COMP_0288,2026-04,227100.44
COMP_0288,2026-05,227100.44
COMP_0288,2026-06,227100.44
COMP_0288,2026-07,227100.44
COMP_0288,2026-08,227100.44
COMP_0289,2025-02,479177.44
COMP_0289,2025-03,300505.53
COMP_0289,2025-04,223065.45
COMP_0289,2025-05,152632.48
COMP_0289,2025-06,159757.27
COMP_0289,2025-07,213946.27
COMP_0289,2025-08,185965.8
COMP_0289,2025-09,88089.08
COMP_0289,2025-10,177714.16
COMP_0289,2025-11,102275.23
COMP_0289,2025-12,164599.95
COMP_0289,2026-01,174035.48
COMP_0289,2026-02,195006.48
COMP_0289,2026-03,200127.92
COMP_0289,2026-04,184870.1
COMP_0289,2026-05,230798.62
COMP_0289,2026-06,316887.7
COMP_0289,2026-07,489815.38
COMP_0289,2026-08,482159.62
COMP_0290,2025-12,189447.95
COMP_0290,2026-01,228994.42
COMP_0290,2026-02,264772.84
COMP_0290,2026-03,319054.8
COMP_0290,2026-04,347901.94
COMP_0290,2026-05,244590.58
COMP_0290,2026-06,107385.73
COMP_0290,2026-07,51863.05
COMP_0290,2026-08,83968.06
COMP_0291,2026-06,1.4838025e+06
COMP_0291,2026-07,1.3135284e+06
COMP_0291,2026-08,1.2043532e+06
COMP_0292,2026-06,1.2727022e+06
COMP_0292,2026-07,2.4870202e+06
COMP_0292,2026-08,82868.92
COMP_0293,2025-02,1.3234496e+06
COMP_0293,2025-03,1.3470396e+06
COMP_0293,2025-04,1.3469306e+06
COMP_0293,2025-05,1.3469306e+06
COMP_0293,2025-06,6.3469305e+06
COMP_0293,2025-07,155211.31
COMP_0293,2025-08,155211.31
COMP_0293,2025-09,155211.31
COMP_0293,2025-10,155211.31
COMP_0293,2025-11,155211.31
COMP_0293,2025-12,155211.31
COMP_0293,2026-01,155211.31
COMP_0293,2026-02,155211.31
COMP_0293,2026-03,155211.31
COMP_0293,2026-04,155211.31
COMP_0293,2026-05,155211.31
COMP_0293,2026-06,253912.2
COMP_0293,2026-07,253912.2
COMP_0293,2026-08,253912.2
COMP_0294,2025-07,72225.9
COMP_0294,2025-08,72225.9
COMP_0294,2025-09,70191.24
COMP_0294,2025-10,70161.24
COMP_0294,2025-11,70161.24
COMP_0294,2025-12,93161.98
COMP_0294,2026-01,89695.11
COMP_0294,2026-02,89695.11
COMP_0294,2026-03,92084.06
COMP_0294,2026-04,91277.9
COMP_0294,2026-05,90879.97
COMP_0294,2026-06,90879.97
COMP_0294,2026-07,90849.97
COMP_0294,2026-08,90437.28
COMP_0295,2026-07,74838.01
COMP_0295,2026-08,49368.58
COMP_0296,2025-12,3614.83
COMP_0296,2026-01,46649.75
COMP_0296,2026-02,37093.32
COMP_0296,2026-03,32026.58
COMP_0296,2026-04,11063.26
COMP_0296,2026-05,6361.41
COMP_0296,2026-06,515764.22
COMP_0296,2026-07,437687.34
COMP_0296,2026-08,430473.34
COMP_0297,2026-07,222900.7
COMP_0297,2026-08,170838.08
COMP_0298,2025-07,9291.76
COMP_0298,2025-08,11760.07
COMP_0298,2025-09,11059.12
COMP_0298,2025-10,5041.55
COMP_0298,2025-11,4379.81
COMP_0298,2025-12,3045.3
COMP_0298,2026-01,4101.54
COMP_0298,2026-02,4695.53
COMP_0298,2026-03,3096.46
COMP_0298,2026-04,23032.69
COMP_0298,2026-05,1962.09
COMP_0298,2026-06,4825.84
COMP_0298,2026-07,2624.34
COMP_0298,2026-08,1838.11
COMP_0299,2026-01,-166821.02
COMP_0299,2026-02,-315370.2
COMP_0299,2026-03,111978.26
COMP_0299,2026-04,229949.16
COMP_0299,2026-05,132696.55
COMP_0299,2026-06,438750.72
COMP_0299,2026-07,176987
COMP_0299,2026-08,111110.93
COMP_0300,2026-05,136610.5
COMP_0300,2026-06,162103.45
COMP_0300,2026-07,98813.15
COMP_0300,2026-08,95679.35
COMP_0301,2026-03,1.2053949e+06
COMP_0301,2026-04,1.3284486e+06
COMP_0301,2026-05,1.4703606e+06
COMP_0301,2026-06,1.49415e+06
COMP_0301,2026-07,1.6535376e+06
COMP_0301,2026-08,1.7416276e+06
COMP_0302,2026-07,1047.95
COMP_0302,2026-08,1824.9
COMP_0303,2026-06,-1.00840225e-10
COMP_0303,2026-07,-5.7070793e-11
COMP_0303,2026-08,0
COMP_0304,2025-12,171066.67
COMP_0304,2026-01,200114.23
COMP_0304,2026-02,158122.02
COMP_0304,2026-03,203985.19
COMP_0304,2026-04,230427.05
COMP_0304,2026-05,216557.23
COMP_0304,2026-06,187441.6
COMP_0304,2026-07,167423.08
COMP_0304,2026-08,326279.84
COMP_0305,2026-04,823880.3
COMP_0305,2026-05,814927.3
COMP_0305,2026-06,887073.56
COMP_0305,2026-07,289517.16
COMP_0305,2026-08,463998.4
COMP_0306,2025-05,1.5675876e+09
COMP_0306,2025-06,1.7059139e+09
COMP_0306,2025-07,9.803342e+08
COMP_0306,2025-08,1.1485121e+09
COMP_0306,2025-09,1.139145e+09
COMP_0306,2025-10,1.2155584e+09
COMP_0306,2025-11,1.2415478e+09
COMP_0306,2025-12,1.4622697e+09
COMP_0306,2026-01,1.9811743e+09
COMP_0306,2026-02,1.9221436e+09
COMP_0306,2026-03,2.5096164e+09
COMP_0306,2026-04,2.15675e+09
COMP_0306,2026-05,1.9526829e+09
COMP_0306,2026-06,2.4126277e+09
COMP_0306,2026-07,2.6228772e+09
COMP_0306,2026-08,1.2100105e+09
COMP_0307,2025-02,18890.64
COMP_0307,2025-03,7635.95
COMP_0307,2025-04,9119.54
COMP_0307,2025-05,14824.39
COMP_0307,2025-06,4270.02
COMP_0307,2025-07,18031.22
COMP_0307,2025-08,12099.15
COMP_0307,2025-09,11584.43
COMP_0307,2025-10,11584.43
COMP_0307,2025-11,11584.43
COMP_0307,2025-12,11584.43
COMP_0307,2026-01,11584.43
COMP_0307,2026-02,11584.43
COMP_0307,2026-03,11584.43
COMP_0307,2026-04,11584.43
COMP_0307,2026-05,11584.43
COMP_0307,2026-06,11584.43
COMP_0307,2026-07,11584.43
COMP_0307,2026-08,11584.43
COMP_0308,2025-02,442425.78
COMP_0308,2025-03,518353.88
COMP_0308,2025-04,711893.75
COMP_0308,2025-05,532084
COMP_0308,2025-06,613776.5
COMP_0308,2025-07,802102.5
COMP_0308,2025-08,724932.4
COMP_0308,2025-09,704132.5
COMP_0308,2025-10,929007.3
COMP_0308,2025-11,769602.5
COMP_0308,2025-12,1.2788891e+06
COMP_0308,2026-01,1.03542875e+06
COMP_0308,2026-02,462842.88
COMP_0308,2026-03,627996.6
COMP_0308,2026-04,1.0557198e+06
COMP_0308,2026-05,1.5098759e+06
COMP_0308,2026-06,1.0106207e+06
COMP_0308,2026-07,548880.4
COMP_0308,2026-08,537980.9
COMP_0309,2025-02,29051.06
COMP_0309,2025-03,26136.98
COMP_0309,2025-04,26411.89
COMP_0309,2025-05,32977.01
COMP_0309,2025-06,37940.22
COMP_0309,2025-07,43051.82
COMP_0309,2025-08,41920.85
COMP_0309,2025-09,46018.91
COMP_0309,2025-10,44969.24
COMP_0309,2025-11,39911.59
COMP_0309,2025-12,49445.18
COMP_0309,2026-01,59872.56
COMP_0309,2026-02,58696.21
COMP_0309,2026-03,57412
COMP_0309,2026-04,77784.18
COMP_0309,2026-05,84060.14
COMP_0309,2026-06,84430.33
COMP_0309,2026-07,80859.85
COMP_0309,2026-08,81181.84
COMP_0310,2025-02,4.5474735e-12
COMP_0310,2025-03,4.5474735e-12
COMP_0310,2025-04,2.728484e-12
COMP_0310,2025-05,2.728484e-12
COMP_0310,2025-06,2.728484e-12
COMP_0310,2025-07,3.8653525e-12
COMP_0310,2025-08,3.8653525e-12
COMP_0310,2025-09,3.8653525e-12
COMP_0310,2025-10,6.5938366e-12
COMP_0310,2025-11,4.774847e-12
COMP_0310,2025-12,1.1368684e-12
COMP_0310,2026-01,1.1368684e-12
COMP_0310,2026-02,0
COMP_0310,2026-03,0
COMP_0310,2026-04,0
COMP_0310,2026-05,0
COMP_0310,2026-06,0
COMP_0310,2026-07,0
COMP_0310,2026-08,0
COMP_0311,2026-01,479544.28
COMP_0311,2026-02,530101.5
COMP_0311,2026-03,334089.38
COMP_0311,2026-04,615258.75
COMP_0311,2026-05,800633.9
COMP_0311,2026-06,413722.56
COMP_0311,2026-07,835597.8
COMP_0311,2026-08,640355.25
COMP_0313,2025-02,117754.92
COMP_0313,2025-03,56199.23
COMP_0313,2025-04,46069.97
COMP_0313,2025-05,38937.4
COMP_0313,2025-06,116198.35
COMP_0313,2025-07,190071.77
COMP_0313,2025-08,150293.02
COMP_0313,2025-09,33668.56
COMP_0313,2025-10,124678.4
COMP_0313,2025-11,7.3694575e+06
COMP_0313,2025-12,5.004952e+06
COMP_0313,2026-01,3.2990085e+06
COMP_0313,2026-02,2.6547282e+06
COMP_0313,2026-03,2.5884648e+06
COMP_0313,2026-04,2.73804e+06
COMP_0313,2026-05,2.568385e+06
COMP_0313,2026-06,2.1310002e+06
COMP_0313,2026-07,1.7063865e+06
COMP_0313,2026-08,1.4148392e+06
COMP_0314,2025-02,333818.12
COMP_0314,2025-03,235723.16
COMP_0314,2025-04,123940.96
COMP_0314,2025-05,103114.97
COMP_0314,2025-06,97112.08
COMP_0314,2025-07,97212.94
COMP_0314,2025-08,183721.86
COMP_0314,2025-09,142284.1
COMP_0314,2025-10,90837.26
COMP_0314,2025-11,47085.58
COMP_0314,2025-12,193591.6
COMP_0314,2026-01,111443.18
COMP_0314,2026-02,146926.06
COMP_0314,2026-03,116429.56
COMP_0314,2026-04,54577.15
COMP_0314,2026-05,113821.38
COMP_0314,2026-06,95949.15
COMP_0314,2026-07,126161.93
COMP_0314,2026-08,129984.47
COMP_0315,2025-06,88460.7
COMP_0315,2025-07,88460.7
COMP_0315,2025-08,1362.48
COMP_0315,2025-09,1235.72
COMP_0315,2025-10,1235.72
COMP_0315,2025-11,1235.72
COMP_0315,2025-12,1167.86
COMP_0315,2026-01,1167.86
COMP_0315,2026-02,1167.86
COMP_0315,2026-03,1167.86
COMP_0315,2026-04,1150.05
COMP_0315,2026-05,897.64
COMP_0315,2026-06,16765.99
COMP_0315,2026-07,16663.01
COMP_0315,2026-08,16679.65
COMP_0316,2025-02,149586.28
COMP_0316,2025-03,7389.1
COMP_0316,2025-04,16853.56
COMP_0316,2025-05,3576.14
COMP_0316,2025-06,99375.61
COMP_0316,2025-07,33459.87
COMP_0316,2025-08,19544.54
COMP_0316,2025-09,4085.97
COMP_0316,2025-10,15586.31
COMP_0316,2025-11,3.0195224e-10
COMP_0316,2025-12,3.6152414e-11
COMP_0316,2026-01,2.8876457e-11
COMP_0316,2026-02,4.3428372e-11
COMP_0316,2026-03,2.16005e-11
COMP_0316,2026-04,2.5238478e-11
COMP_0316,2026-05,2.5238478e-11
COMP_0316,2026-06,2.5238478e-11
COMP_0316,2026-07,5207.97
COMP_0316,2026-08,6814.68
COMP_0317,2026-02,61613.53
COMP_0317,2026-03,61564.18
COMP_0317,2026-04,17387.78
COMP_0317,2026-05,16243.43
COMP_0317,2026-06,16203.43
COMP_0317,2026-07,15786.43
COMP_0317,2026-08,15742.63
COMP_0318,2025-06,53675.04
COMP_0318,2025-07,60900.85
COMP_0318,2025-08,98676.52
COMP_0318,2025-09,126074.82
COMP_0318,2025-10,51814.22
COMP_0318,2025-11,58893.94
COMP_0318,2025-12,69306.64
COMP_0318,2026-01,60683.17
COMP_0318,2026-02,66750.47
COMP_0318,2026-03,85197.2
COMP_0318,2026-04,61783.35
COMP_0318,2026-05,91621.26
COMP_0318,2026-06,73130.85
COMP_0318,2026-07,66281.05
COMP_0318,2026-08,112571.69
COMP_0319,2026-06,182577.44
COMP_0319,2026-07,744243
COMP_0319,2026-08,301035.3
COMP_0320,2026-06,86963.97
COMP_0320,2026-07,63582.19
COMP_0320,2026-08,32903.75
COMP_0321,2025-02,766926.3
COMP_0321,2025-03,1.0653176e+06
COMP_0321,2025-04,1.0242711e+06
COMP_0321,2025-05,1.2866091e+06
COMP_0321,2025-06,1.5804592e+06
COMP_0321,2025-07,1.3384268e+06
COMP_0321,2025-08,1.3495449e+06
COMP_0321,2025-09,1.714446e+06
COMP_0321,2025-10,1.5695668e+06
COMP_0321,2025-11,1.6705925e+06
COMP_0321,2025-12,2.106657e+06
COMP_0321,2026-01,2.0717811e+06
COMP_0321,2026-02,1.9174951e+06
COMP_0321,2026-03,1.2241726e+06
COMP_0321,2026-04,1.4779548e+06
COMP_0321,2026-05,1.6081881e+06
COMP_0321,2026-06,1.8226585e+06
COMP_0321,2026-07,1.9565024e+06
COMP_0321,2026-08,2.0203719e+06
COMP_0322,2025-03,764804.1
COMP_0322,2025-04,685629.06
COMP_0322,2025-05,718300.44
COMP_0322,2025-06,820077.56
COMP_0322,2025-07,758290
COMP_0322,2025-08,1.2309548e+06
COMP_0322,2025-09,362700
COMP_0322,2025-10,105094
COMP_0322,2025-11,197489.25
COMP_0322,2025-12,22968.94
COMP_0322,2026-01,19188.1
COMP_0322,2026-02,198853.77
COMP_0322,2026-03,94675.59
COMP_0322,2026-04,4046.28
COMP_0322,2026-05,13413.38
COMP_0322,2026-06,144379.45
COMP_0322,2026-07,207482.02
COMP_0322,2026-08,56329.42
COMP_0323,2026-06,760288.56
COMP_0323,2026-07,1.6626568e+06
COMP_0323,2026-08,1.4641732e+06
COMP_0324,2026-07,523412.62
COMP_0324,2026-08,740235.25
COMP_0325,2025-02,497.24
COMP_0325,2025-03,467.24
COMP_0325,2025-04,437.24
COMP_0325,2025-05,407.24
COMP_0325,2025-06,333.61
COMP_0325,2025-07,303.61
COMP_0325,2025-08,273.61
COMP_0325,2025-09,243.61
COMP_0325,2025-10,213.61
COMP_0325,2025-11,183.61
COMP_0325,2025-12,153.61
COMP_0325,2026-01,123.61
COMP_0325,2026-02,93.61
COMP_0325,2026-03,63.61
COMP_0325,2026-04,35.55
COMP_0325,2026-05,35.55
COMP_0325,2026-06,35.55
COMP_0325,2026-07,35.55
COMP_0325,2026-08,35.55
COMP_0326,2025-08,-114.79
COMP_0326,2025-09,-155940.39
COMP_0326,2025-10,-344721.9
COMP_0326,2025-11,23093.12
COMP_0326,2025-12,13.23
COMP_0326,2026-01,-400000
COMP_0326,2026-02,543.39
COMP_0326,2026-03,154154.84
COMP_0326,2026-04,-444609.16
COMP_0326,2026-05,-296789.44
COMP_0326,2026-06,-777260.6
COMP_0326,2026-07,-1.0944374e+06
COMP_0326,2026-08,-1.0995195e+06
COMP_0328,2026-06,79967.67
COMP_0328,2026-07,234006.38
COMP_0328,2026-08,241518.08
COMP_0329,2025-02,1.1727136e+06
COMP_0329,2025-03,1.3284296e+06
COMP_0329,2025-04,1.274234e+06
COMP_0329,2025-05,1.1715e+06
COMP_0329,2025-06,1.1514196e+06
COMP_0329,2025-07,1.2906116e+06
COMP_0329,2025-08,987846.6
COMP_0329,2025-09,1.3221794e+06
COMP_0329,2025-10,1.0954134e+06
COMP_0329,2025-11,1.3015539e+06
COMP_0329,2025-12,1.0877511e+06
COMP_0329,2026-01,999949.06
COMP_0329,2026-02,1.3089215e+06
COMP_0329,2026-03,1.4153444e+06
COMP_0329,2026-04,1.1088508e+06
COMP_0329,2026-05,686830.94
COMP_0329,2026-06,1.5145882e+06
COMP_0329,2026-07,776915.25
COMP_0329,2026-08,1.1419879e+06
COMP_0330,2025-06,1.1368684e-13
COMP_0330,2025-07,1.1368684e-13
COMP_0330,2025-08,1.1368684e-13
COMP_0330,2025-09,1.1368684e-13
COMP_0330,2025-10,5.684342e-14
COMP_0330,2025-11,1.7053026e-13
COMP_0330,2025-12,1.7053026e-13
COMP_0330,2026-01,1.7053026e-13
COMP_0330,2026-02,1.7053026e-13
COMP_0330,2026-03,4.5474735e-13
COMP_0330,2026-04,4.5474735e-13
COMP_0330,2026-05,0
COMP_0330,2026-06,1.1368684e-13
COMP_0330,2026-07,0
COMP_0330,2026-08,0
COMP_0331,2025-02,73182.62
COMP_0331,2025-03,26304.42
COMP_0331,2025-04,25762.62
COMP_0331,2025-05,25670.67
COMP_0331,2025-06,25670.67
COMP_0331,2025-07,25670.67
COMP_0331,2025-08,25739.8
COMP_0331,2025-09,25739.8
COMP_0331,2025-10,830.45
COMP_0331,2025-11,7471.62
COMP_0331,2025-12,7471.62
COMP_0331,2026-01,7176.07
COMP_0331,2026-02,7085.42
COMP_0331,2026-03,7085.42
COMP_0331,2026-04,7085.42
COMP_0331,2026-05,6995.42
COMP_0331,2026-06,6995.42
COMP_0331,2026-07,6995.42
COMP_0331,2026-08,6905.42
COMP_0332,2026-05,38844.85
COMP_0332,2026-06,36374.23
COMP_0332,2026-07,36730.47
COMP_0332,2026-08,39886.53
COMP_0333,2025-07,51609.29
COMP_0333,2025-08,191932.1
COMP_0333,2025-09,319926.44
COMP_0333,2025-10,813384.4
COMP_0333,2025-11,585456.7
COMP_0333,2025-12,1.0619241e+06
COMP_0333,2026-01,630280.4
COMP_0333,2026-02,146569.28
COMP_0333,2026-03,604768.44
COMP_0333,2026-04,1.1604936e+06
COMP_0333,2026-05,245516
COMP_0333,2026-06,97649.99
COMP_0333,2026-07,53622.94
COMP_0333,2026-08,2.2549525e+06
COMP_0334,2025-05,1.01675544e+06
COMP_0334,2025-06,608254.5
COMP_0334,2025-07,1.2582918e+06
COMP_0334,2025-08,630731.56
COMP_0334,2025-09,894725.1
COMP_0334,2025-10,378553.12
COMP_0334,2025-11,2.2302682e+06
COMP_0334,2025-12,601625.56
COMP_0334,2026-01,1.7269518e+06
COMP_0334,2026-02,1.6755602e+06
COMP_0334,2026-03,1.5893604e+06
COMP_0334,2026-04,1.4980476e+06
COMP_0334,2026-05,1.952434e+06
COMP_0334,2026-06,2.6214878e+06
COMP_0334,2026-07,2.1519428e+06
COMP_0334,2026-08,1.9501375e+06
COMP_0335,2026-02,1.7925385e+06
COMP_0335,2026-03,1.761949e+06
COMP_0335,2026-04,211655.53
COMP_0335,2026-05,797818.94
COMP_0335,2026-06,1.8360294e+06
COMP_0335,2026-07,1.8227716e+06
COMP_0335,2026-08,1.966231e+06
COMP_0336,2025-11,773547.9
COMP_0336,2025-12,1.5598726e+06
COMP_0336,2026-01,1.262761e+06
COMP_0336,2026-02,781826.3
COMP_0336,2026-03,622804.44
COMP_0336,2026-04,1.1713759e+06
COMP_0336,2026-05,267916.12
COMP_0336,2026-06,433120.75
COMP_0336,2026-07,125723.18
COMP_0336,2026-08,490499.12
COMP_0337,2025-02,1009.29
COMP_0337,2025-03,997.19
COMP_0337,2025-04,884.51
COMP_0337,2025-05,872.41
COMP_0337,2025-06,860.31
COMP_0337,2025-07,818.21
COMP_0337,2025-08,806.11
COMP_0337,2025-09,794.01
COMP_0337,2025-10,736.43
COMP_0337,2025-11,724.33
COMP_0337,2025-12,709.82
COMP_0337,2026-01,1826.6
COMP_0337,2026-02,1826.6
COMP_0337,2026-03,1826.6
COMP_0337,2026-04,1810.75
COMP_0337,2026-05,1810.75
COMP_0337,2026-06,1810.75
COMP_0337,2026-07,1810.75
COMP_0337,2026-08,1810.75
COMP_0338,2025-06,8.618883e-12
COMP_0338,2025-07,1.2541079e-11
COMP_0338,2025-08,1.2747137e-11
COMP_0338,2025-09,1.47935e-11
COMP_0338,2025-10,1.4338752e-11
COMP_0338,2025-11,1.7976731e-11
COMP_0338,2025-12,1.729461e-11
COMP_0338,2026-01,1.8239632e-11
COMP_0338,2026-02,1.26121336e-11
COMP_0338,2026-03,4.8956394e-12
COMP_0338,2026-04,6.032508e-12
COMP_0338,2026-05,6.714629e-12
COMP_0338,2026-06,1.4850343e-12
COMP_0338,2026-07,-5.8264504e-13
COMP_0338,2026-08,0
COMP_0339,2025-10,337346.72
COMP_0339,2025-11,283383.1
COMP_0339,2025-12,285261.4
COMP_0339,2026-01,326399.56
COMP_0339,2026-02,246820.03
COMP_0339,2026-03,414015.88
COMP_0339,2026-04,231510.38
COMP_0339,2026-05,102052.75
COMP_0339,2026-06,138165.94
COMP_0339,2026-07,23755.12
COMP_0339,2026-08,32877.66
COMP_0340,2025-02,1.5872264e+06
COMP_0340,2025-03,1.01777044e+06
COMP_0340,2025-04,627411.7
COMP_0340,2025-05,482893.16
COMP_0340,2025-06,411497.12
COMP_0340,2025-07,25387.08
COMP_0340,2025-08,18743.44
COMP_0340,2025-09,65499.47
COMP_0340,2025-10,18754.56
COMP_0340,2025-11,110028.48
COMP_0340,2025-12,151295.84
COMP_0340,2026-01,118335.78
COMP_0340,2026-02,187524.28
COMP_0340,2026-03,127062.56
COMP_0340,2026-04,116176.47
COMP_0340,2026-05,342458.72
COMP_0340,2026-06,2.4270808e+06
COMP_0340,2026-07,8.0661075e+06
COMP_0340,2026-08,8.165328e+06
COMP_0341,2025-02,1.712615e+07
COMP_0341,2025-03,1.4826877e+07
COMP_0341,2025-04,1.4979651e+07
COMP_0341,2025-05,1.4963763e+07
COMP_0341,2025-06,1.3935369e+07
COMP_0341,2025-07,1.1876769e+07
COMP_0341,2025-08,1.1088964e+07
COMP_0341,2025-09,1.0175572e+07
COMP_0341,2025-10,9.271003e+06
COMP_0341,2025-11,8.44202e+06
COMP_0341,2025-12,6.7197145e+06
COMP_0341,2026-01,2.5532725e+06
COMP_0341,2026-02,512382.16
COMP_0341,2026-03,285786.97
COMP_0341,2026-04,343437.97
COMP_0341,2026-05,343437.97
COMP_0341,2026-06,143321.03
COMP_0341,2026-07,143321.03
COMP_0341,2026-08,170946.94
COMP_0342,2025-03,112705.81
COMP_0342,2025-04,87957.93
COMP_0342,2025-05,96293.91
COMP_0342,2025-06,80168.7
COMP_0342,2025-07,171132.66
COMP_0342,2025-08,285541.62
COMP_0342,2025-09,122149.03
COMP_0342,2025-10,20222.23
COMP_0342,2025-11,22778
COMP_0342,2025-12,68417.43
COMP_0342,2026-01,68417.43
COMP_0342,2026-02,68417.43
COMP_0342,2026-03,68417.43
COMP_0342,2026-04,68417.43
COMP_0342,2026-05,68417.43
COMP_0342,2026-06,68417.43
COMP_0342,2026-07,68417.43
COMP_0342,2026-08,68417.43
COMP_0343,2025-06,9.356616e+06
COMP_0343,2025-07,1.2205547e+07
COMP_0343,2025-08,1.0680583e+07
COMP_0343,2025-09,9.992959e+06
COMP_0343,2025-10,1.4611487e+07
COMP_0343,2025-11,1.4611487e+07
COMP_0343,2025-12,1.4611487e+07
COMP_0343,2026-01,1.4611487e+07
COMP_0343,2026-02,1.4611487e+07
COMP_0343,2026-03,1.4611487e+07
COMP_0343,2026-04,1.4611487e+07
COMP_0343,2026-05,1.4611487e+07
COMP_0343,2026-06,1.4611487e+07
COMP_0343,2026-07,1.4611487e+07
COMP_0343,2026-08,1.4611487e+07
COMP_0344,2025-11,1.1711078e+06
COMP_0344,2025-12,681477.56
COMP_0344,2026-01,298304.06
COMP_0344,2026-02,195483.11
COMP_0344,2026-03,315384.9
COMP_0344,2026-04,261689.62
COMP_0344,2026-05,115173.87
COMP_0344,2026-06,-12667.08
COMP_0344,2026-07,113644.05
COMP_0344,2026-08,468691.2
COMP_0345,2026-06,54971.1
COMP_0345,2026-07,23647.94
COMP_0345,2026-08,24542.5
COMP_0346,2025-07,34837.4
COMP_0346,2025-08,34807.4
COMP_0346,2025-09,34683.2
COMP_0346,2025-10,34617.2
COMP_0346,2025-11,34617.2
COMP_0346,2025-12,34617.2
COMP_0346,2026-01,34581.2
COMP_0346,2026-02,34581.2
COMP_0346,2026-03,34581.2
COMP_0346,2026-04,34545.2
COMP_0346,2026-05,34545.2
COMP_0346,2026-06,34515.2
COMP_0346,2026-07,34449.2
COMP_0346,2026-08,34419.2
COMP_0347,2026-01,370752.53
COMP_0347,2026-02,336128.7
COMP_0347,2026-03,350039.66
COMP_0347,2026-04,308643.53
COMP_0347,2026-05,422159.62
COMP_0347,2026-06,402135.03
COMP_0347,2026-07,408760.78
COMP_0347,2026-08,446517.94
COMP_0348,2026-07,63874.6
COMP_0348,2026-08,63577.21
COMP_0349,2025-02,152058.69
COMP_0349,2025-03,98514.2
COMP_0349,2025-04,107297.2
COMP_0349,2025-05,139865.95
COMP_0349,2025-06,125936.34
COMP_0349,2025-07,184892.69
COMP_0349,2025-08,191857.44
COMP_0349,2025-09,196045.31
COMP_0349,2025-10,145881.88
COMP_0349,2025-11,124094.09
COMP_0349,2025-12,182756.33
COMP_0349,2026-01,120223.6
COMP_0349,2026-02,92826.32
COMP_0349,2026-03,71892.26
COMP_0349,2026-04,70935.68
COMP_0349,2026-05,55095.72
COMP_0349,2026-06,78224.25
COMP_0349,2026-07,126240.25
COMP_0349,2026-08,68923.49
COMP_0350,2025-10,-43671.94
COMP_0350,2025-11,-33734.75
COMP_0350,2025-12,-57651.72
COMP_0350,2026-01,-26673.61
COMP_0350,2026-02,-11141.95
COMP_0350,2026-03,40434.14
COMP_0350,2026-04,13289.99
COMP_0350,2026-05,52308.51
COMP_0350,2026-06,26380.87
COMP_0350,2026-07,33527.14
COMP_0350,2026-08,85587.69
COMP_0351,2026-06,1.4613255e+06
COMP_0351,2026-07,1.335779e+06
COMP_0351,2026-08,1.5736524e+06
COMP_0352,2026-05,88388.23
COMP_0352,2026-06,103927.87
COMP_0352,2026-07,154389.66
COMP_0352,2026-08,119802.87
COMP_0353,2026-05,2.4520456e+07
COMP_0353,2026-06,1.8431468e+07
COMP_0353,2026-07,6.2960465e+06
COMP_0353,2026-08,1.3176259e+06
COMP_0354,2025-02,2.341077e+06
COMP_0354,2025-03,1.9118985e+06
COMP_0354,2025-04,2.1023125e+06
COMP_0354,2025-05,1.8179e+06
COMP_0354,2025-06,1.7171164e+06
COMP_0354,2025-07,1.2281678e+06
COMP_0354,2025-08,1.2884608e+06
COMP_0354,2025-09,1.0056453e+06
COMP_0354,2025-10,1.9766161e+06
COMP_0354,2025-11,1.2719215e+06
COMP_0354,2025-12,710552.94
COMP_0354,2026-01,949286.6
COMP_0354,2026-02,1.00375925e+06
COMP_0354,2026-03,786056.3
COMP_0354,2026-04,669763.94
COMP_0354,2026-05,843511.06
COMP_0354,2026-06,1.6314528e+06
COMP_0354,2026-07,1.2293035e+06
COMP_0354,2026-08,1.7323091e+06
COMP_0355,2026-06,84677.74
COMP_0355,2026-07,86789.42
COMP_0355,2026-08,84677.75
COMP_0356,2025-08,-2.2124453e-09
COMP_0356,2025-09,-2.584997e-09
COMP_0356,2025-10,-3.1624126e-09
COMP_0356,2025-11,-1.981661e-09
COMP_0356,2025-12,-1.5159998e-09
COMP_0356,2026-01,-2.9129836e-09
COMP_0356,2026-02,-2.7080915e-09
COMP_0356,2026-03,-2.2424302e-09
COMP_0356,2026-04,-1.3783392e-09
COMP_0356,2026-05,-1.1175416e-10
COMP_0356,2026-06,-5.7741545e-10
COMP_0356,2026-07,4.656613e-10
COMP_0356,2026-08,0
COMP_0357,2025-02,120159.97
COMP_0357,2025-03,116460.93
COMP_0357,2025-04,100973.08
COMP_0357,2025-05,129741.42
COMP_0357,2025-06,142736.55
COMP_0357,2025-07,85399.37
COMP_0357,2025-08,118981.41
COMP_0357,2025-09,132788.92
COMP_0357,2025-10,96075.49
COMP_0357,2025-11,97690.1
COMP_0357,2025-12,115958.43
COMP_0357,2026-01,109171.37
COMP_0357,2026-02,114357.68
COMP_0357,2026-03,113734.66
COMP_0357,2026-04,95358.09
COMP_0357,2026-05,110742.01
COMP_0357,2026-06,120707.97
COMP_0357,2026-07,93571.68
COMP_0357,2026-08,191196.39
COMP_0358,2025-12,20963.39
COMP_0358,2026-01,14885.68
COMP_0358,2026-02,10885.42
COMP_0358,2026-03,10798.88
COMP_0358,2026-04,24957.04
COMP_0358,2026-05,25300.27
COMP_0358,2026-06,18897.49
COMP_0358,2026-07,11494.99
COMP_0358,2026-08,10864.85
COMP_0359,2025-02,59260.83
COMP_0359,2025-03,14805.44
COMP_0359,2025-04,67673.03
COMP_0359,2025-05,23267.12
COMP_0359,2025-06,75434.79
COMP_0359,2025-07,26128.56
COMP_0359,2025-08,86353.64
COMP_0359,2025-09,75518.9
COMP_0359,2025-10,127456.19
COMP_0359,2025-11,157495.02
COMP_0359,2025-12,137479.44
COMP_0359,2026-01,85284.35
COMP_0359,2026-02,57850.51
COMP_0359,2026-03,123203.63
COMP_0359,2026-04,82661.55
COMP_0359,2026-05,66880.87
COMP_0359,2026-06,36329.97
COMP_0359,2026-07,45908.51
COMP_0359,2026-08,72872.21
COMP_0360,2026-07,225530.94
COMP_0360,2026-08,259143.52
COMP_0361,2025-02,12235.52
COMP_0361,2025-03,7607.21
COMP_0361,2025-04,305415.03
COMP_0361,2025-05,137149.34
COMP_0361,2025-06,-1023.49
COMP_0361,2025-07,495997.56
COMP_0361,2025-08,296066.78
COMP_0361,2025-09,254880.02
COMP_0361,2025-10,46889.27
COMP_0361,2025-11,75950.67
COMP_0361,2025-12,-81920.35
COMP_0361,2026-01,72460.08
COMP_0361,2026-02,-168072.84
COMP_0361,2026-03,-90374.01
COMP_0361,2026-04,135464.48
COMP_0361,2026-05,233556.7
COMP_0361,2026-06,245792.56
COMP_0361,2026-07,271637.56
COMP_0361,2026-08,508510.8
COMP_0362,2025-02,105902.93
COMP_0362,2025-03,129898.18
COMP_0362,2025-04,87566.3
COMP_0362,2025-05,99445.44
COMP_0362,2025-06,107125.65
COMP_0362,2025-07,115907.44
COMP_0362,2025-08,60620.35
COMP_0362,2025-09,71268.51
COMP_0362,2025-10,104616.54
COMP_0362,2025-11,175797.77
COMP_0362,2025-12,130839.81
COMP_0362,2026-01,111812.36
COMP_0362,2026-02,96883.71
COMP_0362,2026-03,152177.55
COMP_0362,2026-04,899075.4
COMP_0362,2026-05,961568.75
COMP_0362,2026-06,108705.13
COMP_0362,2026-07,138398.45
COMP_0362,2026-08,66756.51
COMP_0363,2025-02,73559.76
COMP_0363,2025-03,25885.42
COMP_0363,2025-04,40687.61
COMP_0363,2025-05,733.98
COMP_0363,2025-06,37907.1
COMP_0363,2025-07,52664.41
COMP_0363,2025-08,93009.93
COMP_0363,2025-09,58095.11
COMP_0363,2025-10,16402.1
COMP_0363,2025-11,37972.95
COMP_0363,2025-12,54586.81
COMP_0363,2026-01,67522.88
COMP_0363,2026-02,34131.57
COMP_0363,2026-03,62950.42
COMP_0363,2026-04,70739.26
COMP_0363,2026-05,29684.44
COMP_0363,2026-06,56738.52
COMP_0363,2026-07,58018.79
COMP_0363,2026-08,101687.52
COMP_0364,2026-02,246242.05
COMP_0364,2026-03,238857.28
COMP_0364,2026-04,301626.72
COMP_0364,2026-05,408894.03
COMP_0364,2026-06,552163.7
COMP_0364,2026-07,648196.1
COMP_0364,2026-08,914891.94
COMP_0365,2026-05,719482.5
COMP_0365,2026-06,616547.44
COMP_0365,2026-07,495458.97
COMP_0365,2026-08,507249.84
COMP_0366,2026-06,620329.4
COMP_0366,2026-07,612153.06
COMP_0366,2026-08,-19088.19
COMP_0367,2025-02,5.839444e+06
COMP_0367,2025-03,6.087079e+06
COMP_0367,2025-04,6.2897235e+06
COMP_0367,2025-05,6.141853e+06
COMP_0367,2025-06,4.5381512e+07
COMP_0367,2025-07,4.5262892e+07
COMP_0367,2025-08,4.5484428e+07
COMP_0367,2025-09,8.698331e+06
COMP_0367,2025-10,6.218534e+06
COMP_0367,2025-11,6.2135995e+06
COMP_0367,2025-12,6.5889745e+06
COMP_0367,2026-01,6.2472345e+06
COMP_0367,2026-02,5.83593e+06
COMP_0367,2026-03,6.2168745e+06
COMP_0367,2026-04,5.4231565e+06
COMP_0367,2026-05,5.6391725e+06
COMP_0367,2026-06,5.174273e+06
COMP_0367,2026-07,4.8587175e+06
COMP_0367,2026-08,5.0064025e+06
COMP_0368,2025-02,46128.24
COMP_0368,2025-03,43474.17
COMP_0368,2025-04,52445.23
COMP_0368,2025-05,45150.7
COMP_0368,2025-06,43380.45
COMP_0368,2025-07,49401.37
COMP_0368,2025-08,69833.32
COMP_0368,2025-09,50369.29
COMP_0368,2025-10,48992.86
COMP_0368,2025-11,45846.13
COMP_0368,2025-12,53901.95
COMP_0368,2026-01,44883.35
COMP_0368,2026-02,30888.7
COMP_0368,2026-03,38362.43
COMP_0368,2026-04,33289.53
COMP_0368,2026-05,24580.73
COMP_0368,2026-06,16398.22
COMP_0368,2026-07,17570.91
COMP_0368,2026-08,-995.94
COMP_0369,2026-06,896314.8
COMP_0369,2026-07,568663.94
COMP_0369,2026-08,-145473.1
COMP_0370,2026-04,132823.55
COMP_0370,2026-05,323701.3
COMP_0370,2026-06,333310.12
COMP_0370,2026-07,314804.84
COMP_0370,2026-08,576385.75
COMP_0371,2026-06,82298.55
COMP_0371,2026-07,16949.52
COMP_0371,2026-08,59020.8
COMP_0372,2026-05,12286.19
COMP_0372,2026-06,3021.68
COMP_0372,2026-07,7252.29
COMP_0372,2026-08,10955.44
COMP_0373,2026-04,554487.8
COMP_0373,2026-05,351260.47
COMP_0373,2026-06,578806.06
COMP_0373,2026-07,1.1791611e+06
COMP_0373,2026-08,1.2932166e+06
COMP_0374,2026-04,201408.83
COMP_0374,2026-05,201121.25
COMP_0374,2026-06,260421.52
COMP_0374,2026-07,231332.25
COMP_0374,2026-08,455815.88
COMP_0375,2025-12,1080.49
COMP_0375,2026-01,5305.82
COMP_0375,2026-02,980.51
COMP_0375,2026-03,7229.86
COMP_0375,2026-04,4706.03
COMP_0375,2026-05,19759.11
COMP_0375,2026-06,7752.55
COMP_0375,2026-07,3527.97
COMP_0375,2026-08,9165.72
COMP_0376,2025-12,2.011175e+06
COMP_0376,2026-01,2.250267e+06
COMP_0376,2026-02,2.577388e+06
COMP_0376,2026-03,2.516919e+06
COMP_0376,2026-04,2.6365275e+06
COMP_0376,2026-05,2.946039e+06
COMP_0376,2026-06,3.4112472e+06
COMP_0376,2026-07,3.6609765e+06
COMP_0376,2026-08,3.9027278e+06
COMP_0377,2026-04,12454.23
COMP_0377,2026-05,84569.86
COMP_0377,2026-06,82310.88
COMP_0377,2026-07,85690.95
COMP_0377,2026-08,80370.85
COMP_0378,2026-05,112006.07
COMP_0378,2026-06,152741.61
COMP_0378,2026-07,90894.01
COMP_0378,2026-08,146263.4
COMP_0379,2025-02,65965.7
COMP_0379,2025-03,21237.27
COMP_0379,2025-04,43317.03
COMP_0379,2025-05,20747.83
COMP_0379,2025-06,19384.49
COMP_0379,2025-07,20159.32
COMP_0379,2025-08,31390.27
COMP_0379,2025-09,50434.99
COMP_0379,2025-10,27477.8
COMP_0379,2025-11,9965.96
COMP_0379,2025-12,99142.89
COMP_0379,2026-01,72333.11
COMP_0379,2026-02,14210.91
COMP_0379,2026-03,92893.09
COMP_0379,2026-04,83856.2
COMP_0379,2026-05,88879.01
COMP_0379,2026-06,88879.01
COMP_0379,2026-07,88879.01
COMP_0379,2026-08,88879.01
COMP_0380,2025-07,46236.14
COMP_0380,2025-08,35976.29
COMP_0380,2025-09,33710.75
COMP_0380,2025-10,32952.99
COMP_0380,2025-11,33054.04
COMP_0380,2025-12,33054.04
COMP_0380,2026-01,33054.04
COMP_0380,2026-02,33054.04
COMP_0380,2026-03,33054.04
COMP_0380,2026-04,33054.04
COMP_0380,2026-05,32454.76
COMP_0380,2026-06,32454.76
COMP_0380,2026-07,12454.76
COMP_0380,2026-08,12454.76
COMP_0381,2025-03,186974.77
COMP_0381,2025-04,58437.76
COMP_0381,2025-05,83218.22
COMP_0381,2025-06,107744.29
COMP_0381,2025-07,98105.85
COMP_0381,2025-08,44204.13
COMP_0381,2025-09,221201.44
COMP_0381,2025-10,133737.4
COMP_0381,2025-11,80778.16
COMP_0381,2025-12,132134.72
COMP_0381,2026-01,304576.4
COMP_0381,2026-02,215546.94
COMP_0381,2026-03,328296.38
COMP_0381,2026-04,98003.02
COMP_0381,2026-05,67822.43
COMP_0381,2026-06,117319.58
COMP_0381,2026-07,299864.56
COMP_0381,2026-08,391398.25
COMP_0382,2025-09,126.39
COMP_0382,2025-10,114.29
COMP_0382,2025-11,102.19
COMP_0382,2025-12,90.09
COMP_0382,2026-01,77.99
COMP_0382,2026-02,65.89
COMP_0382,2026-03,50.79
COMP_0382,2026-04,284.59
COMP_0382,2026-05,272.49
COMP_0382,2026-06,260.39
COMP_0382,2026-07,248.29
COMP_0382,2026-08,236.19
COMP_0383,2025-02,140125.78
COMP_0383,2025-03,126404.95
COMP_0383,2025-04,140906.6
COMP_0383,2025-05,105436.51
COMP_0383,2025-06,70530.23
COMP_0383,2025-07,159529.67
COMP_0383,2025-08,142449.33
COMP_0383,2025-09,123033.36
COMP_0383,2025-10,158032.8
COMP_0383,2025-11,135549.48
COMP_0383,2025-12,112125.38
COMP_0383,2026-01,94320.52
COMP_0383,2026-02,108324.95
COMP_0383,2026-03,143381.86
COMP_0383,2026-04,151863.27
COMP_0383,2026-05,112383.92
COMP_0383,2026-06,179539.92
COMP_0383,2026-07,257093.12
COMP_0383,2026-08,362016.2
COMP_0384,2025-02,76177.25
COMP_0384,2025-03,222368.39
COMP_0384,2025-04,137034.1
COMP_0384,2025-05,173930.88
COMP_0384,2025-06,206186.7
COMP_0384,2025-07,73660.96
COMP_0384,2025-08,64038.67
COMP_0384,2025-09,48869.26
COMP_0384,2025-10,104547.74
COMP_0384,2025-11,108524.38
COMP_0384,2025-12,92771.77
COMP_0384,2026-01,114956.77
COMP_0384,2026-02,151132.56
COMP_0384,2026-03,90823.62
COMP_0384,2026-04,22717.07
COMP_0384,2026-05,85220.03
COMP_0384,2026-06,10348.52
COMP_0384,2026-07,51382.2
COMP_0384,2026-08,47225.06
COMP_0385,2025-10,3.7014318e+06
COMP_0385,2025-11,3.1617288e+06
COMP_0385,2025-12,1.1614904e+06
COMP_0385,2026-01,1.7298605e+06
COMP_0385,2026-02,1.2891602e+06
COMP_0385,2026-03,1.1595078e+06
COMP_0385,2026-04,343005.44
COMP_0385,2026-05,967070.5
COMP_0385,2026-06,199622.86
COMP_0385,2026-07,1.1665575e+06
COMP_0385,2026-08,339288.97
COMP_0386,2025-12,6732.29
COMP_0386,2026-01,6636
COMP_0386,2026-02,4187.24
COMP_0386,2026-03,4127.24
COMP_0386,2026-04,3643.88
COMP_0386,2026-05,3591.29
COMP_0386,2026-06,1835.95
COMP_0386,2026-07,207.88
COMP_0386,2026-08,6803.8
COMP_0387,2025-05,5.981764e+06
COMP_0387,2025-06,5.3205535e+06
COMP_0387,2025-07,4.078914e+06
COMP_0387,2025-08,4.1650268e+06
COMP_0387,2025-09,1.4358705e+06
COMP_0387,2025-10,1.0453475e+06
COMP_0387,2025-11,1.4497549e+06
COMP_0387,2025-12,4.1578415e+06
COMP_0387,2026-01,3.3671595e+06
COMP_0387,2026-02,3.1376115e+06
COMP_0387,2026-03,551714.44
COMP_0387,2026-04,400253.03
COMP_0387,2026-05,966947.44
COMP_0387,2026-06,290510.66
COMP_0387,2026-07,482791.2
COMP_0387,2026-08,297363.66
COMP_0388,2025-02,673159.75
COMP_0388,2025-03,692996.56
COMP_0388,2025-04,629642.2
COMP_0388,2025-05,516554.62
COMP_0388,2025-06,428657.78
COMP_0388,2025-07,450640.84
COMP_0388,2025-08,398148.62
COMP_0388,2025-09,483017.72
COMP_0388,2025-10,1.3482166e+06
COMP_0388,2025-11,639246.9
COMP_0388,2025-12,1.0619605e+06
COMP_0388,2026-01,551972.6
COMP_0388,2026-02,471925.62
COMP_0388,2026-03,1.2176608e+06
COMP_0388,2026-04,800153.44
COMP_0388,2026-05,387867.94
COMP_0388,2026-06,722838.5
COMP_0388,2026-07,495802.22
COMP_0388,2026-08,1.5528918e+06
COMP_0389,2025-09,992706
COMP_0389,2025-10,672311
COMP_0389,2025-11,866705.25
COMP_0389,2025-12,795052
COMP_0389,2026-01,596961.75
COMP_0389,2026-02,701566.6
COMP_0389,2026-03,666480.75
COMP_0389,2026-04,1.0226397e+06
COMP_0389,2026-05,1.3403498e+06
COMP_0389,2026-06,1.2091206e+06
COMP_0389,2026-07,790898.5
COMP_0389,2026-08,940797.25
COMP_0390,2025-06,15600.82
COMP_0390,2025-07,15468.82
COMP_0390,2025-08,14389.56
COMP_0390,2025-09,13428.3
COMP_0390,2025-10,20636.18
COMP_0390,2025-11,15236.66
COMP_0390,2025-12,15021.01
COMP_0390,2026-01,13945.25
COMP_0390,2026-02,12983.99
COMP_0390,2026-03,10008.74
COMP_0390,2026-04,8828.04
COMP_0390,2026-05,8654.54
COMP_0390,2026-06,4847.64
COMP_0390,2026-07,3670.44
COMP_0390,2026-08,2493.24
COMP_0391,2026-06,292976.84
COMP_0391,2026-07,145047.34
COMP_0391,2026-08,128268
COMP_0392,2025-06,112792.5
COMP_0392,2025-07,162882.97
COMP_0392,2025-08,156057.38
COMP_0392,2025-09,174303
COMP_0392,2025-10,237019.73
COMP_0392,2025-11,287056.94
COMP_0392,2025-12,330560.88
COMP_0392,2026-01,299513.38
COMP_0392,2026-02,396025.56
COMP_0392,2026-03,476122.62
COMP_0392,2026-04,435865.62
COMP_0392,2026-05,453677.38
COMP_0392,2026-06,514223.47
COMP_0392,2026-07,535963.1
COMP_0392,2026-08,569831.44
COMP_0393,2026-03,-305444.03
COMP_0393,2026-04,-286862.44
COMP_0393,2026-05,-261584.44
COMP_0393,2026-06,-327827.47
COMP_0393,2026-07,-178619.48
COMP_0393,2026-08,-316858.12
COMP_0394,2026-03,112410.84
COMP_0394,2026-04,105410.35
COMP_0394,2026-05,167821.16
COMP_0394,2026-06,196356.72
COMP_0394,2026-07,235559.48
COMP_0394,2026-08,175361.14
COMP_0395,2025-02,90521.29
COMP_0395,2025-03,91513.86
COMP_0395,2025-04,91437.95
COMP_0395,2025-05,95224.93
COMP_0395,2025-06,95860.65
COMP_0395,2025-07,75932.73
COMP_0395,2025-08,27596.59
COMP_0395,2025-09,59711.75
COMP_0395,2025-10,50301.02
COMP_0395,2025-11,257397.66
COMP_0395,2025-12,172263.48
COMP_0395,2026-01,161456.22
COMP_0395,2026-02,162933.81
COMP_0395,2026-03,174995.42
COMP_0395,2026-04,125956.04
COMP_0395,2026-05,242517.69
COMP_0395,2026-06,164272.88
COMP_0395,2026-07,163748.3
COMP_0395,2026-08,142359.12
COMP_0396,2025-02,102211.54
COMP_0396,2025-03,13765.1
COMP_0396,2025-04,75418.12
COMP_0396,2025-05,98060.88
COMP_0396,2025-06,126494.29
COMP_0396,2025-07,82296.5
COMP_0396,2025-08,92115.86
COMP_0396,2025-09,25971.3
COMP_0396,2025-10,69992.8
COMP_0396,2025-11,88489.57
COMP_0396,2025-12,103297.35
COMP_0396,2026-01,91348.05
COMP_0396,2026-02,89300.13
COMP_0396,2026-03,22881.31
COMP_0396,2026-04,82026.59
COMP_0396,2026-05,111734.62
COMP_0396,2026-06,141739.61
COMP_0396,2026-07,90565.66
COMP_0396,2026-08,122355.43
COMP_0397,2025-08,54550.07
COMP_0397,2025-09,42002.85
COMP_0397,2025-10,150.92
COMP_0397,2025-11,15962.52
COMP_0397,2025-12,56628.54
COMP_0397,2026-01,40298.46
COMP_0397,2026-02,73215.28
COMP_0397,2026-03,64305.74
COMP_0397,2026-04,61765.09
COMP_0397,2026-05,58695.2
COMP_0397,2026-06,36649.94
COMP_0397,2026-07,44663.1
COMP_0397,2026-08,64829.11
COMP_0398,2025-06,9561.81
COMP_0398,2025-07,9634.16
COMP_0398,2025-08,22338.09
COMP_0398,2025-09,16298.74
COMP_0398,2025-10,21368.78
COMP_0398,2025-11,13993.42
COMP_0398,2025-12,12094.43
COMP_0398,2026-01,10901.57
COMP_0398,2026-02,7466.09
COMP_0398,2026-03,5785.69
COMP_0398,2026-04,5402.9
COMP_0398,2026-05,4.47
COMP_0398,2026-06,4.47
COMP_0398,2026-07,4.47
COMP_0398,2026-08,4.47
COMP_0399,2025-02,65811.64
COMP_0399,2025-03,81137.75
COMP_0399,2025-04,100646.02
COMP_0399,2025-05,150915.52
COMP_0399,2025-06,183833.06
COMP_0399,2025-07,132400.14
COMP_0399,2025-08,205656.6
COMP_0399,2025-09,131240.16
COMP_0399,2025-10,169159.84
COMP_0399,2025-11,122725.82
COMP_0399,2025-12,97210.63
COMP_0399,2026-01,59523.53
COMP_0399,2026-02,68270.95
COMP_0399,2026-03,105940.59
COMP_0399,2026-04,83460.62
COMP_0399,2026-05,110850.27
COMP_0399,2026-06,102253.16
COMP_0399,2026-07,157772
COMP_0399,2026-08,194121.52
COMP_0400,2025-02,1.229941e+06
COMP_0400,2025-03,1.0502779e+06
COMP_0400,2025-04,2.333473e+06
COMP_0400,2025-05,2.1115888e+06
COMP_0400,2025-06,380105.75
COMP_0400,2025-07,380677.66
COMP_0400,2025-08,375769.88
COMP_0400,2025-09,305826.25
COMP_0400,2025-10,403681.66
COMP_0400,2025-11,487317.4
COMP_0400,2025-12,346780.22
COMP_0400,2026-01,678068.4
COMP_0400,2026-02,662038.75
COMP_0400,2026-03,678749.75
COMP_0400,2026-04,769175.56
COMP_0400,2026-05,842422.3
COMP_0400,2026-06,805647.56
COMP_0400,2026-07,728529.75
COMP_0400,2026-08,719668.7
COMP_0401,2026-02,14511.2
COMP_0401,2026-03,-9742.46
COMP_0401,2026-04,-48838.87
COMP_0401,2026-05,125051.4
COMP_0401,2026-06,25476.26
COMP_0401,2026-07,183218
COMP_0401,2026-08,28779.9
COMP_0402,2025-10,344634.3
COMP_0402,2025-11,627912.2
COMP_0402,2025-12,359268.22
COMP_0402,2026-01,334606.7
COMP_0402,2026-02,340321.53
COMP_0402,2026-03,297658
COMP_0402,2026-04,342240.38
COMP_0402,2026-05,375121.56
COMP_0402,2026-06,330073.53
COMP_0402,2026-07,352993.12
COMP_0402,2026-08,568593
COMP_0403,2026-03,114094.85
COMP_0403,2026-04,78275.19
COMP_0403,2026-05,91028.71
COMP_0403,2026-06,90998.71
COMP_0403,2026-07,90968.71
COMP_0403,2026-08,90938.71
COMP_0404,2025-03,280588.47
COMP_0404,2025-04,377652.62
COMP_0404,2025-05,650867.5
COMP_0404,2025-06,475673.88
COMP_0404,2025-07,553677.56
COMP_0404,2025-08,539678.6
COMP_0404,2025-09,289665.53
COMP_0404,2025-10,245983.1
COMP_0404,2025-11,596237.7
COMP_0404,2025-12,658866.7
COMP_0404,2026-01,1.0864942e+06
COMP_0404,2026-02,423886.16
COMP_0404,2026-03,1.0419344e+06
COMP_0404,2026-04,1.3697546e+06
COMP_0404,2026-05,1.7495748e+06
COMP_0404,2026-06,510016.4
COMP_0404,2026-07,114087.41
COMP_0404,2026-08,601132.2
COMP_0405,2025-02,20331.19
COMP_0405,2025-03,20236.21
COMP_0405,2025-04,24466.45
COMP_0405,2025-05,20455.12
COMP_0405,2025-06,19859.43
COMP_0405,2025-07,20235.5
COMP_0405,2025-08,3267.55
COMP_0405,2025-09,7808.01
COMP_0405,2025-10,10238.13
COMP_0405,2025-11,21868.93
COMP_0405,2025-12,749.42
COMP_0405,2026-01,20727.3
COMP_0405,2026-02,1306.41
COMP_0405,2026-03,2171.1
COMP_0405,2026-04,16108.63
COMP_0405,2026-05,1277.64
COMP_0405,2026-06,5302.99
COMP_0405,2026-07,1669.66
COMP_0405,2026-08,64.95
COMP_0406,2026-06,1.1037801e+06
COMP_0406,2026-07,1.7563139e+06
COMP_0406,2026-08,857780.5
COMP_0407,2025-06,6968.36
COMP_0407,2025-07,17298.1
COMP_0407,2025-08,8388.12
COMP_0407,2025-09,12997.28
COMP_0407,2025-10,4547.21
COMP_0407,2025-11,7829.65
COMP_0407,2025-12,25281.56
COMP_0407,2026-01,15689.81
COMP_0407,2026-02,13340.56
COMP_0407,2026-03,6633.28
COMP_0407,2026-04,6964.71
COMP_0407,2026-05,5408.16
COMP_0407,2026-06,7446.78
COMP_0407,2026-07,33752.66
COMP_0407,2026-08,4610.11
COMP_0408,2026-07,53971.1
COMP_0408,2026-08,52760.06
COMP_0409,2026-06,887774.06
COMP_0409,2026-07,1.1840481e+06
COMP_0409,2026-08,630338.8
COMP_0410,2025-02,24911.64
COMP_0410,2025-03,26836.48
COMP_0410,2025-04,35117.23
COMP_0410,2025-05,67905.86
COMP_0410,2025-06,51857.11
COMP_0410,2025-07,33921.23
COMP_0410,2025-08,65832.47
COMP_0410,2025-09,44066.02
COMP_0410,2025-10,13253.72
COMP_0410,2025-11,137750.64
COMP_0410,2025-12,78584.9
COMP_0410,2026-01,58220.2
COMP_0410,2026-02,36450.17
COMP_0410,2026-03,16018.32
COMP_0410,2026-04,45520.38
COMP_0410,2026-05,13415.52
COMP_0410,2026-06,44208.59
COMP_0410,2026-07,24465.66
COMP_0410,2026-08,5750.78
COMP_0411,2025-02,57269.41
COMP_0411,2025-03,57269.41
COMP_0411,2025-04,57269.41
COMP_0411,2025-05,57540.49
COMP_0411,2025-06,57341.52
COMP_0411,2025-07,57342.03
COMP_0411,2025-08,57375.77
COMP_0411,2025-09,57502.26
COMP_0411,2025-10,-223.68
COMP_0411,2025-11,18.21
COMP_0411,2025-12,7686.13
COMP_0411,2026-01,64.78
COMP_0411,2026-02,42.31
COMP_0411,2026-03,35.89
COMP_0411,2026-04,393.83
COMP_0411,2026-05,10873.79
COMP_0411,2026-06,11414.95
COMP_0411,2026-07,359.13
COMP_0411,2026-08,219.04
COMP_0412,2025-02,53735.5
COMP_0412,2025-03,26074.27
COMP_0412,2025-04,38612.66
COMP_0412,2025-05,59300.82
COMP_0412,2025-06,35835.07
COMP_0412,2025-07,30358.41
COMP_0412,2025-08,28758.93
COMP_0412,2025-09,32420.27
COMP_0412,2025-10,11071.56
COMP_0412,2025-11,7657.51
COMP_0412,2025-12,36546.86
COMP_0412,2026-01,26046.12
COMP_0412,2026-02,1.3360351e+06
COMP_0412,2026-03,26517.35
COMP_0412,2026-04,11129.15
COMP_0412,2026-05,16140.4
COMP_0412,2026-06,24010.11
COMP_0412,2026-07,12627.8
COMP_0412,2026-08,21095.42
COMP_0413,2026-06,260927.02
COMP_0413,2026-07,413230.88
COMP_0413,2026-08,364718.12
COMP_0414,2025-07,919542.75
COMP_0414,2025-08,771929.94
COMP_0414,2025-09,654613.06
COMP_0414,2025-10,934158.8
COMP_0414,2025-11,889430.75
COMP_0414,2025-12,495199.12
COMP_0414,2026-01,269235.1
COMP_0414,2026-02,345070.7
COMP_0414,2026-03,501970.78
COMP_0414,2026-04,1.3442655e+06
COMP_0414,2026-05,1.2806938e+06
COMP_0414,2026-06,834902.1
COMP_0414,2026-07,1.4048994e+06
COMP_0414,2026-08,625194.3
COMP_0416,2026-03,152801.5
COMP_0416,2026-04,157989.23
COMP_0416,2026-05,187141.02
COMP_0416,2026-06,59927.34
COMP_0416,2026-07,61305.73
COMP_0416,2026-08,64998.74
COMP_0417,2025-06,36083.83
COMP_0417,2025-07,17422.14
COMP_0417,2025-08,3509.39
COMP_0417,2025-09,10008.39
COMP_0417,2025-10,18844.06
COMP_0417,2025-11,12377.53
COMP_0417,2025-12,7128.17
COMP_0417,2026-01,6127.24
COMP_0417,2026-02,3786.98
COMP_0417,2026-03,7207.3
COMP_0417,2026-04,2404.13
COMP_0417,2026-05,14184.5
COMP_0417,2026-06,13992.15
COMP_0417,2026-07,14018.59
COMP_0417,2026-08,27197.61
COMP_0418,2025-02,6.467654e+06
COMP_0418,2025-03,7.070275e+06
COMP_0418,2025-04,6.707606e+06
COMP_0418,2025-05,7.106003e+06
COMP_0418,2025-06,7.368605e+06
COMP_0418,2025-07,7.0061975e+06
COMP_0418,2025-08,7.409613e+06
COMP_0418,2025-09,7.9134085e+06
COMP_0418,2025-10,7.4529515e+06
COMP_0418,2025-11,7.875847e+06
COMP_0418,2025-12,7.799279e+06
COMP_0418,2026-01,7.2464295e+06
COMP_0418,2026-02,8.314163e+06
COMP_0418,2026-03,8.644228e+06
COMP_0418,2026-04,8.144384e+06
COMP_0418,2026-05,5.5015685e+06
COMP_0418,2026-06,5.822448e+06
COMP_0418,2026-07,5.9598275e+06
COMP_0418,2026-08,5.942456e+06
COMP_0419,2026-07,72858.85
COMP_0419,2026-08,43240.81
COMP_0420,2026-06,-1.999971e+09
COMP_0420,2026-07,-1.9999526e+09
COMP_0420,2026-08,-1.9999717e+09
COMP_0421,2026-02,24492.47
COMP_0421,2026-03,21897.71
COMP_0421,2026-04,20926.61
COMP_0421,2026-05,20119.12
COMP_0421,2026-06,19311.63
COMP_0421,2026-07,18504.14
COMP_0421,2026-08,18504.14
COMP_0422,2025-12,2009.54
COMP_0422,2026-01,8534.55
COMP_0422,2026-02,1539.28
COMP_0422,2026-03,7148.68
COMP_0422,2026-04,14995.69
COMP_0422,2026-05,3779.66
COMP_0422,2026-06,1137.07
COMP_0422,2026-07,289.27
COMP_0422,2026-08,11286.85
COMP_0423,2025-02,189402.78
COMP_0423,2025-03,87423.44
COMP_0423,2025-04,47984.99
COMP_0423,2025-05,28617.5
COMP_0423,2025-06,112724.97
COMP_0423,2025-07,2244.48
COMP_0423,2025-08,180845.48
COMP_0423,2025-09,68514.44
COMP_0423,2025-10,39393.73
COMP_0423,2025-11,257294.48
COMP_0423,2025-12,57018.77
COMP_0423,2026-01,148484.67
COMP_0423,2026-02,43990.39
COMP_0423,2026-03,33263.34
COMP_0423,2026-04,6826.01
COMP_0423,2026-05,253437.11
COMP_0423,2026-06,17295.49
COMP_0423,2026-07,35531.65
COMP_0423,2026-08,12944.53
COMP_0424,2025-05,74704.04
COMP_0424,2025-06,141328.12
COMP_0424,2025-07,279590.2
COMP_0424,2025-08,129441.51
COMP_0424,2025-09,288557.3
COMP_0424,2025-10,484751.44
COMP_0424,2025-11,150562.38
COMP_0424,2025-12,1.1515229e+06
COMP_0424,2026-01,1.1601172e+06
COMP_0424,2026-02,1.04381806e+06
COMP_0424,2026-03,906205.75
COMP_0424,2026-04,535146.7
COMP_0424,2026-05,581687.9
COMP_0424,2026-06,517036.7
COMP_0424,2026-07,118196.71
COMP_0424,2026-08,154042.16
COMP_0425,2025-05,64423.42
COMP_0425,2025-06,63807.37
COMP_0425,2025-07,118514.77
COMP_0425,2025-08,158767.77
COMP_0425,2025-09,158201.72
COMP_0425,2025-10,152211.38
COMP_0425,2025-11,33399.63
COMP_0425,2025-12,700056.75
COMP_0425,2026-01,506285.16
COMP_0425,2026-02,495345.38
COMP_0425,2026-03,470006.16
COMP_0425,2026-04,91928.78
COMP_0425,2026-05,91351.4
COMP_0425,2026-06,90721.3
COMP_0425,2026-07,192643.92
COMP_0425,2026-08,207724.11
COMP_0426,2026-06,1413.16
COMP_0426,2026-07,2014.82
COMP_0426,2026-08,6697.72
COMP_0427,2025-02,147944.1
COMP_0427,2025-03,115436.88
COMP_0427,2025-04,217214
COMP_0427,2025-05,176812.1
COMP_0427,2025-06,111427.9
COMP_0427,2025-07,163051.02
COMP_0427,2025-08,86094.36
COMP_0427,2025-09,81797.24
COMP_0427,2025-10,140420.31
COMP_0427,2025-11,88180.53
COMP_0427,2025-12,88349.11
COMP_0427,2026-01,82427.74
COMP_0427,2026-02,41892.24
COMP_0427,2026-03,154436.19
COMP_0427,2026-04,96516.52
COMP_0427,2026-05,40399.05
COMP_0427,2026-06,59650.19
COMP_0427,2026-07,45087.95
COMP_0427,2026-08,33543.81
COMP_0428,2025-02,699510.4
COMP_0428,2025-03,706734.56
COMP_0428,2025-04,700871.94
COMP_0428,2025-05,694300.56
COMP_0428,2025-06,708809.5
COMP_0428,2025-07,660673
COMP_0428,2025-08,1.1943856e+06
COMP_0428,2025-09,2.2716598e+06
COMP_0428,2025-10,2.2302202e+06
COMP_0428,2025-11,1.7919829e+06
COMP_0428,2025-12,1.6911049e+06
COMP_0428,2026-01,1.5586904e+06
COMP_0428,2026-02,1.140814e+06
COMP_0428,2026-03,531603.3
COMP_0428,2026-04,415718.2
COMP_0428,2026-05,503892.5
COMP_0428,2026-06,639114
COMP_0428,2026-07,764436.6
COMP_0428,2026-08,836336.2
COMP_0429,2025-09,132338.06
COMP_0429,2025-10,160173.55
COMP_0429,2025-11,51767.46
COMP_0429,2025-12,47344.64
COMP_0429,2026-01,103816.4
COMP_0429,2026-02,113213.15
COMP_0429,2026-03,107945.22
COMP_0429,2026-04,83131.02
COMP_0429,2026-05,124796.19
COMP_0429,2026-06,120494.54
COMP_0429,2026-07,66962.16
COMP_0429,2026-08,71606.9
COMP_0430,2026-05,2789.46
COMP_0430,2026-06,1645.91
COMP_0430,2026-07,8761.32
COMP_0430,2026-08,6073.27
COMP_0431,2025-04,63612.65
COMP_0431,2025-05,167722.16
COMP_0431,2025-06,71527.01
COMP_0431,2025-07,54738.05
COMP_0431,2025-08,262948.06
COMP_0431,2025-09,115782.56
COMP_0431,2025-10,54372.12
COMP_0431,2025-11,52889.9
COMP_0431,2025-12,190304.94
COMP_0431,2026-01,125456.3
COMP_0431,2026-02,131427.7
COMP_0431,2026-03,102743.1
COMP_0431,2026-04,83750.42
COMP_0431,2026-05,40545.04
COMP_0431,2026-06,71330.38
COMP_0431,2026-07,217653.2
COMP_0431,2026-08,234458.45
COMP_0432,2025-05,3011.03
COMP_0432,2025-06,44347.46
COMP_0432,2025-07,27469.73
COMP_0432,2025-08,26245.56
COMP_0432,2025-09,9500.58
COMP_0432,2025-10,30335.13
COMP_0432,2025-11,23919.72
COMP_0432,2025-12,17238.43
COMP_0432,2026-01,11048.25
COMP_0432,2026-02,5979.66
COMP_0432,2026-03,13971.12
COMP_0432,2026-04,16538.5
COMP_0432,2026-05,14812.35
COMP_0432,2026-06,10549.06
COMP_0432,2026-07,8003.68
COMP_0432,2026-08,16133.02
COMP_0433,2025-05,9.868011e+06
COMP_0433,2025-06,1.5841348e+06
COMP_0433,2025-07,-845081.9
COMP_0433,2025-08,-840530.56
COMP_0433,2025-09,650154.25
COMP_0433,2025-10,3.1989818e+06
COMP_0433,2025-11,22246.89
COMP_0433,2025-12,-284487.78
COMP_0433,2026-01,-296420.56
COMP_0433,2026-02,630824
COMP_0433,2026-03,-413924.28
COMP_0433,2026-04,-297789.94
COMP_0433,2026-05,272308.5
COMP_0433,2026-06,5.778681e+06
COMP_0433,2026-07,1.2792666e+06
COMP_0433,2026-08,522675.78
COMP_0434,2025-06,237497.42
COMP_0434,2025-07,190491.38
COMP_0434,2025-08,148741.44
COMP_0434,2025-09,154221.12
COMP_0434,2025-10,162721.62
COMP_0434,2025-11,162721.62
COMP_0434,2025-12,162721.62
COMP_0434,2026-01,162721.62
COMP_0434,2026-02,162721.62
COMP_0434,2026-03,162721.62
COMP_0434,2026-04,162721.62
COMP_0434,2026-05,162721.62
COMP_0434,2026-06,162721.62
COMP_0434,2026-07,162721.62
COMP_0434,2026-08,162721.62
COMP_0435,2026-06,30985.4
COMP_0435,2026-07,58910.29
COMP_0435,2026-08,62768.26
COMP_0436,2026-06,-57675.28
COMP_0436,2026-07,204885.52
COMP_0436,2026-08,280842.34
COMP_0437,2025-12,4.869989e+06
COMP_0437,2026-01,4.9501055e+06
COMP_0437,2026-02,7.284032e+06
COMP_0437,2026-03,1.3166129e+07
COMP_0437,2026-04,1.0665023e+07
COMP_0437,2026-05,6.509305e+06
COMP_0437,2026-06,1.7209508e+07
COMP_0437,2026-07,1.2965411e+07
COMP_0437,2026-08,7.3508645e+06
COMP_0438,2025-02,815298.2
COMP_0438,2025-03,168920.98
COMP_0438,2025-04,345219.6
COMP_0438,2025-05,305185.84
COMP_0438,2025-06,229967.02
COMP_0438,2025-07,303116.66
COMP_0438,2025-08,269709.06
COMP_0438,2025-09,325830.3
COMP_0438,2025-10,13099.6
COMP_0438,2025-11,100780.29
COMP_0438,2025-12,-2.0008883e-11
COMP_0438,2026-01,-2.0918378e-11
COMP_0438,2026-02,-2.0918378e-11
COMP_0438,2026-03,-1.2732926e-11
COMP_0438,2026-04,-1.0913936e-11
COMP_0438,2026-05,-1.0913936e-11
COMP_0438,2026-06,-1.0913936e-11
COMP_0438,2026-07,-7.275958e-12
COMP_0438,2026-08,0
COMP_0439,2026-07,911602.4
COMP_0439,2026-08,703631.6
COMP_0440,2025-02,8.514756e+08
COMP_0440,2025-03,4.4796682e+08
COMP_0440,2025-04,8.464082e+08
COMP_0440,2025-05,4.667022e+08
COMP_0440,2025-06,2.4077498e+08
COMP_0440,2025-07,-5.8624076e+07
COMP_0440,2025-08,1.6717426e+08
COMP_0440,2025-09,1.8392158e+08
COMP_0440,2025-10,1.6837264e+08
COMP_0440,2025-11,2.6013208e+08
COMP_0440,2025-12,8.828711e+08
COMP_0440,2026-01,9.435205e+08
COMP_0440,2026-02,1.2621444e+09
COMP_0440,2026-03,1.312188e+09
COMP_0440,2026-04,1.2856312e+09
COMP_0440,2026-05,1.01243514e+09
COMP_0440,2026-06,1.01243514e+09
COMP_0440,2026-07,1.01243514e+09
COMP_0440,2026-08,1.01243514e+09
COMP_0441,2025-07,7.6332725e+06
COMP_0441,2025-08,1.1004292e+07
COMP_0441,2025-09,4.1846568e+06
COMP_0441,2025-10,6.537614e+06
COMP_0441,2025-11,6.432257e+06
COMP_0441,2025-12,1.9036298e+06
COMP_0441,2026-01,3.7461002e+06
COMP_0441,2026-02,4.4089805e+06
COMP_0441,2026-03,3.1763615e+06
COMP_0441,2026-04,6.683701e+06
COMP_0441,2026-05,5.463603e+06
COMP_0441,2026-06,2.596133e+06
COMP_0441,2026-07,5.6893355e+06
COMP_0441,2026-08,7.4540795e+06
COMP_0442,2025-02,652.89
COMP_0442,2025-03,965.16
COMP_0442,2025-04,827.05
COMP_0442,2025-05,986.45
COMP_0442,2025-06,616.15
COMP_0442,2025-07,18373.79
COMP_0442,2025-08,682.35
COMP_0442,2025-09,1725.08
COMP_0442,2025-10,797.13
COMP_0442,2025-11,1618.36
COMP_0442,2025-12,3511.35
COMP_0442,2026-01,1065.88
COMP_0442,2026-02,1145.65
COMP_0442,2026-03,1014.88
COMP_0442,2026-04,785.47
COMP_0442,2026-05,685.67
COMP_0442,2026-06,661.6
COMP_0442,2026-07,4578.16
COMP_0442,2026-08,2225.43
COMP_0443,2026-05,-79620.08
COMP_0443,2026-06,-63252.17
COMP_0443,2026-07,-82378.96
COMP_0443,2026-08,-78216.29
COMP_0444,2026-06,2.1943438e+06
COMP_0444,2026-07,1.7498452e+06
COMP_0444,2026-08,3.1803878e+06
COMP_0445,2025-12,247343.52
COMP_0445,2026-01,144928.23
COMP_0445,2026-02,440684.25
COMP_0445,2026-03,224791.12
COMP_0445,2026-04,160029.77
COMP_0445,2026-05,63326.64
COMP_0445,2026-06,258303.23
COMP_0445,2026-07,307304.25
COMP_0445,2026-08,351376.2
COMP_0446,2026-03,818779.2
COMP_0446,2026-04,484944.53
COMP_0446,2026-05,567275.1
COMP_0446,2026-06,1.2505169e+06
COMP_0446,2026-07,851834.7
COMP_0446,2026-08,1.0227641e+06
COMP_0447,2025-12,406170.12
COMP_0447,2026-01,393600.12
COMP_0447,2026-02,182500.78
COMP_0447,2026-03,45835.05
COMP_0447,2026-04,58524.52
COMP_0447,2026-05,26397.6
COMP_0447,2026-06,46337.75
COMP_0447,2026-07,294992.53
COMP_0447,2026-08,176709.28
COMP_0448,2025-02,3532
COMP_0448,2025-03,-1.0459189e-11
COMP_0448,2025-04,-1.0459189e-11
COMP_0448,2025-05,-1.0459189e-11
COMP_0448,2025-06,-1.0459189e-11
COMP_0448,2025-07,-1.0459189e-11
COMP_0448,2025-08,-1.0459189e-11
COMP_0448,2025-09,-1.0459189e-11
COMP_0448,2025-10,-4.5474735e-13
COMP_0448,2025-11,-4.5474735e-13
COMP_0448,2025-12,4.5474735e-13
COMP_0448,2026-01,4.5474735e-13
COMP_0448,2026-02,4.5474735e-13
COMP_0448,2026-03,4.5474735e-13
COMP_0448,2026-04,9.094947e-13
COMP_0448,2026-05,9.094947e-13
COMP_0448,2026-06,9.094947e-13
COMP_0448,2026-07,9.094947e-13
COMP_0448,2026-08,0
COMP_0449,2025-02,637585.25
COMP_0449,2025-03,380426.47
COMP_0449,2025-04,-8793.68
COMP_0449,2025-05,2225.82
COMP_0449,2025-06,66181.84
COMP_0449,2025-07,259949.1
COMP_0449,2025-08,10767.18
COMP_0449,2025-09,1716.45
COMP_0449,2025-10,-4328.67
COMP_0449,2025-11,62698.63
COMP_0449,2025-12,38804.25
COMP_0449,2026-01,523398.44
COMP_0449,2026-02,72511.89
COMP_0449,2026-03,44901.73
COMP_0449,2026-04,156268.62
COMP_0449,2026-05,199737.69
COMP_0449,2026-06,31728.07
COMP_0449,2026-07,542742.1
COMP_0449,2026-08,503453.84
COMP_0450,2025-02,48298.19
COMP_0450,2025-03,48156.74
COMP_0450,2025-04,48046.63
COMP_0450,2025-05,74192.27
COMP_0450,2025-06,74054.22
COMP_0450,2025-07,14609.82
COMP_0450,2025-08,17155.85
COMP_0450,2025-09,47852.49
COMP_0450,2025-10,73537.8
COMP_0450,2025-11,54533.55
COMP_0450,2025-12,53986.45
COMP_0450,2026-01,239401.34
COMP_0450,2026-02,239401.34
COMP_0450,2026-03,47377.64
COMP_0450,2026-04,47377.64
COMP_0450,2026-05,54631.59
COMP_0450,2026-06,53882.43
COMP_0450,2026-07,53910.29
COMP_0450,2026-08,53965.08
COMP_0451,2025-02,7.6056494e-11
COMP_0451,2025-03,1.0913936e-11
COMP_0451,2025-04,1.0913936e-11
COMP_0451,2025-05,1.0913936e-11
COMP_0451,2025-06,0
COMP_0451,2025-07,0
COMP_0451,2025-08,0
COMP_0451,2025-09,0
COMP_0451,2025-10,0
COMP_0451,2025-11,0
COMP_0451,2025-12,0
COMP_0451,2026-01,0
COMP_0451,2026-02,-1.4551915e-11
COMP_0451,2026-03,-1.4551915e-11
COMP_0451,2026-04,0
COMP_0451,2026-05,0
COMP_0451,2026-06,0
COMP_0451,2026-07,0
COMP_0451,2026-08,0
COMP_0452,2025-06,170834.19
COMP_0452,2025-07,72656.63
COMP_0452,2025-08,82028.36
COMP_0452,2025-09,69671.9
COMP_0452,2025-10,77215.86
COMP_0452,2025-11,67404.76
COMP_0452,2025-12,107896.98
COMP_0452,2026-01,67347.21
COMP_0452,2026-02,72997.84
COMP_0452,2026-03,68891.73
COMP_0452,2026-04,69616.96
COMP_0452,2026-05,136391.11
COMP_0452,2026-06,58021.05
COMP_0452,2026-07,64977.53
COMP_0452,2026-08,108666.58
COMP_0453,2025-05,-5724.55
COMP_0453,2025-06,-5285.47
COMP_0453,2025-07,-5174.93
COMP_0453,2025-08,5986.71
COMP_0453,2025-09,-994.01
COMP_0453,2025-10,-8698.04
COMP_0453,2025-11,-2445.06
COMP_0453,2025-12,1951.48
COMP_0453,2026-01,-795.9
COMP_0453,2026-02,-6219.79
COMP_0453,2026-03,-5328.11
COMP_0453,2026-04,184813.12
COMP_0453,2026-05,180343.05
COMP_0453,2026-06,177636.2
COMP_0453,2026-07,169849.08
COMP_0453,2026-08,162404.78
COMP_0454,2025-02,29078.39
COMP_0454,2025-03,30203.68
COMP_0454,2025-04,25533.21
COMP_0454,2025-05,18168.93
COMP_0454,2025-06,23711.57
COMP_0454,2025-07,37445.33
COMP_0454,2025-08,50491.26
COMP_0454,2025-09,52138.48
COMP_0454,2025-10,63574.88
COMP_0454,2025-11,121370.39
COMP_0454,2025-12,58409.81
COMP_0454,2026-01,40788.93
COMP_0454,2026-02,37285.66
COMP_0454,2026-03,67601.72
COMP_0454,2026-04,51534.77
COMP_0454,2026-05,33656.77
COMP_0454,2026-06,38775.67
COMP_0454,2026-07,45352.02
COMP_0454,2026-08,25340.3
COMP_0455,2025-04,8431.46
COMP_0455,2025-05,34488.93
COMP_0455,2025-06,33448.85
COMP_0455,2025-07,44733.84
COMP_0455,2025-08,41077.99
COMP_0455,2025-09,45597.34
COMP_0455,2025-10,43393.69
COMP_0455,2025-11,61374.18
COMP_0455,2025-12,68370.09
COMP_0455,2026-01,65480.61
COMP_0455,2026-02,76903.7
COMP_0455,2026-03,90800.48
COMP_0455,2026-04,91040.89
COMP_0455,2026-05,135315.34
COMP_0455,2026-06,121302.91
COMP_0455,2026-07,117943.73
COMP_0455,2026-08,120802.34
COMP_0456,2025-10,5151.69
COMP_0456,2025-11,3440.87
COMP_0456,2025-12,1435.82
COMP_0456,2026-01,13383.95
COMP_0456,2026-02,10796.62
COMP_0456,2026-03,3521.15
COMP_0456,2026-04,20343.81
COMP_0456,2026-05,6406.1
COMP_0456,2026-06,1414.9
COMP_0456,2026-07,1769.91
COMP_0456,2026-08,6781.88
COMP_0457,2025-06,68049.31
COMP_0457,2025-07,62585.61
COMP_0457,2025-08,57909.51
COMP_0457,2025-09,166029.3
COMP_0457,2025-10,67061.44
COMP_0457,2025-11,17442.37
COMP_0457,2025-12,11823.05
COMP_0457,2026-01,71280.22
COMP_0457,2026-02,35530.31
COMP_0457,2026-03,55885.07
COMP_0457,2026-04,-413.02
COMP_0457,2026-05,7168.3
COMP_0457,2026-06,79535.91
COMP_0457,2026-07,91825.22
COMP_0457,2026-08,36610.66
COMP_0458,2025-12,8023.24
COMP_0458,2026-01,6419.96
COMP_0458,2026-02,9576.87
COMP_0458,2026-03,11077.99
COMP_0458,2026-04,14117.41
COMP_0458,2026-05,17115.41
COMP_0458,2026-06,19210.03
COMP_0458,2026-07,15799.72
COMP_0458,2026-08,16880.27
COMP_0459,2026-01,42542.33
COMP_0459,2026-02,20046.4
COMP_0459,2026-03,11096.5
COMP_0459,2026-04,44158.27
COMP_0459,2026-05,87501.97
COMP_0459,2026-06,40126.27
COMP_0459,2026-07,39174.96
COMP_0459,2026-08,57040.07
COMP_0460,2025-02,134935.77
COMP_0460,2025-03,161627.9
COMP_0460,2025-04,180076.38
COMP_0460,2025-05,245147.6
COMP_0460,2025-06,191865.3
COMP_0460,2025-07,27506.15
COMP_0460,2025-08,138860.27
COMP_0460,2025-09,483343.12
COMP_0460,2025-10,450837.88
COMP_0460,2025-11,94222.15
COMP_0460,2025-12,174831.19
COMP_0460,2026-01,36247.43
COMP_0460,2026-02,63903.15
COMP_0460,2026-03,1.5319594e+06
COMP_0460,2026-04,1.6037201e+06
COMP_0460,2026-05,1.4047338e+06
COMP_0460,2026-06,1.4156031e+06
COMP_0460,2026-07,1.430687e+06
COMP_0460,2026-08,1.365281e+06
COMP_0461,2025-02,395053
COMP_0461,2025-03,394811
COMP_0461,2025-04,384509.94
COMP_0461,2025-05,383615.12
COMP_0461,2025-06,418684.66
COMP_0461,2025-07,548812.2
COMP_0461,2025-08,718550.44
COMP_0461,2025-09,759536.7
COMP_0461,2025-10,744142.4
COMP_0461,2025-11,743936.6
COMP_0461,2025-12,743730.94
COMP_0461,2026-01,731086.06
COMP_0461,2026-02,730844.06
COMP_0461,2026-03,365301.03
COMP_0461,2026-04,556947.56
COMP_0461,2026-05,556803.7
COMP_0461,2026-06,610868.75
COMP_0461,2026-07,767664.9
COMP_0461,2026-08,958249.1
COMP_0462,2025-02,-294095.66
COMP_0462,2025-03,-92980.21
COMP_0462,2025-04,-89629.72
COMP_0462,2025-05,-167722.44
COMP_0462,2025-06,-371281.16
COMP_0462,2025-07,-206744.5
COMP_0462,2025-08,-346536.4
COMP_0462,2025-09,-369612.25
COMP_0462,2025-10,-364514.53
COMP_0462,2025-11,-420692.5
COMP_0462,2025-12,-493877.38
COMP_0462,2026-01,-310435.38
COMP_0462,2026-02,-447287.53
COMP_0462,2026-03,-324359.1
COMP_0462,2026-04,-514492.47
COMP_0462,2026-05,324988.84
COMP_0462,2026-06,187679.06
COMP_0462,2026-07,245812.95
COMP_0462,2026-08,122490.34
COMP_0463,2025-02,-721158.8
COMP_0463,2025-03,-539049.25
COMP_0463,2025-04,-749619.9
COMP_0463,2025-05,-702797.4
COMP_0463,2025-06,-805445.6
COMP_0463,2025-07,-793517.5
COMP_0463,2025-08,-858521.06
COMP_0463,2025-09,-884885.6
COMP_0463,2025-10,-535643.5
COMP_0463,2025-11,-78035.59
COMP_0463,2025-12,195427.4
COMP_0463,2026-01,312647.44
COMP_0463,2026-02,503085.66
COMP_0463,2026-03,233082.1
COMP_0463,2026-04,86468.86
COMP_0463,2026-05,289152.94
COMP_0463,2026-06,92586.3
COMP_0463,2026-07,118511.61
COMP_0463,2026-08,633657.25
COMP_0464,2026-07,4420.19
COMP_0464,2026-08,3527.2
COMP_0465,2026-06,119820.75
COMP_0465,2026-07,91835.71
COMP_0465,2026-08,40095.32
COMP_0466,2025-06,649671.56
COMP_0466,2025-07,519590.38
COMP_0466,2025-08,354446.6
COMP_0466,2025-09,520363.8
COMP_0466,2025-10,356955.9
COMP_0466,2025-11,165325.27
COMP_0466,2025-12,420666.06
COMP_0466,2026-01,630489.3
COMP_0466,2026-02,240859.97
COMP_0466,2026-03,604920.44
COMP_0466,2026-04,615016
COMP_0466,2026-05,277289.16
COMP_0466,2026-06,229419.23
COMP_0466,2026-07,242555.06
COMP_0466,2026-08,300550.72
COMP_0467,2025-08,9.455903e-11
COMP_0467,2025-09,9.91065e-11
COMP_0467,2025-10,9.5496944e-11
COMP_0467,2025-11,9.842438e-11
COMP_0467,2025-12,1.12976295e-10
COMP_0467,2026-01,1.2798296e-10
COMP_0467,2026-02,1.1434054e-10
COMP_0467,2026-03,9.048051e-11
COMP_0467,2026-04,9.1532115e-11
COMP_0467,2026-05,4.787637e-11
COMP_0467,2026-06,2.6048497e-11
COMP_0467,2026-07,1.14965815e-11
COMP_0467,2026-08,0
COMP_0468,2026-07,91595.05
COMP_0468,2026-08,29295.19
COMP_0469,2026-04,7.9838205e+06
COMP_0469,2026-05,4.1543032e+07
COMP_0469,2026-06,9.379779e+07
COMP_0469,2026-07,2.4578594e+07
COMP_0469,2026-08,7.7068096e+07
COMP_0470,2026-06,624424.56
COMP_0470,2026-07,1.0275852e+06
COMP_0470,2026-08,519525.44
COMP_0471,2025-02,1.7506371e+06
COMP_0471,2025-03,634843
COMP_0471,2025-04,509615.7
COMP_0471,2025-05,496486.16
COMP_0471,2025-06,1.2868242e+06
COMP_0471,2025-07,898493.3
COMP_0471,2025-08,1.4726432e+06
COMP_0471,2025-09,643123.3
COMP_0471,2025-10,2.652707e+06
COMP_0471,2025-11,1.4894256e+06
COMP_0471,2025-12,517854.62
COMP_0471,2026-01,383845.53
COMP_0471,2026-02,552339.4
COMP_0471,2026-03,353849.8
COMP_0471,2026-04,623440.25
COMP_0471,2026-05,290274.94
COMP_0471,2026-06,842975.1
COMP_0471,2026-07,611875.6
COMP_0471,2026-08,858175.44
COMP_0472,2026-06,15652.26
COMP_0472,2026-07,15601.26
COMP_0472,2026-08,74751.89
COMP_0473,2026-03,317729.9
COMP_0473,2026-04,173467.19
COMP_0473,2026-05,185531.1
COMP_0473,2026-06,254418.45
COMP_0473,2026-07,836746.1
COMP_0473,2026-08,18758.2
COMP_0474,2025-02,-26225.02
COMP_0474,2025-03,-28889.94
COMP_0474,2025-04,-31418.59
COMP_0474,2025-05,7858.87
COMP_0474,2025-06,-30068.05
COMP_0474,2025-07,42423.1
COMP_0474,2025-08,14463.69
COMP_0474,2025-09,18576.24
COMP_0474,2025-10,-8461.16
COMP_0474,2025-11,-24605.1
COMP_0474,2025-12,13386.97
COMP_0474,2026-01,747.45
COMP_0474,2026-02,1321.33
COMP_0474,2026-03,-3656.89
COMP_0474,2026-04,-22113.08
COMP_0474,2026-05,-20761.64
COMP_0474,2026-06,-22932.49
COMP_0474,2026-07,34103.58
COMP_0474,2026-08,5673.48
COMP_0475,2025-03,14769.91
COMP_0475,2025-04,14734.91
COMP_0475,2025-05,23099.91
COMP_0475,2025-06,0
COMP_0475,2025-07,0
COMP_0475,2025-08,0
COMP_0475,2025-09,0
COMP_0475,2025-10,0
COMP_0475,2025-11,0
COMP_0475,2025-12,0
COMP_0475,2026-01,0
COMP_0475,2026-02,0
COMP_0475,2026-03,0
COMP_0475,2026-04,0
COMP_0475,2026-05,0
COMP_0475,2026-06,0
COMP_0475,2026-07,0
COMP_0475,2026-08,0
COMP_0476,2025-02,31226.01
COMP_0476,2025-03,14850.22
COMP_0476,2025-04,12782.4
COMP_0476,2025-05,9198.41
COMP_0476,2025-06,4150.07
COMP_0476,2025-07,5710.08
COMP_0476,2025-08,13450.89
COMP_0476,2025-09,11567.2
COMP_0476,2025-10,13237.15
COMP_0476,2025-11,14096.89
COMP_0476,2025-12,10254.49
COMP_0476,2026-01,7755.88
COMP_0476,2026-02,8958.5
COMP_0476,2026-03,17826.9
COMP_0476,2026-04,19782.41
COMP_0476,2026-05,10539.99
COMP_0476,2026-06,7232.58
COMP_0476,2026-07,11562.53
COMP_0476,2026-08,39377.25
COMP_0477,2026-06,14630.05
COMP_0477,2026-07,23529.9
COMP_0477,2026-08,23863.52
COMP_0478,2025-10,-1.6934787e-11
COMP_0478,2025-11,-1.6934787e-11
COMP_0478,2025-12,-2.148226e-11
COMP_0478,2026-01,-2.148226e-11
COMP_0478,2026-02,50
COMP_0478,2026-03,50
COMP_0478,2026-04,50
COMP_0478,2026-05,50
COMP_0478,2026-06,50
COMP_0478,2026-07,50
COMP_0478,2026-08,50
COMP_0479,2026-01,1.0718258e+06
COMP_0479,2026-02,944062.44
COMP_0479,2026-03,996959.2
COMP_0479,2026-04,1.1323554e+06
COMP_0479,2026-05,1.0085125e+06
COMP_0479,2026-06,890361.2
COMP_0479,2026-07,734266.25
COMP_0479,2026-08,869444
COMP_0480,2025-02,146957.45
COMP_0480,2025-03,130014.17
COMP_0480,2025-04,186871.38
COMP_0480,2025-05,170991.23
COMP_0480,2025-06,331188.06
COMP_0480,2025-07,459269.28
COMP_0480,2025-08,328311.12
COMP_0480,2025-09,255722.34
COMP_0480,2025-10,289574.28
COMP_0480,2025-11,373177.38
COMP_0480,2025-12,255790.06
COMP_0480,2026-01,200925.61
COMP_0480,2026-02,330470.94
COMP_0480,2026-03,363016.34
COMP_0480,2026-04,406171.1
COMP_0480,2026-05,340161.62
COMP_0480,2026-06,357731.28
COMP_0480,2026-07,544351.06
COMP_0480,2026-08,468211.88
COMP_0481,2025-02,41203.47
COMP_0481,2025-03,100963.62
COMP_0481,2025-04,26955.99
COMP_0481,2025-05,136598.48
COMP_0481,2025-06,26095.46
COMP_0481,2025-07,51287.19
COMP_0481,2025-08,203850.55
COMP_0481,2025-09,60333.74
COMP_0481,2025-10,130113.34
COMP_0481,2025-11,90791.34
COMP_0481,2025-12,153161.06
COMP_0481,2026-01,93975.88
COMP_0481,2026-02,113686.71
COMP_0481,2026-03,177869.94
COMP_0481,2026-04,54528.14
COMP_0481,2026-05,65305.04
COMP_0481,2026-06,45094.77
COMP_0481,2026-07,31653.61
COMP_0481,2026-08,-3797.13
COMP_0482,2025-10,139400
COMP_0482,2025-11,139311.14
COMP_0482,2025-12,139196.27
COMP_0482,2026-01,138354.75
COMP_0482,2026-02,138611.3
COMP_0482,2026-03,138579.88
COMP_0482,2026-04,132167.52
COMP_0482,2026-05,131869.78
COMP_0482,2026-06,132330.97
COMP_0482,2026-07,132328.64
COMP_0482,2026-08,132343.25
COMP_0483,2025-07,3576.28
COMP_0483,2025-08,9634.97
COMP_0483,2025-09,3666.12
COMP_0483,2025-10,4405.36
COMP_0483,2025-11,3560.06
COMP_0483,2025-12,2522.01
COMP_0483,2026-01,1625.25
COMP_0483,2026-02,2724.1
COMP_0483,2026-03,33553.92
COMP_0483,2026-04,5410.87
COMP_0483,2026-05,5521.58
COMP_0483,2026-06,1488.09
COMP_0483,2026-07,3914.29
COMP_0483,2026-08,2432.16
COMP_0484,2026-07,10724.1
COMP_0484,2026-08,6980.89
COMP_0485,2026-05,14589.94
COMP_0485,2026-06,1767.73
COMP_0485,2026-07,4155.09
COMP_0485,2026-08,6626.11
COMP_0486,2025-02,2.3409156e+07
COMP_0486,2025-03,1.8981636e+07
COMP_0486,2025-04,1.9919292e+07
COMP_0486,2025-05,7.920449e+07
COMP_0486,2025-06,6.7835536e+07
COMP_0486,2025-07,4.99929e+07
COMP_0486,2025-08,3.4410864e+07
COMP_0486,2025-09,3.001099e+07
COMP_0486,2025-10,3.1323974e+07
COMP_0486,2025-11,7.934157e+07
COMP_0486,2025-12,3.1633853e+08
COMP_0486,2026-01,2.910742e+08
COMP_0486,2026-02,2.6256877e+08
COMP_0486,2026-03,2.3475531e+08
COMP_0486,2026-04,2.1952214e+08
COMP_0486,2026-05,2.0124581e+08
COMP_0486,2026-06,3.049819e+08
COMP_0486,2026-07,2.9375626e+08
COMP_0486,2026-08,1.8281925e+08
COMP_0487,2026-01,3.987253e+08
COMP_0487,2026-02,4.9164976e+08
COMP_0487,2026-03,2.7060444e+09
COMP_0487,2026-04,5.119752e+08
COMP_0487,2026-05,3.7398426e+08
COMP_0487,2026-06,3.533102e+08
COMP_0487,2026-07,4.471919e+08
COMP_0487,2026-08,4.4141117e+08
COMP_0488,2026-06,5724.81
COMP_0488,2026-07,36273.32
COMP_0488,2026-08,81649.97
COMP_0489,2026-05,12924.91
COMP_0489,2026-06,13246.13
COMP_0489,2026-07,12681.13
COMP_0489,2026-08,12116.13
COMP_0490,2026-07,73826.32
COMP_0490,2026-08,78853.37
COMP_0491,2025-02,4759.88
COMP_0491,2025-03,4047.16
COMP_0491,2025-04,45766.03
COMP_0491,2025-05,54009.67
COMP_0491,2025-06,63637.74
COMP_0491,2025-07,46932.76
COMP_0491,2025-08,209084.84
COMP_0491,2025-09,205745.48
COMP_0491,2025-10,16109.31
COMP_0491,2025-11,9743.58
COMP_0491,2025-12,-4854.59
COMP_0491,2026-01,-6589.12
COMP_0491,2026-02,-8562.01
COMP_0491,2026-03,-61916.15
COMP_0491,2026-04,89786.38
COMP_0491,2026-05,-69189.75
COMP_0491,2026-06,14938.17
COMP_0491,2026-07,16596.74
COMP_0491,2026-08,120125.65
COMP_0492,2025-02,48
COMP_0492,2025-03,48
COMP_0492,2025-04,41.52
COMP_0492,2025-05,41.52
COMP_0492,2025-06,39.11
COMP_0492,2025-07,835.62
COMP_0492,2025-08,835.62
COMP_0492,2025-09,835.62
COMP_0492,2025-10,0
COMP_0492,2025-11,0
COMP_0492,2025-12,0
COMP_0492,2026-01,0
COMP_0492,2026-02,0
COMP_0492,2026-03,0
COMP_0492,2026-04,0
COMP_0492,2026-05,0
COMP_0492,2026-06,0
COMP_0492,2026-07,0
COMP_0492,2026-08,0
COMP_0493,2026-03,405252.4
COMP_0493,2026-04,433962.66
COMP_0493,2026-05,468303.25
COMP_0493,2026-06,494551.72
COMP_0493,2026-07,496663.66
COMP_0493,2026-08,249442.16
COMP_0494,2025-02,57942.82
COMP_0494,2025-03,30586.25
COMP_0494,2025-04,52191.57
COMP_0494,2025-05,20809.8
COMP_0494,2025-06,65740.54
COMP_0494,2025-07,64560.54
COMP_0494,2025-08,57189.05
COMP_0494,2025-09,43448.38
COMP_0494,2025-10,84772.13
COMP_0494,2025-11,88882.05
COMP_0494,2025-12,140597.86
COMP_0494,2026-01,112937.22
COMP_0494,2026-02,111144.66
COMP_0494,2026-03,85944.19
COMP_0494,2026-04,91022.78
COMP_0494,2026-05,81159.42
COMP_0494,2026-06,44714.13
COMP_0494,2026-07,129150.02
COMP_0494,2026-08,91592.51
COMP_0495,2025-05,31753.86
COMP_0495,2025-06,26497.15
COMP_0495,2025-07,518146.38
COMP_0495,2025-08,280686.47
COMP_0495,2025-09,201264.4
COMP_0495,2025-10,131104
COMP_0495,2025-11,127465.55
COMP_0495,2025-12,160640.44
COMP_0495,2026-01,189012.77
COMP_0495,2026-02,159547.98
COMP_0495,2026-03,174472.67
COMP_0495,2026-04,164680.44
COMP_0495,2026-05,85244.92
COMP_0495,2026-06,15912.54
COMP_0495,2026-07,-782.49
COMP_0495,2026-08,54266.22
COMP_0496,2025-02,68097.76
COMP_0496,2025-03,118269.52
COMP_0496,2025-04,119520.59
COMP_0496,2025-05,116857.48
COMP_0496,2025-06,103813.4
COMP_0496,2025-07,89214
COMP_0496,2025-08,111141.95
COMP_0496,2025-09,95849.87
COMP_0496,2025-10,29974.09
COMP_0496,2025-11,25222.56
COMP_0496,2025-12,22523.16
COMP_0496,2026-01,15688.68
COMP_0496,2026-02,14922.52
COMP_0496,2026-03,6087.39
COMP_0496,2026-04,9391.02
COMP_0496,2026-05,10962.36
COMP_0496,2026-06,7692
COMP_0496,2026-07,13076.4
COMP_0496,2026-08,12224.43
COMP_0497,2026-07,0
COMP_0497,2026-08,0
COMP_0498,2026-05,20155.22
COMP_0498,2026-06,47176.17
COMP_0498,2026-07,1.30986e+06
COMP_0498,2026-08,19994.67
COMP_0499,2026-06,5.371703e-12
COMP_0499,2026-07,2.1884716e-12
COMP_0499,2026-08,-1.1368684e-13
COMP_0500,2025-03,20082.05
COMP_0500,2025-04,30441.63
COMP_0500,2025-05,20380.13
COMP_0500,2025-06,72822.81
COMP_0500,2025-07,29840.34
COMP_0500,2025-08,14294.59
COMP_0500,2025-09,28845.75
COMP_0500,2025-10,21520.1
COMP_0500,2025-11,9507.73
COMP_0500,2025-12,98734.12
COMP_0500,2026-01,53370.15
COMP_0500,2026-02,98165.35
COMP_0500,2026-03,11147.29
COMP_0500,2026-04,46452.38
COMP_0500,2026-05,115955.43
COMP_0500,2026-06,25898.84
COMP_0500,2026-07,1.8133481e+06
COMP_0500,2026-08,1.8384758e+06
COMP_0501,2026-07,81311.27
COMP_0501,2026-08,72718.97
COMP_0502,2025-02,-529182.7
COMP_0502,2025-03,-446091.9
COMP_0502,2025-04,-353434.72
COMP_0502,2025-05,-286295.28
COMP_0502,2025-06,-224653.38
COMP_0502,2025-07,-137589.23
COMP_0502,2025-08,-137589.23
COMP_0502,2025-09,-3008.8
COMP_0502,2025-10,-3008.8
COMP_0502,2025-11,63169.44
COMP_0502,2025-12,208117.6
COMP_0502,2026-01,94484.33
COMP_0502,2026-02,127634.64
COMP_0502,2026-03,175746.05
COMP_0502,2026-04,230676.42
COMP_0502,2026-05,95391.08
COMP_0502,2026-06,117937.28
COMP_0502,2026-07,124774.14
COMP_0502,2026-08,191328.47
COMP_0503,2025-06,2.5761855e+06
COMP_0503,2025-07,3.5746935e+06
COMP_0503,2025-08,879034.25
COMP_0503,2025-09,1.03426644e+06
COMP_0503,2025-10,1.03426644e+06
COMP_0503,2025-11,1.03426644e+06
COMP_0503,2025-12,1.03426644e+06
COMP_0503,2026-01,1.03426644e+06
COMP_0503,2026-02,1.03276644e+06
COMP_0503,2026-03,1.03276644e+06
COMP_0503,2026-04,1.03276644e+06
COMP_0503,2026-05,1.03276644e+06
COMP_0503,2026-06,1.03276644e+06
COMP_0503,2026-07,1.03276644e+06
COMP_0503,2026-08,1.03276644e+06
COMP_0504,2025-02,505712.12
COMP_0504,2025-03,1.0515584e+06
COMP_0504,2025-04,461507.2
COMP_0504,2025-05,161608.05
COMP_0504,2025-06,187250.94
COMP_0504,2025-07,-2680.5
COMP_0504,2025-08,430728.28
COMP_0504,2025-09,-18165.06
COMP_0504,2025-10,505465.12
COMP_0504,2025-11,429300.66
COMP_0504,2025-12,749816.8
COMP_0504,2026-01,431430.06
COMP_0504,2026-02,1.36065e+06
COMP_0504,2026-03,605965.7
COMP_0504,2026-04,695144.25
COMP_0504,2026-05,514151.75
COMP_0504,2026-06,557613.4
COMP_0504,2026-07,823856.8
COMP_0504,2026-08,685064.75
COMP_0505,2025-05,1.2517626e+06
COMP_0505,2025-06,2.5178965e+06
COMP_0505,2025-07,2.726782e+06
COMP_0505,2025-08,3.706639e+06
COMP_0505,2025-09,1.914553e+06
COMP_0505,2025-10,1.1550038e+06
COMP_0505,2025-11,1.7578171e+06
COMP_0505,2025-12,3.1798018e+06
COMP_0505,2026-01,4.4189015e+06
COMP_0505,2026-02,4.745806e+06
COMP_0505,2026-03,5.9984735e+06
COMP_0505,2026-04,6.896696e+06
COMP_0505,2026-05,1.0797391e+07
COMP_0505,2026-06,1.0740057e+07
COMP_0505,2026-07,1.0663847e+07
COMP_0505,2026-08,1.239578e+07
COMP_0506,2025-07,649353
COMP_0506,2025-08,286213.88
COMP_0506,2025-09,321675.4
COMP_0506,2025-10,1.9436952e+06
COMP_0506,2025-11,2.160987e+06
COMP_0506,2025-12,2.253723e+06
COMP_0506,2026-01,1.4389971e+06
COMP_0506,2026-02,2.8545025e+06
COMP_0506,2026-03,801237.75
COMP_0506,2026-04,1.02661094e+06
COMP_0506,2026-05,1.9404035e+06
COMP_0506,2026-06,408053.5
COMP_0506,2026-07,1.1869482e+06
COMP_0506,2026-08,862345.5
COMP_0507,2025-06,967211.56
COMP_0507,2025-07,844662.7
COMP_0507,2025-08,834669.44
COMP_0507,2025-09,748426.06
COMP_0507,2025-10,622943.56
COMP_0507,2025-11,706771.4
COMP_0507,2025-12,447877.1
COMP_0507,2026-01,383703.84
COMP_0507,2026-02,491099.4
COMP_0507,2026-03,412974.44
COMP_0507,2026-04,275254.88
COMP_0507,2026-05,916142.8
COMP_0507,2026-06,861004.75
COMP_0507,2026-07,454860.72
COMP_0507,2026-08,460300.88
COMP_0508,2025-08,7.92953e+06
COMP_0508,2025-09,8.083761e+06
COMP_0508,2025-10,8.2390495e+06
COMP_0508,2025-11,8.594239e+06
COMP_0508,2025-12,9.002787e+06
COMP_0508,2026-01,8.943532e+06
COMP_0508,2026-02,9.341603e+06
COMP_0508,2026-03,9.462789e+06
COMP_0508,2026-04,9.614457e+06
COMP_0508,2026-05,1.0006127e+07
COMP_0508,2026-06,8.838877e+06
COMP_0508,2026-07,9.046814e+06
COMP_0508,2026-08,9.438557e+06
COMP_0509,2025-02,8491.52
COMP_0509,2025-03,30857.48
COMP_0509,2025-04,32655.37
COMP_0509,2025-05,20821.56
COMP_0509,2025-06,40483.06
COMP_0509,2025-07,33550.01
COMP_0509,2025-08,26446.23
COMP_0509,2025-09,8034.99
COMP_0509,2025-10,32796.26
COMP_0509,2025-11,27482.14
COMP_0509,2025-12,46309.98
COMP_0509,2026-01,31449.82
COMP_0509,2026-02,15708.66
COMP_0509,2026-03,39444.83
COMP_0509,2026-04,31855.56
COMP_0509,2026-05,45191.81
COMP_0509,2026-06,29820.44
COMP_0509,2026-07,18842.03
COMP_0509,2026-08,12932.72
COMP_0510,2025-05,8893.79
COMP_0510,2025-06,8893.79
COMP_0510,2025-07,923.17
COMP_0510,2025-08,1584.31
COMP_0510,2025-09,1004.31
COMP_0510,2025-10,7336.65
COMP_0510,2025-11,6736.65
COMP_0510,2025-12,1456.59
COMP_0510,2026-01,1380.52
COMP_0510,2026-02,1380.52
COMP_0510,2026-03,6062.78
COMP_0510,2026-04,1222.78
COMP_0510,2026-05,3601.01
COMP_0510,2026-06,3469.29
COMP_0510,2026-07,3469.29
COMP_0510,2026-08,3469.29
COMP_0511,2025-02,987162.56
COMP_0511,2025-03,644955.1
COMP_0511,2025-04,2.334522e+06
COMP_0511,2025-05,1.6046271e+06
COMP_0511,2025-06,1.4079335e+06
COMP_0511,2025-07,704725.06
COMP_0511,2025-08,864465.9
COMP_0511,2025-09,438020.3
COMP_0511,2025-10,715659.8
COMP_0511,2025-11,541538.6
COMP_0511,2025-12,296296.12
COMP_0511,2026-01,2.5985328e+06
COMP_0511,2026-02,1.4686416e+06
COMP_0511,2026-03,489263.1
COMP_0511,2026-04,218885.14
COMP_0511,2026-05,499309.62
COMP_0511,2026-06,306488.16
COMP_0511,2026-07,641072.94
COMP_0511,2026-08,623087.44
COMP_0512,2025-07,4.0931962e+06
COMP_0512,2025-08,4.521084e+06
COMP_0512,2025-09,6.8194805e+06
COMP_0512,2025-10,2.62615e+06
COMP_0512,2025-11,9.109386e+06
COMP_0512,2025-12,3.727727e+06
COMP_0512,2026-01,8.500856e+06
COMP_0512,2026-02,1.8220125e+06
COMP_0512,2026-03,923932.1
COMP_0512,2026-04,1.184424e+06
COMP_0512,2026-05,1.0958358e+06
COMP_0512,2026-06,523804.66
COMP_0512,2026-07,5.8503435e+06
COMP_0512,2026-08,3.0536192e+06
COMP_0513,2025-02,5472.52
COMP_0513,2025-03,16820.3
COMP_0513,2025-04,10525.2
COMP_0513,2025-05,7438.19
COMP_0513,2025-06,12292.08
COMP_0513,2025-07,6198.03
COMP_0513,2025-08,5773.42
COMP_0513,2025-09,17531.91
COMP_0513,2025-10,6447.65
COMP_0513,2025-11,20168.61
COMP_0513,2025-12,5654.1
COMP_0513,2026-01,10658.17
COMP_0513,2026-02,12071.03
COMP_0513,2026-03,6151.67
COMP_0513,2026-04,10085.69
COMP_0513,2026-05,17744.76
COMP_0513,2026-06,12984.03
COMP_0513,2026-07,6308.08
COMP_0513,2026-08,10874.09
COMP_0514,2026-07,39149.92
COMP_0514,2026-08,38996.72
COMP_0515,2026-01,7.758598e+06
COMP_0515,2026-02,8.1173765e+06
COMP_0515,2026-03,9.425752e+06
COMP_0515,2026-04,1.2678536e+07
COMP_0515,2026-05,1.1484472e+07
COMP_0515,2026-06,1.1841506e+07
COMP_0515,2026-07,1.3026056e+07
COMP_0515,2026-08,1.3265083e+07
COMP_0516,2026-01,4.0318715e+06
COMP_0516,2026-02,4.370562e+06
COMP_0516,2026-03,4.3380335e+06
COMP_0516,2026-04,3.9519195e+06
COMP_0516,2026-05,4.415559e+06
COMP_0516,2026-06,2.9213858e+06
COMP_0516,2026-07,4.2226675e+06
COMP_0516,2026-08,2.9120925e+06
COMP_0517,2025-05,172998.05
COMP_0517,2025-06,249200.05
COMP_0517,2025-07,183558.14
COMP_0517,2025-08,195156.34
COMP_0517,2025-09,215270.7
COMP_0517,2025-10,389796.25
COMP_0517,2025-11,212611.55
COMP_0517,2025-12,309093.22
COMP_0517,2026-01,183240.4
COMP_0517,2026-02,189124.98
COMP_0517,2026-03,228416.7
COMP_0517,2026-04,59295.9
COMP_0517,2026-05,59295.9
COMP_0517,2026-06,59295.9
COMP_0517,2026-07,59295.9
COMP_0517,2026-08,59295.9
COMP_0518,2025-02,383822.8
COMP_0518,2025-03,516940.28
COMP_0518,2025-04,517382.38
COMP_0518,2025-05,567922.4
COMP_0518,2025-06,757681.5
COMP_0518,2025-07,729819.2
COMP_0518,2025-08,971985
COMP_0518,2025-09,612743.3
COMP_0518,2025-10,377032.3
COMP_0518,2025-11,473275
COMP_0518,2025-12,511228
COMP_0518,2026-01,362515.62
COMP_0518,2026-02,346437.12
COMP_0518,2026-03,222056.14
COMP_0518,2026-04,267599.88
COMP_0518,2026-05,170935.61
COMP_0518,2026-06,262775.66
COMP_0518,2026-07,242859.03
COMP_0518,2026-08,411649.66
COMP_0519,2025-02,274107.03
COMP_0519,2025-03,200563.03
COMP_0519,2025-04,315445.1
COMP_0519,2025-05,186298.2
COMP_0519,2025-06,128039.63
COMP_0519,2025-07,277470.38
COMP_0519,2025-08,173390.77
COMP_0519,2025-09,245764.98
COMP_0519,2025-10,461816.56
COMP_0519,2025-11,421303.56
COMP_0519,2025-12,495190
COMP_0519,2026-01,613421.6
COMP_0519,2026-02,496517.97
COMP_0519,2026-03,508049.16
COMP_0519,2026-04,606727.6
COMP_0519,2026-05,475185.75
COMP_0519,2026-06,470400.22
COMP_0519,2026-07,468614.47
COMP_0519,2026-08,466828.62
COMP_0520,2025-12,12796.13
COMP_0520,2026-01,3908.79
COMP_0520,2026-02,1152.02
COMP_0520,2026-03,201.98
COMP_0520,2026-04,7322.57
COMP_0520,2026-05,3857.02
COMP_0520,2026-06,1081.12
COMP_0520,2026-07,701.59
COMP_0520,2026-08,277.23
COMP_0521,2025-06,8.922214e+06
COMP_0521,2025-07,8.431262e+06
COMP_0521,2025-08,8.173993e+06
COMP_0521,2025-09,5.326038e+06
COMP_0521,2025-10,5.142853e+06
COMP_0521,2025-11,3.0969962e+06
COMP_0521,2025-12,1.359187e+06
COMP_0521,2026-01,723692.56
COMP_0521,2026-02,269651.9
COMP_0521,2026-03,415210.47
COMP_0521,2026-04,596711
COMP_0521,2026-05,552140.1
COMP_0521,2026-06,911105.44
COMP_0521,2026-07,943284.44
COMP_0521,2026-08,414531.62
COMP_0522,2025-02,540488.06
COMP_0522,2025-03,673505.1
COMP_0522,2025-04,431384.22
COMP_0522,2025-05,916808.44
COMP_0522,2025-06,575733.8
COMP_0522,2025-07,399110.97
COMP_0522,2025-08,188083.22
COMP_0522,2025-09,141928.27
COMP_0522,2025-10,66056.36
COMP_0522,2025-11,119805.36
COMP_0522,2025-12,204186.83
COMP_0522,2026-01,143869.66
COMP_0522,2026-02,155022.4
COMP_0522,2026-03,174834
COMP_0522,2026-04,163694.48
COMP_0522,2026-05,195859.27
COMP_0522,2026-06,151675.62
COMP_0522,2026-07,206056.7
COMP_0522,2026-08,102242.45
COMP_0523,2026-05,3.2059538e+06
COMP_0523,2026-06,3.6419648e+06
COMP_0523,2026-07,3.8193738e+06
COMP_0523,2026-08,3.6034108e+06
COMP_0524,2026-08,221775.88
COMP_0525,2025-02,148569.69
COMP_0525,2025-03,86290.53
COMP_0525,2025-04,78768.69
COMP_0525,2025-05,66296.65
COMP_0525,2025-06,14943.26
COMP_0525,2025-07,14094.87
COMP_0525,2025-08,93898.9
COMP_0525,2025-09,833334.25
COMP_0525,2025-10,53520.51
COMP_0525,2025-11,110989.88
COMP_0525,2025-12,111166.27
COMP_0525,2026-01,10385.95
COMP_0525,2026-02,9926.79
COMP_0525,2026-03,9477.63
COMP_0525,2026-04,8479.97
COMP_0525,2026-05,6536.23
COMP_0525,2026-06,5730.07
COMP_0525,2026-07,5326.99
COMP_0525,2026-08,4867.2
COMP_0526,2025-08,5641.98
COMP_0526,2025-09,5641.98
COMP_0526,2025-10,5628.03
COMP_0526,2025-11,5628.03
COMP_0526,2025-12,5628.03
COMP_0526,2026-01,5628.03
COMP_0526,2026-02,5591.73
COMP_0526,2026-03,5591.73
COMP_0526,2026-04,5578.23
COMP_0526,2026-05,5578.23
COMP_0526,2026-06,5578.23
COMP_0526,2026-07,5578.23
COMP_0526,2026-08,5578.23
COMP_0527,2025-06,21757.7
COMP_0527,2025-07,19115.11
COMP_0527,2025-08,1.0445655e+06
COMP_0527,2025-09,1.028965e+06
COMP_0527,2025-10,770948.06
COMP_0527,2025-11,793346.9
COMP_0527,2025-12,210833.9
COMP_0527,2026-01,185108
COMP_0527,2026-02,164247.39
COMP_0527,2026-03,162809.64
COMP_0527,2026-04,150446.1
COMP_0527,2026-05,145381.23
COMP_0527,2026-06,110155.93
COMP_0527,2026-07,85238.62
COMP_0527,2026-08,85238.62
COMP_0528,2026-06,596384.1
COMP_0528,2026-07,1.0898212e+06
COMP_0528,2026-08,886709.4
COMP_0529,2025-12,732.35
COMP_0529,2026-01,12732.35
COMP_0529,2026-02,8376.35
COMP_0529,2026-03,8376.35
COMP_0529,2026-04,3653.35
COMP_0529,2026-05,1349.22
COMP_0529,2026-06,1052.38
COMP_0529,2026-07,68.45
COMP_0529,2026-08,2391.32
COMP_0530,2025-02,33036.5
COMP_0530,2025-03,37321.56
COMP_0530,2025-04,37307.66
COMP_0530,2025-05,45064.42
COMP_0530,2025-06,50286.61
COMP_0530,2025-07,53152.32
COMP_0530,2025-08,79475.72
COMP_0530,2025-09,86488.84
COMP_0530,2025-10,86271.69
COMP_0530,2025-11,87832.23
COMP_0530,2025-12,82908.24
COMP_0530,2026-01,67067.99
COMP_0530,2026-02,64177.21
COMP_0530,2026-03,60210.84
COMP_0530,2026-04,37290.46
COMP_0530,2026-05,196102.08
COMP_0530,2026-06,172245.3
COMP_0530,2026-07,178810.62
COMP_0530,2026-08,199708.44
COMP_0531,2025-02,45769.44
COMP_0531,2025-03,29896.9
COMP_0531,2025-04,76060.1
COMP_0531,2025-05,121230.78
COMP_0531,2025-06,221910.5
COMP_0531,2025-07,44439.51
COMP_0531,2025-08,58170.9
COMP_0531,2025-09,66113.57
COMP_0531,2025-10,360532.62
COMP_0531,2025-11,163114.12
COMP_0531,2025-12,344708.03
COMP_0531,2026-01,169622
COMP_0531,2026-02,136094.89
COMP_0531,2026-03,173738.72
COMP_0531,2026-04,145680.6
COMP_0531,2026-05,194551.45
COMP_0531,2026-06,326526.94
COMP_0531,2026-07,286335.3
COMP_0531,2026-08,312094
COMP_0532,2025-02,170230.06
COMP_0532,2025-03,162023.8
COMP_0532,2025-04,146493.86
COMP_0532,2025-05,144488.25
COMP_0532,2025-06,136510.66
COMP_0532,2025-07,119589.45
COMP_0532,2025-08,110230.96
COMP_0532,2025-09,98014.43
COMP_0532,2025-10,82179.79
COMP_0532,2025-11,71307.48
COMP_0532,2025-12,43341.77
COMP_0532,2026-01,52687.82
COMP_0532,2026-02,48135.36
COMP_0532,2026-03,39082.85
COMP_0532,2026-04,31993.96
COMP_0532,2026-05,26591.68
COMP_0532,2026-06,17284.11
COMP_0532,2026-07,23548.42
COMP_0532,2026-08,14342.37
COMP_0533,2025-05,25669.9
COMP_0533,2025-06,19665.58
COMP_0533,2025-07,28447.55
COMP_0533,2025-08,29139.57
COMP_0533,2025-09,18234.05
COMP_0533,2025-10,19990.02
COMP_0533,2025-11,11694.98
COMP_0533,2025-12,39448.55
COMP_0533,2026-01,35428.37
COMP_0533,2026-02,26012.35
COMP_0533,2026-03,19272.03
COMP_0533,2026-04,17290.43
COMP_0533,2026-05,9847.48
COMP_0533,2026-06,10886.81
COMP_0533,2026-07,10886.81
COMP_0533,2026-08,10886.81
COMP_0534,2026-04,70522.24
COMP_0534,2026-05,77119.64
COMP_0534,2026-06,68005.3
COMP_0534,2026-07,71468.75
COMP_0534,2026-08,72084.89
COMP_0535,2025-02,-77446.49
COMP_0535,2025-03,47890.79
COMP_0535,2025-04,-85912.27
COMP_0535,2025-05,-53761.25
COMP_0535,2025-06,-77587.72
COMP_0535,2025-07,29817.41
COMP_0535,2025-08,40042.63
COMP_0535,2025-09,-62903.8
COMP_0535,2025-10,48179.3
COMP_0535,2025-11,-348189.3
COMP_0535,2025-12,-85080.19
COMP_0535,2026-01,160392.89
COMP_0535,2026-02,241516.69
COMP_0535,2026-03,-114088.68
COMP_0535,2026-04,-209382.53
COMP_0535,2026-05,-8116.14
COMP_0535,2026-06,209837.73
COMP_0535,2026-07,95506.97
COMP_0535,2026-08,71754.59
COMP_0536,2026-07,18880.66
COMP_0536,2026-08,24398.91
COMP_0537,2025-12,-5.820766e-11
COMP_0537,2026-01,-1.4551915e-10
COMP_0537,2026-02,0
COMP_0537,2026-03,0
COMP_0537,2026-04,0
COMP_0537,2026-05,0
COMP_0537,2026-06,0
COMP_0537,2026-07,0
COMP_0537,2026-08,0
COMP_0538,2025-02,-4.365961e+06
COMP_0538,2025-03,-4.402741e+06
COMP_0538,2025-04,-4.317425e+06
COMP_0538,2025-05,-4.9608915e+06
COMP_0538,2025-06,-4.9804815e+06
COMP_0538,2025-07,-4.7385965e+06
COMP_0538,2025-08,-4.953794e+06
COMP_0538,2025-09,-4.9131965e+06
COMP_0538,2025-10,-4.7224955e+06
COMP_0538,2025-11,-4.9356995e+06
COMP_0538,2025-12,-4.6751295e+06
COMP_0538,2026-01,-4.723842e+06
COMP_0538,2026-02,-4.739973e+06
COMP_0538,2026-03,-4.7508405e+06
COMP_0538,2026-04,-4.789908e+06
COMP_0538,2026-05,-4.801047e+06
COMP_0538,2026-06,-4.8124315e+06
COMP_0538,2026-07,-3.9722052e+06
COMP_0538,2026-08,-3.9469082e+06
COMP_0539,2025-02,559039.56
COMP_0539,2025-03,559052.75
COMP_0539,2025-04,590012.94
COMP_0539,2025-05,777352.4
COMP_0539,2025-06,555199.4
COMP_0539,2025-07,486547.78
COMP_0539,2025-08,403648.06
COMP_0539,2025-09,1.0861321e+06
COMP_0539,2025-10,977992.06
COMP_0539,2025-11,910227.3
COMP_0539,2025-12,807630.75
COMP_0539,2026-01,1.02947075e+06
COMP_0539,2026-02,407313.84
COMP_0539,2026-03,269914.53
COMP_0539,2026-04,144444.7
COMP_0539,2026-05,139378.5
COMP_0539,2026-06,117776.39
COMP_0539,2026-07,359523.5
COMP_0539,2026-08,165878.6
COMP_0540,2026-06,179510.38
COMP_0540,2026-07,43776.76
COMP_0540,2026-08,-85803.39
COMP_0541,2026-01,426530.06
COMP_0541,2026-02,218193.8
COMP_0541,2026-03,191835.03
COMP_0541,2026-04,452427
COMP_0541,2026-05,185634.02
COMP_0541,2026-06,192558.02
COMP_0541,2026-07,30446.84
COMP_0541,2026-08,121204.01
COMP_0542,2025-05,1.289643e+06
COMP_0542,2025-06,1.6816478e+06
COMP_0542,2025-07,2.6376908e+06
COMP_0542,2025-08,2.5890542e+06
COMP_0542,2025-09,2.0617788e+06
COMP_0542,2025-10,2.6054328e+06
COMP_0542,2025-11,1.2153442e+06
COMP_0542,2025-12,1.904061e+06
COMP_0542,2026-01,3.9502008e+06
COMP_0542,2026-02,1.3227996e+06
COMP_0542,2026-03,1.3197656e+06
COMP_0542,2026-04,5.1673645e+06
COMP_0542,2026-05,2.141885e+06
COMP_0542,2026-06,2.5971068e+06
COMP_0542,2026-07,2.2631048e+06
COMP_0542,2026-08,3.179296e+06
COMP_0543,2025-12,522511.88
COMP_0543,2026-01,556235.9
COMP_0543,2026-02,659744.9
COMP_0543,2026-03,4787.51
COMP_0543,2026-04,82913.8
COMP_0543,2026-05,167600.7
COMP_0543,2026-06,24249.02
COMP_0543,2026-07,60188.95
COMP_0543,2026-08,118757.87
COMP_0544,2025-05,1.1816313e+07
COMP_0544,2025-06,1.1636856e+07
COMP_0544,2025-07,9.190723e+06
COMP_0544,2025-08,1.1753122e+07
COMP_0544,2025-09,9.222307e+06
COMP_0544,2025-10,9.584349e+06
COMP_0544,2025-11,5.9689525e+06
COMP_0544,2025-12,1.6789558e+06
COMP_0544,2026-01,4.1911872e+06
COMP_0544,2026-02,-1.7686288e+06
COMP_0544,2026-03,-4.924977e+06
COMP_0544,2026-04,-8.1040385e+06
COMP_0544,2026-05,-8.735988e+06
COMP_0544,2026-06,-5.67176e+06
COMP_0544,2026-07,-6.80346e+06
COMP_0544,2026-08,-4.240692e+06
COMP_0545,2025-02,468789.5
COMP_0545,2025-03,516947.3
COMP_0545,2025-04,548418.9
COMP_0545,2025-05,586142
COMP_0545,2025-06,631221.1
COMP_0545,2025-07,657223.2
COMP_0545,2025-08,690626.1
COMP_0545,2025-09,738122.1
COMP_0545,2025-10,758483.94
COMP_0545,2025-11,813116.06
COMP_0545,2025-12,849253.8
COMP_0545,2026-01,805412.3
COMP_0545,2026-02,929882.44
COMP_0545,2026-03,971443.06
COMP_0545,2026-04,1.0003665e+06
COMP_0545,2026-05,977592.25
COMP_0545,2026-06,1.0254779e+06
COMP_0545,2026-07,1.01120706e+06
COMP_0545,2026-08,30392.96
COMP_0546,2025-05,57244.67
COMP_0546,2025-06,70504.12
COMP_0546,2025-07,78628
COMP_0546,2025-08,83218.65
COMP_0546,2025-09,92228.07
COMP_0546,2025-10,53540.73
COMP_0546,2025-11,59592.16
COMP_0546,2025-12,78038.6
COMP_0546,2026-01,82582.48
COMP_0546,2026-02,29399.63
COMP_0546,2026-03,38388.25
COMP_0546,2026-04,43900.91
COMP_0546,2026-05,72154.9
COMP_0546,2026-06,67447.68
COMP_0546,2026-07,85116.36
COMP_0546,2026-08,22258.47
COMP_0547,2025-05,806702.5
COMP_0547,2025-06,237988.1
COMP_0547,2025-07,186311.34
COMP_0547,2025-08,199430.7
COMP_0547,2025-09,258040.86
COMP_0547,2025-10,255514.92
COMP_0547,2025-11,302913.7
COMP_0547,2025-12,259572.14
COMP_0547,2026-01,309007.97
COMP_0547,2026-02,396661.78
COMP_0547,2026-03,430605.9
COMP_0547,2026-04,379758.62
COMP_0547,2026-05,428201.56
COMP_0547,2026-06,532670.75
COMP_0547,2026-07,258760.12
COMP_0547,2026-08,253092.5
COMP_0548,2025-07,8.0353845e+06
COMP_0548,2025-08,1.0972776e+07
COMP_0548,2025-09,4.0337152e+06
COMP_0548,2025-10,6.221598e+06
COMP_0548,2025-11,5.567245e+06
COMP_0548,2025-12,3.4340435e+06
COMP_0548,2026-01,6.04068e+06
COMP_0548,2026-02,7.3042905e+06
COMP_0548,2026-03,5.065207e+06
COMP_0548,2026-04,8.816059e+06
COMP_0548,2026-05,1.1099436e+07
COMP_0548,2026-06,6.4439205e+06
COMP_0548,2026-07,7.741636e+06
COMP_0548,2026-08,1.1045105e+07
COMP_0549,2025-02,8135.75
COMP_0549,2025-03,3.2200568e+06
COMP_0549,2025-04,3.1719318e+06
COMP_0549,2025-05,3.1641852e+06
COMP_0549,2025-06,109318.12
COMP_0549,2025-07,70934.55
COMP_0549,2025-08,30293.66
COMP_0549,2025-09,51201.52
COMP_0549,2025-10,218604.23
COMP_0549,2025-11,11832.67
COMP_0549,2025-12,2473.07
COMP_0549,2026-01,3297.55
COMP_0549,2026-02,2413.93
COMP_0549,2026-03,13422.08
COMP_0549,2026-04,713532.94
COMP_0549,2026-05,3237.36
COMP_0549,2026-06,127879.13
COMP_0549,2026-07,5133.41
COMP_0549,2026-08,89553.14
COMP_0550,2026-06,103953.48
COMP_0550,2026-07,21778.89
COMP_0550,2026-08,8395.38
COMP_0551,2026-07,24647.04
COMP_0551,2026-08,51719.69
COMP_0552,2025-02,-1.670683e+06
COMP_0552,2025-03,-1.670683e+06
COMP_0552,2025-04,-1.670683e+06
COMP_0552,2025-05,-1.670683e+06
COMP_0552,2025-06,-1.670683e+06
COMP_0552,2025-07,0
COMP_0552,2025-08,0
COMP_0552,2025-09,0
COMP_0552,2025-10,0
COMP_0552,2025-11,0
COMP_0552,2025-12,0
COMP_0552,2026-01,0
COMP_0552,2026-02,0
COMP_0552,2026-03,0
COMP_0552,2026-04,0
COMP_0552,2026-05,0
COMP_0552,2026-06,0
COMP_0552,2026-07,0
COMP_0552,2026-08,0
COMP_0553,2025-07,131477.88
COMP_0553,2025-08,83400.52
COMP_0553,2025-09,165163.7
COMP_0553,2025-10,171245.4
COMP_0553,2025-11,142215.38
COMP_0553,2025-12,103739.38
COMP_0553,2026-01,186002.03
COMP_0553,2026-02,169409
COMP_0553,2026-03,137240.16
COMP_0553,2026-04,148186.52
COMP_0553,2026-05,182813.8
COMP_0553,2026-06,208474.4
COMP_0553,2026-07,172339.61
COMP_0553,2026-08,158069.44
COMP_0554,2026-06,209938.95
COMP_0554,2026-07,202167.16
COMP_0554,2026-08,183329.92
COMP_0555,2025-02,107356.12
COMP_0555,2025-03,62633.37
COMP_0555,2025-04,84163.06
COMP_0555,2025-05,58218.81
COMP_0555,2025-06,248055.34
COMP_0555,2025-07,204973.84
COMP_0555,2025-08,210395.38
COMP_0555,2025-09,205504.48
COMP_0555,2025-10,156041.8
COMP_0555,2025-11,205700.98
COMP_0555,2025-12,186300.81
COMP_0555,2026-01,160939.62
COMP_0555,2026-02,263899.78
COMP_0555,2026-03,196532.89
COMP_0555,2026-04,161798.3
COMP_0555,2026-05,147316.44
COMP_0555,2026-06,111545.47
COMP_0555,2026-07,141600.73
COMP_0555,2026-08,139668.31
COMP_0556,2025-09,162445.27
COMP_0556,2025-10,609280.9
COMP_0556,2025-11,390030.34
COMP_0556,2025-12,387554.62
COMP_0556,2026-01,285530.6
COMP_0556,2026-02,19932.8
COMP_0556,2026-03,-39807.5
COMP_0556,2026-04,78382.75
COMP_0556,2026-05,-11713.65
COMP_0556,2026-06,-1396.18
COMP_0556,2026-07,485.8
COMP_0556,2026-08,-31542.73
COMP_0557,2025-10,2148.82
COMP_0557,2025-11,1932.78
COMP_0557,2025-12,1932.78
COMP_0557,2026-01,1912.89
COMP_0557,2026-02,1912.89
COMP_0557,2026-03,1480.81
COMP_0557,2026-04,1334.44
COMP_0557,2026-05,766.7
COMP_0557,2026-06,766.7
COMP_0557,2026-07,698.96
COMP_0557,2026-08,698.96
COMP_0558,2026-07,19060.03
COMP_0558,2026-08,19395.62
COMP_0559,2025-10,17864.44
COMP_0559,2025-11,11912.54
COMP_0559,2025-12,4521.83
COMP_0559,2026-01,655.04
COMP_0559,2026-02,729.95
COMP_0559,2026-03,8055.08
COMP_0559,2026-04,419.45
COMP_0559,2026-05,1972.3
COMP_0559,2026-06,1346.88
COMP_0559,2026-07,1579.69
COMP_0559,2026-08,2195.98
COMP_0560,2025-05,270484.53
COMP_0560,2025-06,211254.2
COMP_0560,2025-07,159251.52
COMP_0560,2025-08,202524.78
COMP_0560,2025-09,287460.16
COMP_0560,2025-10,121344.12
COMP_0560,2025-11,157130.9
COMP_0560,2025-12,713761.6
COMP_0560,2026-01,2.0942246e+06
COMP_0560,2026-02,2.0539241e+06
COMP_0560,2026-03,1.7249176e+06
COMP_0560,2026-04,1.3575071e+06
COMP_0560,2026-05,1.2587956e+06
COMP_0560,2026-06,1.344882e+06
COMP_0560,2026-07,603814.9
COMP_0560,2026-08,617105.44
COMP_0561,2025-08,2553.62
COMP_0561,2025-09,150471.27
COMP_0561,2025-10,3068.65
COMP_0561,2025-11,958.56
COMP_0561,2025-12,3801.87
COMP_0561,2026-01,4429.73
COMP_0561,2026-02,5783.82
COMP_0561,2026-03,4650.83
COMP_0561,2026-04,1262.86
COMP_0561,2026-05,1401.82
COMP_0561,2026-06,9038.33
COMP_0561,2026-07,2000.17
COMP_0561,2026-08,2338.46
COMP_0562,2025-02,1506.43
COMP_0562,2025-03,-4343.28
COMP_0562,2025-04,9223.03
COMP_0562,2025-05,73796.26
COMP_0562,2025-06,64584.4
COMP_0562,2025-07,48015.1
COMP_0562,2025-08,57737.29
COMP_0562,2025-09,36482.07
COMP_0562,2025-10,37095.88
COMP_0562,2025-11,26779.39
COMP_0562,2025-12,61496.21
COMP_0562,2026-01,27602.01
COMP_0562,2026-02,12312.92
COMP_0562,2026-03,14179.63
COMP_0562,2026-04,23401.17
COMP_0562,2026-05,11063.94
COMP_0562,2026-06,18277.08
COMP_0562,2026-07,51426.75
COMP_0562,2026-08,34731.87
COMP_0563,2025-06,896788.7
COMP_0563,2025-07,1.4175649e+06
COMP_0563,2025-08,820516.06
COMP_0563,2025-09,1.7121642e+06
COMP_0563,2025-10,995163.2
COMP_0563,2025-11,860852.75
COMP_0563,2025-12,627372.7
COMP_0563,2026-01,583947.9
COMP_0563,2026-02,625113.8
COMP_0563,2026-03,946407.7
COMP_0563,2026-04,1.1801878e+06
COMP_0563,2026-05,1.1316065e+06
COMP_0563,2026-06,1.0825321e+06
COMP_0563,2026-07,1.063473e+06
COMP_0563,2026-08,1.4220371e+06
COMP_0564,2025-02,74530.13
COMP_0564,2025-03,69797.3
COMP_0564,2025-04,49906.16
COMP_0564,2025-05,71727.68
COMP_0564,2025-06,74893.94
COMP_0564,2025-07,58679.89
COMP_0564,2025-08,70637.46
COMP_0564,2025-09,50275.02
COMP_0564,2025-10,52246.09
COMP_0564,2025-11,107907.69
COMP_0564,2025-12,83924.62
COMP_0564,2026-01,26213.41
COMP_0564,2026-02,50688.37
COMP_0564,2026-03,115801.8
COMP_0564,2026-04,113122.82
COMP_0564,2026-05,106449.51
COMP_0564,2026-06,90607.82
COMP_0564,2026-07,79434.33
COMP_0564,2026-08,101009.66
COMP_0565,2026-02,24469.66
COMP_0565,2026-03,23642.05
COMP_0565,2026-04,20320.75
COMP_0565,2026-05,13149.71
COMP_0565,2026-06,16560.41
COMP_0565,2026-07,17639.74
COMP_0565,2026-08,17639.74
COMP_0566,2026-06,425510.22
COMP_0566,2026-07,325855.22
COMP_0566,2026-08,278570.94
COMP_0567,2025-10,16782.48
COMP_0567,2025-11,19772.59
COMP_0567,2025-12,22762.7
COMP_0567,2026-01,25752.81
COMP_0567,2026-02,106478.81
COMP_0567,2026-03,154489.73
COMP_0567,2026-04,19844.25
COMP_0567,2026-05,33235
COMP_0567,2026-06,103129.59
COMP_0567,2026-07,4383.61
COMP_0567,2026-08,8994.1
COMP_0568,2025-06,823594.5
COMP_0568,2025-07,581475.8
COMP_0568,2025-08,613362.3
COMP_0568,2025-09,608373.4
COMP_0568,2025-10,151411
COMP_0568,2025-11,345405.47
COMP_0568,2025-12,92680.81
COMP_0568,2026-01,90221.92
COMP_0568,2026-02,113793.97
COMP_0568,2026-03,109097.7
COMP_0568,2026-04,249981.88
COMP_0568,2026-05,101364.89
COMP_0568,2026-06,64728.72
COMP_0568,2026-07,21002.44
COMP_0568,2026-08,23016.06
COMP_0569,2025-02,60200.86
COMP_0569,2025-03,111198.02
COMP_0569,2025-04,51463.53
COMP_0569,2025-05,12909.21
COMP_0569,2025-06,23533.56
COMP_0569,2025-07,17225.64
COMP_0569,2025-08,4741.38
COMP_0569,2025-09,67547.95
COMP_0569,2025-10,5405.29
COMP_0569,2025-11,42759.72
COMP_0569,2025-12,149803.94
COMP_0569,2026-01,6287.27
COMP_0569,2026-02,20067.94
COMP_0569,2026-03,28284.89
COMP_0569,2026-04,143651.56
COMP_0569,2026-05,152179.94
COMP_0569,2026-06,100046.46
COMP_0569,2026-07,188625.7
COMP_0569,2026-08,21222.7
COMP_0570,2026-07,579594.2
COMP_0570,2026-08,743801
COMP_0571,2025-02,65.69
COMP_0571,2025-03,35.69
COMP_0571,2025-04,5.69
COMP_0571,2025-05,0
COMP_0571,2025-06,-43.63
COMP_0571,2025-07,826.12
COMP_0571,2025-08,795.62
COMP_0571,2025-09,765.62
COMP_0571,2025-10,735.62
COMP_0571,2025-11,705.62
COMP_0571,2025-12,675.62
COMP_0571,2026-01,645.62
COMP_0571,2026-02,615.62
COMP_0571,2026-03,585.62
COMP_0571,2026-04,555.62
COMP_0571,2026-05,525.62
COMP_0571,2026-06,495.62
COMP_0571,2026-07,465.62
COMP_0571,2026-08,435.62
COMP_0572,2025-06,395.92
COMP_0572,2025-07,420.12
COMP_0572,2025-08,510.55
COMP_0572,2025-09,901.32
COMP_0572,2025-10,859.22
COMP_0572,2025-11,847.12
COMP_0572,2025-12,835.02
COMP_0572,2026-01,746.13
COMP_0572,2026-02,734.03
COMP_0572,2026-03,721.93
COMP_0572,2026-04,679.83
COMP_0572,2026-05,667.73
COMP_0572,2026-06,655.63
COMP_0572,2026-07,613.53
COMP_0572,2026-08,747.21
COMP_0573,2025-02,497336.2
COMP_0573,2025-03,1.7377872e+06
COMP_0573,2025-04,1.5721932e+06
COMP_0573,2025-05,7.529321e+06
COMP_0573,2025-06,8.726971e+06
COMP_0573,2025-07,1.2977453e+07
COMP_0573,2025-08,1.378746e+07
COMP_0573,2025-09,1.6343349e+07
COMP_0573,2025-10,1.6218646e+07
COMP_0573,2025-11,1.6218629e+07
COMP_0573,2025-12,1.6218629e+07
COMP_0573,2026-01,1.7026904e+07
COMP_0573,2026-02,1.7573704e+07
COMP_0573,2026-03,1.7558364e+07
COMP_0573,2026-04,1.7543024e+07
COMP_0573,2026-05,1.7527684e+07
COMP_0573,2026-06,1.7527684e+07
COMP_0573,2026-07,1.7512344e+07
COMP_0573,2026-08,1.7497004e+07
COMP_0574,2025-02,13508.36
COMP_0574,2025-03,22974.57
COMP_0574,2025-04,16666.06
COMP_0574,2025-05,13027.51
COMP_0574,2025-06,16605.39
COMP_0574,2025-07,100211.33
COMP_0574,2025-08,47683.38
COMP_0574,2025-09,96212.38
COMP_0574,2025-10,60234.64
COMP_0574,2025-11,43184.06
COMP_0574,2025-12,40362.9
COMP_0574,2026-01,37231.42
COMP_0574,2026-02,26393.89
COMP_0574,2026-03,43005.11
COMP_0574,2026-04,17985.46
COMP_0574,2026-05,25492.98
COMP_0574,2026-06,15845.24
COMP_0574,2026-07,11279.68
COMP_0574,2026-08,16716.81
COMP_0575,2025-03,785061.3
COMP_0575,2025-04,769727.2
COMP_0575,2025-05,750738.44
COMP_0575,2025-06,930196.94
COMP_0575,2025-07,972116.7
COMP_0575,2025-08,941940.3
COMP_0575,2025-09,955605.2
COMP_0575,2025-10,972368.44
COMP_0575,2025-11,998487.1
COMP_0575,2025-12,1.0738032e+06
COMP_0575,2026-01,1.1028124e+06
COMP_0575,2026-02,1.1837874e+06
COMP_0575,2026-03,1.1385681e+06
COMP_0575,2026-04,1.0996199e+06
COMP_0575,2026-05,1.126813e+06
COMP_0575,2026-06,1.1776414e+06
COMP_0575,2026-07,1.2022925e+06
COMP_0575,2026-08,1.2279825e+06
COMP_0576,2026-06,6.6796735e+06
COMP_0576,2026-07,3.726414e+06
COMP_0576,2026-08,3.4704285e+06
COMP_0577,2025-08,-4.0103032e-11
COMP_0577,2025-09,-2.245315e-12
COMP_0577,2025-10,-1.097078e-11
COMP_0577,2025-11,-1.8246737e-11
COMP_0577,2025-12,-1.8246737e-11
COMP_0577,2026-01,-2.1429969e-11
COMP_0577,2026-02,-1.3486101e-11
COMP_0577,2026-03,-6.82121e-13
COMP_0577,2026-04,2.9558578e-12
COMP_0577,2026-05,2.9558578e-12
COMP_0577,2026-06,1.1368684e-12
COMP_0577,2026-07,0
COMP_0577,2026-08,0
COMP_0578,2025-02,875740.75
COMP_0578,2025-03,138636.95
COMP_0578,2025-04,64845.86
COMP_0578,2025-05,236154.38
COMP_0578,2025-06,144107.33
COMP_0578,2025-07,185640.9
COMP_0578,2025-08,90382.01
COMP_0578,2025-09,129795.45
COMP_0578,2025-10,165872.72
COMP_0578,2025-11,139310.73
COMP_0578,2025-12,89919.88
COMP_0578,2026-01,123756.99
COMP_0578,2026-02,138503.97
COMP_0578,2026-03,88129.45
COMP_0578,2026-04,83324.54
COMP_0578,2026-05,124483.78
COMP_0578,2026-06,62265.16
COMP_0578,2026-07,59503.84
COMP_0578,2026-08,88009.27
COMP_0579,2025-02,98909.02
COMP_0579,2025-03,98909.02
COMP_0579,2025-04,139968
COMP_0579,2025-05,139968
COMP_0579,2025-06,139968
COMP_0579,2025-07,139968
COMP_0579,2025-08,139968
COMP_0579,2025-09,80257.24
COMP_0579,2025-10,114120.8
COMP_0579,2025-11,114987.63
COMP_0579,2025-12,114987.63
COMP_0579,2026-01,114987.63
COMP_0579,2026-02,114987.63
COMP_0579,2026-03,114987.63
COMP_0579,2026-04,114987.63
COMP_0579,2026-05,114987.63
COMP_0579,2026-06,37098.74
COMP_0579,2026-07,7218.37
COMP_0579,2026-08,7218.37
COMP_0580,2026-07,3.770461e+06
COMP_0580,2026-08,6.2766465e+06
COMP_0581,2025-02,2562.44
COMP_0581,2025-03,2989.62
COMP_0581,2025-04,3401.27
COMP_0581,2025-05,3236.74
COMP_0581,2025-06,5013.66
COMP_0581,2025-07,140.95
COMP_0581,2025-08,599.02
COMP_0581,2025-09,1279.7
COMP_0581,2025-10,1037.11
COMP_0581,2025-11,1697.15
COMP_0581,2025-12,1981.57
COMP_0581,2026-01,2660.64
COMP_0581,2026-02,2797.25
COMP_0581,2026-03,743.44
COMP_0581,2026-04,2120.5
COMP_0581,2026-05,1487.48
COMP_0581,2026-06,3065.3
COMP_0581,2026-07,1114.28
COMP_0581,2026-08,2626.25
COMP_0582,2025-02,562434.2
COMP_0582,2025-03,957716.06
COMP_0582,2025-04,658644.1
COMP_0582,2025-05,832826.75
COMP_0582,2025-06,848093
COMP_0582,2025-07,443378.1
COMP_0582,2025-08,439063.44
COMP_0582,2025-09,364033.75
COMP_0582,2025-10,345832.78
COMP_0582,2025-11,362156.53
COMP_0582,2025-12,358784.03
COMP_0582,2026-01,353767.28
COMP_0582,2026-02,312819.28
COMP_0582,2026-03,305739.6
COMP_0582,2026-04,290855.9
COMP_0582,2026-05,298492.84
COMP_0582,2026-06,297226.62
COMP_0582,2026-07,297540.22
COMP_0582,2026-08,297540.22
COMP_0583,2025-02,411188.66
COMP_0583,2025-03,224716.66
COMP_0583,2025-04,487519.12
COMP_0583,2025-05,725752.94
COMP_0583,2025-06,1.3375164e+06
COMP_0583,2025-07,1.131325e+06
COMP_0583,2025-08,1.3679909e+06
COMP_0583,2025-09,2.3728078e+06
COMP_0583,2025-10,389062.72
COMP_0583,2025-11,1.03066306e+06
COMP_0583,2025-12,1.8141142e+06
COMP_0583,2026-01,1.6215308e+06
COMP_0583,2026-02,2.0754172e+06
COMP_0583,2026-03,2.1079415e+06
COMP_0583,2026-04,47582.35
COMP_0583,2026-05,347903.44
COMP_0583,2026-06,350896.38
COMP_0583,2026-07,890422
COMP_0583,2026-08,810275.6
COMP_0584,2026-01,126256.63
COMP_0584,2026-02,578295.75
COMP_0584,2026-03,405375.6
COMP_0584,2026-04,404161.97
COMP_0584,2026-05,406885.8
COMP_0584,2026-06,411599.9
COMP_0584,2026-07,427335.66
COMP_0584,2026-08,429036.84
COMP_0585,2025-02,21.04
COMP_0585,2025-03,5.684342e-14
COMP_0585,2025-04,5.684342e-14
COMP_0585,2025-05,5.684342e-14
COMP_0585,2025-06,5.684342e-14
COMP_0585,2025-07,5.684342e-14
COMP_0585,2025-08,-705.37
COMP_0585,2025-09,202.4
COMP_0585,2025-10,202.4
COMP_0585,2025-11,1103.4
COMP_0585,2025-12,749.8
COMP_0585,2026-01,640.9
COMP_0585,2026-02,580.4
COMP_0585,2026-03,519.6
COMP_0585,2026-04,181.15
COMP_0585,2026-05,181.15
COMP_0585,2026-06,120.35
COMP_0585,2026-07,120.35
COMP_0585,2026-08,48.35
COMP_0586,2026-07,4.656613e-10
COMP_0586,2026-08,-2.3283064e-10
COMP_0587,2025-05,465.48
COMP_0587,2025-06,219.43
COMP_0587,2025-07,2886.22
COMP_0587,2025-08,2704.97
COMP_0587,2025-09,2458.92
COMP_0587,2025-10,4191.09
COMP_0587,2025-11,3752.48
COMP_0587,2025-12,361.36
COMP_0587,2026-01,163.76
COMP_0587,2026-02,424.17
COMP_0587,2026-03,209.35
COMP_0587,2026-04,1799.41
COMP_0587,2026-05,1499.92
COMP_0587,2026-06,1240.17
COMP_0587,2026-07,1043.44
COMP_0587,2026-08,850.09
COMP_0588,2025-02,84475.28
COMP_0588,2025-03,63405.34
COMP_0588,2025-04,72877.57
COMP_0588,2025-05,96017.29
COMP_0588,2025-06,70778.62
COMP_0588,2025-07,63613.58
COMP_0588,2025-08,84625.25
COMP_0588,2025-09,125392.06
COMP_0588,2025-10,74009.67
COMP_0588,2025-11,68913.37
COMP_0588,2025-12,81904.96
COMP_0588,2026-01,78699.15
COMP_0588,2026-02,153035.2
COMP_0588,2026-03,114245.87
COMP_0588,2026-04,97913.99
COMP_0588,2026-05,76849.19
COMP_0588,2026-06,113209.61
COMP_0588,2026-07,110856.32
COMP_0588,2026-08,163077.88
COMP_0589,2026-07,76421.84
COMP_0589,2026-08,75162.35
COMP_0590,2026-03,19712.22
COMP_0590,2026-04,10156
COMP_0590,2026-05,33034.08
COMP_0590,2026-06,28616.6
COMP_0590,2026-07,33011.85
COMP_0590,2026-08,52387.37
COMP_0591,2026-03,815927.1
COMP_0591,2026-04,658335.1
COMP_0591,2026-05,3.236741e+06
COMP_0591,2026-06,1.4724019e+06
COMP_0591,2026-07,127274.78
COMP_0591,2026-08,171730
COMP_0592,2026-03,348829
COMP_0592,2026-04,120168.25
COMP_0592,2026-05,211142.66
COMP_0592,2026-06,142938.23
COMP_0592,2026-07,706428.75
COMP_0592,2026-08,57203.92
COMP_0593,2025-11,113678.59
COMP_0593,2025-12,722896.7
COMP_0593,2026-01,7.588379e+06
COMP_0593,2026-02,451748.2
COMP_0593,2026-03,245823.19
COMP_0593,2026-04,9.82982e+06
COMP_0593,2026-05,45231.29
COMP_0593,2026-06,43467.89
COMP_0593,2026-07,257803.66
COMP_0593,2026-08,81137.4
COMP_0594,2025-02,423153
COMP_0594,2025-03,236707
COMP_0594,2025-04,183771.95
COMP_0594,2025-05,127497.7
COMP_0594,2025-06,155902.17
COMP_0594,2025-07,130805.88
COMP_0594,2025-08,125456.26
COMP_0594,2025-09,184900.84
COMP_0594,2025-10,1.0617315e+06
COMP_0594,2025-11,755643.44
COMP_0594,2025-12,464900.75
COMP_0594,2026-01,265097.8
COMP_0594,2026-02,849539.9
COMP_0594,2026-03,414864.28
COMP_0594,2026-04,141847.94
COMP_0594,2026-05,320896.53
COMP_0594,2026-06,240790
COMP_0594,2026-07,210561.6
COMP_0594,2026-08,181611.2
COMP_0595,2025-02,45335.25
COMP_0595,2025-03,29838.3
COMP_0595,2025-04,26808.3
COMP_0595,2025-05,3.1525088e+06
COMP_0595,2025-06,274126.9
COMP_0595,2025-07,183206.84
COMP_0595,2025-08,183054.95
COMP_0595,2025-09,193079.67
COMP_0595,2025-10,3049.55
COMP_0595,2025-11,3049.55
COMP_0595,2025-12,51709.23
COMP_0595,2026-01,51670.87
COMP_0595,2026-02,336394.75
COMP_0595,2026-03,316266.34
COMP_0595,2026-04,11223.63
COMP_0595,2026-05,6181.63
COMP_0595,2026-06,46089.23
COMP_0595,2026-07,4.028921e+06
COMP_0595,2026-08,2.1388708e+06
COMP_0596,2025-02,33583.88
COMP_0596,2025-03,105194.54
COMP_0596,2025-04,157670.45
COMP_0596,2025-05,268791.75
COMP_0596,2025-06,162396.56
COMP_0596,2025-07,942779.4
COMP_0596,2025-08,906051.6
COMP_0596,2025-09,891496.75
COMP_0596,2025-10,140462.1
COMP_0596,2025-11,113027
COMP_0596,2025-12,45517.28
COMP_0596,2026-01,85890.62
COMP_0596,2026-02,54447.88
COMP_0596,2026-03,75189.49
COMP_0596,2026-04,37372.34
COMP_0596,2026-05,155102.47
COMP_0596,2026-06,127072.78
COMP_0596,2026-07,103813.1
COMP_0596,2026-08,77416.8
COMP_0597,2026-03,-61729.5
COMP_0597,2026-04,-78216.58
COMP_0597,2026-05,-54658.02
COMP_0597,2026-06,771991.75
COMP_0597,2026-07,33287.77
COMP_0597,2026-08,33949.96
COMP_0598,2025-06,980529.6
COMP_0598,2025-07,1.4721178e+06
COMP_0598,2025-08,1.5540625e+06
COMP_0598,2025-09,1.880526e+06
COMP_0598,2025-10,1.4394236e+06
COMP_0598,2025-11,2.6745738e+06
COMP_0598,2025-12,1.8112239e+06
COMP_0598,2026-01,1.8184158e+06
COMP_0598,2026-02,3.1836368e+06
COMP_0598,2026-03,5.2767205e+06
COMP_0598,2026-04,5.622054e+06
COMP_0598,2026-05,6.049447e+06
COMP_0598,2026-06,6.2153245e+06
COMP_0598,2026-07,6.752032e+06
COMP_0598,2026-08,7.142957e+06
COMP_0599,2025-12,104953.51
COMP_0599,2026-01,107755.47
COMP_0599,2026-02,112799.33
COMP_0599,2026-03,112799.33
COMP_0599,2026-04,114715.53
COMP_0599,2026-05,117566.23
COMP_0599,2026-06,120416.93
COMP_0599,2026-07,123267.63
COMP_0599,2026-08,123267.63
COMP_0600,2025-06,1.472479e+06
COMP_0600,2025-07,1.5288802e+06
COMP_0600,2025-08,1.7349346e+06
COMP_0600,2025-09,1.7609508e+06
COMP_0600,2025-10,1.3245949e+06
COMP_0600,2025-11,1.479883e+06
COMP_0600,2025-12,1.8580722e+06
COMP_0600,2026-01,1.6773309e+06
COMP_0600,2026-02,1.627458e+06
COMP_0600,2026-03,1.601459e+06
COMP_0600,2026-04,1.6056926e+06
COMP_0600,2026-05,1.6064288e+06
COMP_0600,2026-06,1.7156871e+06
COMP_0600,2026-07,1.3950514e+06
COMP_0600,2026-08,1.3783478e+06
COMP_0601,2025-02,458203.47
COMP_0601,2025-03,361322.78
COMP_0601,2025-04,343928.97
COMP_0601,2025-05,326879.97
COMP_0601,2025-06,221340.66
COMP_0601,2025-07,202347.66
COMP_0601,2025-08,188688.44
COMP_0601,2025-09,171155.48
COMP_0601,2025-10,157276.55
COMP_0601,2025-11,1.8720146e+07
COMP_0601,2025-12,1.8353208e+07
COMP_0601,2026-01,437258.66
COMP_0601,2026-02,430308.62
COMP_0601,2026-03,375502.47
COMP_0601,2026-04,357715.56
COMP_0601,2026-05,343390.2
COMP_0601,2026-06,328038.34
COMP_0601,2026-07,282416.66
COMP_0601,2026-08,528761.5
COMP_0602,2025-06,55107.11
COMP_0602,2025-07,15259.65
COMP_0602,2025-08,31163.33
COMP_0602,2025-09,23413.66
COMP_0602,2025-10,5971.54
COMP_0602,2025-11,8921.72
COMP_0602,2025-12,11601.35
COMP_0602,2026-01,10638.25
COMP_0602,2026-02,13310.19
COMP_0602,2026-03,13761.34
COMP_0602,2026-04,7679.85
COMP_0602,2026-05,18956.25
COMP_0602,2026-06,23044.49
COMP_0602,2026-07,8819.42
COMP_0602,2026-08,3531.51
COMP_0603,2026-06,160983.53
COMP_0603,2026-07,450466.1
COMP_0603,2026-08,342637.75
COMP_0604,2025-02,1.0080586e+09
COMP_0604,2025-03,1.0231293e+09
COMP_0604,2025-04,1.0196752e+09
COMP_0604,2025-05,1.01949325e+09
COMP_0604,2025-06,1.0146109e+09
COMP_0604,2025-07,1.014785e+09
COMP_0604,2025-08,1.0138012e+09
COMP_0604,2025-09,1.01360026e+09
COMP_0604,2025-10,1.0140444e+09
COMP_0604,2025-11,1.0137918e+09
COMP_0604,2025-12,9.9576896e+08
COMP_0604,2026-01,9.9832506e+08
COMP_0604,2026-02,9.995787e+08
COMP_0604,2026-03,1.00214957e+09
COMP_0604,2026-04,9.9637254e+08
COMP_0604,2026-05,9.93278e+08
COMP_0604,2026-06,1.01419334e+09
COMP_0604,2026-07,9.9786163e+08
COMP_0604,2026-08,9.966622e+08
COMP_0605,2026-01,58221.71
COMP_0605,2026-02,102060.04
COMP_0605,2026-03,96702.98
COMP_0605,2026-04,71355.9
COMP_0605,2026-05,85092.95
COMP_0605,2026-06,119868.96
COMP_0605,2026-07,156849.9
COMP_0605,2026-08,103575.11
COMP_0606,2025-10,-236971.16
COMP_0606,2025-11,1021.4
COMP_0606,2025-12,1021.4
COMP_0606,2026-01,4371.32
COMP_0606,2026-02,0
COMP_0606,2026-03,0
COMP_0606,2026-04,0
COMP_0606,2026-05,0
COMP_0606,2026-06,0
COMP_0606,2026-07,0
COMP_0606,2026-08,0
COMP_0607,2025-06,521678.6
COMP_0607,2025-07,507983.88
COMP_0607,2025-08,501371.72
COMP_0607,2025-09,531253.75
COMP_0607,2025-10,496134.03
COMP_0607,2025-11,507729.38
COMP_0607,2025-12,692814.56
COMP_0607,2026-01,666032.75
COMP_0607,2026-02,699640.75
COMP_0607,2026-03,678135.75
COMP_0607,2026-04,675288.25
COMP_0607,2026-05,792236.5
COMP_0607,2026-06,778557.3
COMP_0607,2026-07,700909.56
COMP_0607,2026-08,2.1290485e+06
COMP_0608,2026-06,36576.84
COMP_0608,2026-07,147335.1
COMP_0608,2026-08,112264.74
COMP_0609,2025-06,5.1742475e+06
COMP_0609,2025-07,5.092754e+06
COMP_0609,2025-08,5.3878715e+06
COMP_0609,2025-09,2.5322472e+06
COMP_0609,2025-10,2.531911e+06
COMP_0609,2025-11,2.5315902e+06
COMP_0609,2025-12,2.531891e+06
COMP_0609,2026-01,2.5300858e+06
COMP_0609,2026-02,2.5300778e+06
COMP_0609,2026-03,2.5297475e+06
COMP_0609,2026-04,2.5367672e+06
COMP_0609,2026-05,2.5295675e+06
COMP_0609,2026-06,2.5475008e+06
COMP_0609,2026-07,490967.03
COMP_0609,2026-08,508816.03
COMP_0610,2025-02,1.7374901e+06
COMP_0610,2025-03,1.3605061e+06
COMP_0610,2025-04,1.4182762e+06
COMP_0610,2025-05,1.4481369e+06
COMP_0610,2025-06,1.4734269e+06
COMP_0610,2025-07,259322.48
COMP_0610,2025-08,287894.94
COMP_0610,2025-09,1.4507546e+06
COMP_0610,2025-10,1.4298894e+06
COMP_0610,2025-11,1.3819839e+06
COMP_0610,2025-12,1.4078499e+06
COMP_0610,2026-01,1.4676264e+06
COMP_0610,2026-02,1.5460635e+06
COMP_0610,2026-03,1.6218979e+06
COMP_0610,2026-04,1.6687475e+06
COMP_0610,2026-05,1.7360666e+06
COMP_0610,2026-06,1.7887285e+06
COMP_0610,2026-07,1.8301054e+06
COMP_0610,2026-08,1.8698318e+06
COMP_0611,2025-03,-2.3140465e+06
COMP_0611,2025-04,-2.7302008e+06
COMP_0611,2025-05,-2.7302458e+06
COMP_0611,2025-06,-2.7302458e+06
COMP_0611,2025-07,-2.7302458e+06
COMP_0611,2025-08,-2.7302458e+06
COMP_0611,2025-09,-2.7302458e+06
COMP_0611,2025-10,-2.7302458e+06
COMP_0611,2025-11,-2.7302458e+06
COMP_0611,2025-12,-3.4108108e+06
COMP_0611,2026-01,-4.0870858e+06
COMP_0611,2026-02,-4.280807e+06
COMP_0611,2026-03,-3.680807e+06
COMP_0611,2026-04,-3.419247e+06
COMP_0611,2026-05,-3.419247e+06
COMP_0611,2026-06,-3.419247e+06
COMP_0611,2026-07,-3.419247e+06
COMP_0611,2026-08,-3.416967e+06
COMP_0612,2025-02,1.01302244e+06
COMP_0612,2025-03,1.3613656e+06
COMP_0612,2025-04,1.5523542e+06
COMP_0612,2025-05,1.5530826e+06
COMP_0612,2025-06,1.5809424e+06
COMP_0612,2025-07,422243.5
COMP_0612,2025-08,592073.56
COMP_0612,2025-09,377300.06
COMP_0612,2025-10,478801.03
COMP_0612,2025-11,522987.38
COMP_0612,2025-12,919760.94
COMP_0612,2026-01,919760.94
COMP_0612,2026-02,919760.94
COMP_0612,2026-03,919760.94
COMP_0612,2026-04,919760.94
COMP_0612,2026-05,919760.94
COMP_0612,2026-06,929410.4
COMP_0612,2026-07,929410.4
COMP_0612,2026-08,929410.4
COMP_0613,2025-02,1851.48
COMP_0613,2025-03,12588.12
COMP_0613,2025-04,15840.22
COMP_0613,2025-05,9674.58
COMP_0613,2025-06,-2008.98
COMP_0613,2025-07,268.11
COMP_0613,2025-08,5402.4
COMP_0613,2025-09,823.36
COMP_0613,2025-10,5844.62
COMP_0613,2025-11,8634.08
COMP_0613,2025-12,2204.02
COMP_0613,2026-01,-2271.51
COMP_0613,2026-02,-1792.74
COMP_0613,2026-03,-334.91
COMP_0613,2026-04,3710.59
COMP_0613,2026-05,-1137.19
COMP_0613,2026-06,1490.01
COMP_0613,2026-07,5889.57
COMP_0613,2026-08,11015.27
COMP_0614,2025-02,35310.06
COMP_0614,2025-03,37205.9
COMP_0614,2025-04,11704.39
COMP_0614,2025-05,166649.88
COMP_0614,2025-06,238869.2
COMP_0614,2025-07,128420.04
COMP_0614,2025-08,313323.78
COMP_0614,2025-09,594615.94
COMP_0614,2025-10,287583.03
COMP_0614,2025-11,187662.33
COMP_0614,2025-12,87941.82
COMP_0614,2026-01,46558.91
COMP_0614,2026-02,24791.94
COMP_0614,2026-03,18512.34
COMP_0614,2026-04,63531.76
COMP_0614,2026-05,62526.59
COMP_0614,2026-06,106407.31
COMP_0614,2026-07,111193.85
COMP_0614,2026-08,111872
COMP_0615,2025-03,323693.06
COMP_0615,2025-04,71197.79
COMP_0615,2025-05,48804.39
COMP_0615,2025-06,215263.64
COMP_0615,2025-07,50166.41
COMP_0615,2025-08,27660.21
COMP_0615,2025-09,180676.22
COMP_0615,2025-10,178586.2
COMP_0615,2025-11,333338.5
COMP_0615,2025-12,908460.6
COMP_0615,2026-01,621191.56
COMP_0615,2026-02,723819.4
COMP_0615,2026-03,741681.94
COMP_0615,2026-04,628177.6
COMP_0615,2026-05,654483.7
COMP_0615,2026-06,443614.62
COMP_0615,2026-07,130968.61
COMP_0615,2026-08,190021.05
COMP_0616,2025-02,1.974889e+06
COMP_0616,2025-03,2.3465145e+06
COMP_0616,2025-04,2.1204078e+06
COMP_0616,2025-05,1.8450239e+06
COMP_0616,2025-06,1.305478e+06
COMP_0616,2025-07,1.1091021e+06
COMP_0616,2025-08,945109.94
COMP_0616,2025-09,587633
COMP_0616,2025-10,991921
COMP_0616,2025-11,1.851826e+06
COMP_0616,2025-12,558565.94
COMP_0616,2026-01,1.01212525e+06
COMP_0616,2026-02,1.4066371e+06
COMP_0616,2026-03,1.03676956e+06
COMP_0616,2026-04,679525.06
COMP_0616,2026-05,491864.16
COMP_0616,2026-06,435760.84
COMP_0616,2026-07,626795.9
COMP_0616,2026-08,854496.06
COMP_0617,2026-04,-1.4183974e+06
COMP_0617,2026-05,-647029.5
COMP_0617,2026-06,-625498.6
COMP_0617,2026-07,1.3859699e+06
COMP_0617,2026-08,1.307638e+06
COMP_0618,2025-02,31016.58
COMP_0618,2025-03,22325.27
COMP_0618,2025-04,78991.94
COMP_0618,2025-05,49492.27
COMP_0618,2025-06,42740.11
COMP_0618,2025-07,95573.21
COMP_0618,2025-08,61341.78
COMP_0618,2025-09,51899.24
COMP_0618,2025-10,44524.18
COMP_0618,2025-11,44502.83
COMP_0618,2025-12,66854.45
COMP_0618,2026-01,52591.66
COMP_0618,2026-02,31976.77
COMP_0618,2026-03,24783.51
COMP_0618,2026-04,52711.38
COMP_0618,2026-05,88694.71
COMP_0618,2026-06,73993.89
COMP_0618,2026-07,87273.48
COMP_0618,2026-08,46039.03
COMP_0619,2026-07,14643.43
COMP_0619,2026-08,83574.35
COMP_0620,2025-06,7489.73
COMP_0620,2025-07,36634.1
COMP_0620,2025-08,52604.25
COMP_0620,2025-09,22970.53
COMP_0620,2025-10,21553.7
COMP_0620,2025-11,3196.5
COMP_0620,2025-12,21000.57
COMP_0620,2026-01,10787.87
COMP_0620,2026-02,11373.65
COMP_0620,2026-03,15823.07
COMP_0620,2026-04,6338.04
COMP_0620,2026-05,18221.26
COMP_0620,2026-06,19783.34
COMP_0620,2026-07,19285.52
COMP_0620,2026-08,27718.26
COMP_0621,2025-11,3.583252e+06
COMP_0621,2025-12,1.3559928e+06
COMP_0621,2026-01,1.4993414e+06
COMP_0621,2026-02,2.1993245e+06
COMP_0621,2026-03,3.2312985e+06
COMP_0621,2026-04,3.7916262e+06
COMP_0621,2026-05,4.351736e+06
COMP_0621,2026-06,5.075869e+06
COMP_0621,2026-07,5.1868345e+06
COMP_0621,2026-08,6.02919e+06
COMP_0622,2026-03,751871.8
COMP_0622,2026-04,65236.2
COMP_0622,2026-05,162043.48
COMP_0622,2026-06,35702.83
COMP_0622,2026-07,35702.83
COMP_0622,2026-08,35702.83
COMP_0623,2025-07,545044.9
COMP_0623,2025-08,284675.28
COMP_0623,2025-09,192237.34
COMP_0623,2025-10,219899.52
COMP_0623,2025-11,204248.53
COMP_0623,2025-12,280740.62
COMP_0623,2026-01,204211.14
COMP_0623,2026-02,146201.81
COMP_0623,2026-03,294756.25
COMP_0623,2026-04,125870.86
COMP_0623,2026-05,197331.27
COMP_0623,2026-06,50533.37
COMP_0623,2026-07,41421.87
COMP_0623,2026-08,30373.51
COMP_0624,2025-02,134876.69
COMP_0624,2025-03,308732.44
COMP_0624,2025-04,534391.06
COMP_0624,2025-05,408504.44
COMP_0624,2025-06,516145.1
COMP_0624,2025-07,408897
COMP_0624,2025-08,171398.4
COMP_0624,2025-09,323014.4
COMP_0624,2025-10,184567.34
COMP_0624,2025-11,126487.26
COMP_0624,2025-12,126487.26
COMP_0624,2026-01,126487.26
COMP_0624,2026-02,126487.26
COMP_0624,2026-03,126487.26
COMP_0624,2026-04,126487.26
COMP_0624,2026-05,126487.26
COMP_0624,2026-06,126487.26
COMP_0624,2026-07,126487.26
COMP_0624,2026-08,126487.26
COMP_0625,2025-02,293435.47
COMP_0625,2025-03,251096.95
COMP_0625,2025-04,242430.86
COMP_0625,2025-05,242318.06
COMP_0625,2025-06,450222.47
COMP_0625,2025-07,20185.09
COMP_0625,2025-08,20072.69
COMP_0625,2025-09,15514.69
COMP_0625,2025-10,13463.47
COMP_0625,2025-11,13463.47
COMP_0625,2025-12,13463.47
COMP_0625,2026-01,12310.46
COMP_0625,2026-02,13460.47
COMP_0625,2026-03,13134.82
COMP_0625,2026-04,13134.82
COMP_0625,2026-05,17409.73
COMP_0625,2026-06,17409.73
COMP_0625,2026-07,17409.73
COMP_0625,2026-08,17409.73
COMP_0626,2025-02,1.4182982e+06
COMP_0626,2025-03,1.401613e+06
COMP_0626,2025-04,1.5047164e+06
COMP_0626,2025-05,1.5118762e+06
COMP_0626,2025-06,1.4904755e+06
COMP_0626,2025-07,1.5744661e+06
COMP_0626,2025-08,1.5386861e+06
COMP_0626,2025-09,1.5680132e+06
COMP_0626,2025-10,1.5938586e+06
COMP_0626,2025-11,1.5829361e+06
COMP_0626,2025-12,7.5897715e+06
COMP_0626,2026-01,1.568631e+06
COMP_0626,2026-02,1.5504141e+06
COMP_0626,2026-03,1.5598616e+06
COMP_0626,2026-04,1.5491131e+06
COMP_0626,2026-05,1.7093612e+06
COMP_0626,2026-06,1.6839409e+06
COMP_0626,2026-07,8.737008e+06
COMP_0626,2026-08,8.669289e+06
COMP_0627,2025-02,3.8799332e-11
COMP_0627,2025-03,3.7415716e-11
COMP_0627,2025-04,1.5019187e-11
COMP_0627,2025-05,1.2231445e-11
COMP_0627,2025-06,9.0046026e-14
COMP_0627,2025-07,-9.202132e-12
COMP_0627,2025-08,-3.739918e-11
COMP_0627,2025-09,-3.4696093e-11
COMP_0627,2025-10,-3.014307e-11
COMP_0627,2025-11,-1.537627e-11
COMP_0627,2025-12,-1.5324755e-11
COMP_0627,2026-01,-1.9076421e-11
COMP_0627,2026-02,-1.9006588e-11
COMP_0627,2026-03,-2.786528e-11
COMP_0627,2026-04,-3.2117878e-11
COMP_0627,2026-05,-1.6297186e-11
COMP_0627,2026-06,-3.1130654e-11
COMP_0627,2026-07,-8.504419e-12
COMP_0627,2026-08,2.9558578e-12
COMP_0628,2025-02,621237
COMP_0628,2025-03,657009.56
COMP_0628,2025-04,479152.5
COMP_0628,2025-05,447982.7
COMP_0628,2025-06,352924.53
COMP_0628,2025-07,368694.53
COMP_0628,2025-08,487287.7
COMP_0628,2025-09,434282.66
COMP_0628,2025-10,506744.72
COMP_0628,2025-11,5467.92
COMP_0628,2025-12,-12090.49
COMP_0628,2026-01,122402
COMP_0628,2026-02,24992.3
COMP_0628,2026-03,137358.02
COMP_0628,2026-04,70361.4
COMP_0628,2026-05,242126.7
COMP_0628,2026-06,258102.48
COMP_0628,2026-07,202739.06
COMP_0628,2026-08,243384.38
COMP_0629,2025-02,1.9509819e+09
COMP_0629,2025-03,1.5909098e+09
COMP_0629,2025-04,1.3181204e+09
COMP_0629,2025-05,7.148566e+08
COMP_0629,2025-06,1.9270546e+08
COMP_0629,2025-07,3.5990214e+08
COMP_0629,2025-08,4.9777885e+08
COMP_0629,2025-09,5.4940454e+08
COMP_0629,2025-10,1.1124913e+09
COMP_0629,2025-11,1.4222284e+09
COMP_0629,2025-12,8.0404666e+08
COMP_0629,2026-01,1.5576513e+09
COMP_0629,2026-02,1.0360359e+09
COMP_0629,2026-03,6.0239834e+08
COMP_0629,2026-04,6.72746e+08
COMP_0629,2026-05,1.6085211e+08
COMP_0629,2026-06,1.04014544e+08
COMP_0629,2026-07,1.18800384e+08
COMP_0629,2026-08,1.9284163e+08
COMP_0630,2025-06,988476.94
COMP_0630,2025-07,1.1517774e+07
COMP_0630,2025-08,5.124517e+06
COMP_0630,2025-09,8.116463e+06
COMP_0630,2025-10,4.5305615e+06
COMP_0630,2025-11,1.1625268e+07
COMP_0630,2025-12,7.6422255e+06
COMP_0630,2026-01,1.0275247e+07
COMP_0630,2026-02,9.490614e+06
COMP_0630,2026-03,6.749836e+06
COMP_0630,2026-04,5.4352165e+06
COMP_0630,2026-05,5.5282445e+06
COMP_0630,2026-06,1.970076e+07
COMP_0630,2026-07,1.2106536e+07
COMP_0630,2026-08,1.4257254e+07
COMP_0631,2025-06,22024.34
COMP_0631,2025-07,8250.68
COMP_0631,2025-08,13221.17
COMP_0631,2025-09,12343.89
COMP_0631,2025-10,14071.76
COMP_0631,2025-11,23348.3
COMP_0631,2025-12,28171.52
COMP_0631,2026-01,22806.68
COMP_0631,2026-02,28568.59
COMP_0631,2026-03,32178.07
COMP_0631,2026-04,33166.24
COMP_0631,2026-05,40961.54
COMP_0631,2026-06,38628.24
COMP_0631,2026-07,39592.11
COMP_0631,2026-08,51330.85
COMP_0632,2026-03,2.2737368e-11
COMP_0632,2026-04,3.7289283e-11
COMP_0632,2026-05,3.6379788e-11
COMP_0632,2026-06,2.1827873e-11
COMP_0632,2026-07,1.4551915e-11
COMP_0632,2026-08,0
COMP_0633,2026-03,8.811963e+06
COMP_0633,2026-04,4.9714375e+06
COMP_0633,2026-05,215372.88
COMP_0633,2026-06,125124.59
COMP_0633,2026-07,125124.59
COMP_0633,2026-08,125124.59
COMP_0634,2026-04,1.032459e+06
COMP_0634,2026-05,129105.62
COMP_0634,2026-06,95465
COMP_0634,2026-07,228318.05
COMP_0634,2026-08,228318.05
COMP_0635,2025-12,9062.85
COMP_0635,2026-01,14410.13
COMP_0635,2026-02,6847.73
COMP_0635,2026-03,11769.38
COMP_0635,2026-04,12278
COMP_0635,2026-05,13723.22
COMP_0635,2026-06,12110.73
COMP_0635,2026-07,15147.91
COMP_0635,2026-08,18122.37
COMP_0636,2025-02,1.6803625e-10
COMP_0636,2025-03,1.7387691e-10
COMP_0636,2025-04,1.8683721e-10
COMP_0636,2025-05,1.8547297e-10
COMP_0636,2025-06,2.3504043e-10
COMP_0636,2025-07,3.6600767e-10
COMP_0636,2025-08,4.449916e-10
COMP_0636,2025-09,4.2907544e-10
COMP_0636,2025-10,4.4180837e-10
COMP_0636,2025-11,3.9269565e-10
COMP_0636,2025-12,3.8951242e-10
COMP_0636,2026-01,4.3180393e-10
COMP_0636,2026-02,4.1207926e-10
COMP_0636,2026-03,3.5762326e-10
COMP_0636,2026-04,3.5489478e-10
COMP_0636,2026-05,3.4489034e-10
COMP_0636,2026-06,5.036327e-11
COMP_0636,2026-07,-1.3983481e-11
COMP_0636,2026-08,-9.3365315e-12
COMP_0637,2025-02,430922.4
COMP_0637,2025-03,407275.6
COMP_0637,2025-04,402954.16
COMP_0637,2025-05,404954.16
COMP_0637,2025-06,437760.6
COMP_0637,2025-07,434339.16
COMP_0637,2025-08,381750
COMP_0637,2025-09,417403.03
COMP_0637,2025-10,439760.6
COMP_0637,2025-11,433054.12
COMP_0637,2025-12,439760.6
COMP_0637,2026-01,-283757.88
COMP_0637,2026-02,439760.6
COMP_0637,2026-03,439760.6
COMP_0637,2026-04,384907.56
COMP_0637,2026-05,433545.38
COMP_0637,2026-06,-12128.04
COMP_0637,2026-07,-12128.04
COMP_0637,2026-08,-24256.08
COMP_0638,2025-03,123401.16
COMP_0638,2025-04,71258.41
COMP_0638,2025-05,64967.41
COMP_0638,2025-06,64771.04
COMP_0638,2025-07,193249.77
COMP_0638,2025-08,344163.12
COMP_0638,2025-09,14733.65
COMP_0638,2025-10,60034.36
COMP_0638,2025-11,271287.3
COMP_0638,2025-12,134219.27
COMP_0638,2026-01,18428.65
COMP_0638,2026-02,119940.16
COMP_0638,2026-03,147824.05
COMP_0638,2026-04,65043.06
COMP_0638,2026-05,14531.54
COMP_0638,2026-06,401899.62
COMP_0638,2026-07,192616.12
COMP_0638,2026-08,217130.83
COMP_0639,2025-02,3.839137e+06
COMP_0639,2025-03,2.4537258e+06
COMP_0639,2025-04,899159.3
COMP_0639,2025-05,2.3338068e+06
COMP_0639,2025-06,4.0291875e+06
COMP_0639,2025-07,6.0718095e+06
COMP_0639,2025-08,8.2237705e+06
COMP_0639,2025-09,6.6917745e+06
COMP_0639,2025-10,6.282546e+06
COMP_0639,2025-11,7.440878e+06
COMP_0639,2025-12,4.337539e+06
COMP_0639,2026-01,1.616358e+06
COMP_0639,2026-02,1.3850399e+06
COMP_0639,2026-03,308831.88
COMP_0639,2026-04,855610.56
COMP_0639,2026-05,1.5813695e+06
COMP_0639,2026-06,2.007497e+07
COMP_0639,2026-07,1.0285047e+07
COMP_0639,2026-08,9.64535e+06
COMP_0640,2025-02,9.061749e+06
COMP_0640,2025-03,9.084002e+06
COMP_0640,2025-04,6.661641e+06
COMP_0640,2025-05,6.6631975e+06
COMP_0640,2025-06,6.674469e+06
COMP_0640,2025-07,7.1721925e+06
COMP_0640,2025-08,7.1754495e+06
COMP_0640,2025-09,7.181288e+06
COMP_0640,2025-10,7.4323555e+06
COMP_0640,2025-11,6.5710715e+06
COMP_0640,2025-12,9.823274e+06
COMP_0640,2026-01,9.83567e+06
COMP_0640,2026-02,9.833517e+06
COMP_0640,2026-03,9.839799e+06
COMP_0640,2026-04,1.0061952e+07
COMP_0640,2026-05,1.034973e+07
COMP_0640,2026-06,1.0362542e+07
COMP_0640,2026-07,9.898748e+06
COMP_0640,2026-08,9.905444e+06
COMP_0641,2025-02,85419.51
COMP_0641,2025-03,51438.04
COMP_0641,2025-04,72516.46
COMP_0641,2025-05,100864.11
COMP_0641,2025-06,42687.21
COMP_0641,2025-07,132602.95
COMP_0641,2025-08,96162.28
COMP_0641,2025-09,49911.95
COMP_0641,2025-10,118994.84
COMP_0641,2025-11,141529.03
COMP_0641,2025-12,70521.44
COMP_0641,2026-01,108280.08
COMP_0641,2026-02,196690.12
COMP_0641,2026-03,171394.06
COMP_0641,2026-04,170573.06
COMP_0641,2026-05,221145.94
COMP_0641,2026-06,297239.1
COMP_0641,2026-07,348803.16
COMP_0641,2026-08,256883.39
COMP_0642,2025-11,331106.12
COMP_0642,2025-12,312788.88
COMP_0642,2026-01,311888.62
COMP_0642,2026-02,303803.88
COMP_0642,2026-03,283365.06
COMP_0642,2026-04,216045.03
COMP_0642,2026-05,552546.06
COMP_0642,2026-06,415649.6
COMP_0642,2026-07,346354.84
COMP_0642,2026-08,247748.72
COMP_0643,2026-07,963514.25
COMP_0643,2026-08,6.9614485e+06
COMP_0644,2026-06,188569.56
COMP_0644,2026-07,123141.03
COMP_0644,2026-08,57661.02
COMP_0645,2025-07,147698.33
COMP_0645,2025-08,147698.33
COMP_0645,2025-09,130063.69
COMP_0645,2025-10,123565.58
COMP_0645,2025-11,119692.84
COMP_0645,2025-12,105839.78
COMP_0645,2026-01,104456.67
COMP_0645,2026-02,104784.17
COMP_0645,2026-03,847341.44
COMP_0645,2026-04,847721.44
COMP_0645,2026-05,847721.44
COMP_0645,2026-06,970340.1
COMP_0645,2026-07,34251.47
COMP_0645,2026-08,34251.47
COMP_0646,2025-02,43120.06
COMP_0646,2025-03,411196
COMP_0646,2025-04,438182.2
COMP_0646,2025-05,663943.7
COMP_0646,2025-06,746613.94
COMP_0646,2025-07,490974.06
COMP_0646,2025-08,594229.4
COMP_0646,2025-09,413021.66
COMP_0646,2025-10,264126.9
COMP_0646,2025-11,290205.66
COMP_0646,2025-12,248213.98
COMP_0646,2026-01,208454.94
COMP_0646,2026-02,182612.84
COMP_0646,2026-03,171037.16
COMP_0646,2026-04,161590.81
COMP_0646,2026-05,163981.48
COMP_0646,2026-06,178122.95
COMP_0646,2026-07,658349.2
COMP_0646,2026-08,571166.6
COMP_0647,2025-02,-1.224069e+06
COMP_0647,2025-03,-1.224069e+06
COMP_0647,2025-04,-1.2241195e+06
COMP_0647,2025-05,-1.2241195e+06
COMP_0647,2025-06,-1.2241195e+06
COMP_0647,2025-07,11789.94
COMP_0647,2025-08,11789.94
COMP_0647,2025-09,11789.94
COMP_0647,2025-10,11753.94
COMP_0647,2025-11,11753.94
COMP_0647,2025-12,11442.87
COMP_0647,2026-01,11442.87
COMP_0647,2026-02,11442.87
COMP_0647,2026-03,-5808.13
COMP_0647,2026-04,-5808.13
COMP_0647,2026-05,-5808.13
COMP_0647,2026-06,-2.3482372e-10
COMP_0647,2026-07,-1.0377477e-11
COMP_0647,2026-08,2.2737368e-13
COMP_0648,2025-12,154485.1
COMP_0648,2026-01,178614.48
COMP_0648,2026-02,223181.3
COMP_0648,2026-03,269725.38
COMP_0648,2026-04,263015.94
COMP_0648,2026-05,190078.84
COMP_0648,2026-06,99414.53
COMP_0648,2026-07,103632.95
COMP_0648,2026-08,159021.22
COMP_0649,2025-02,-433977.12
COMP_0649,2025-03,-462815.84
COMP_0649,2025-04,-266935.12
COMP_0649,2025-05,-436557.78
COMP_0649,2025-06,-449545.88
COMP_0649,2025-07,-379544.22
COMP_0649,2025-08,-402516.3
COMP_0649,2025-09,-420615.2
COMP_0649,2025-10,-468008.06
COMP_0649,2025-11,-443623.44
COMP_0649,2025-12,-460941.25
COMP_0649,2026-01,-466107.38
COMP_0649,2026-02,-445521.62
COMP_0649,2026-03,-463531.84
COMP_0649,2026-04,1.6776399e+06
COMP_0649,2026-05,-306145.8
COMP_0649,2026-06,659244.25
COMP_0649,2026-07,585563.1
COMP_0649,2026-08,402249.97
COMP_0650,2025-11,7613.16
COMP_0650,2025-12,7471.33
COMP_0650,2026-01,7392.03
COMP_0650,2026-02,6454.28
COMP_0650,2026-03,6312.43
COMP_0650,2026-04,5377.15
COMP_0650,2026-05,5298.5
COMP_0650,2026-06,5235.3
COMP_0650,2026-07,4945.24
COMP_0650,2026-08,4945.24
COMP_0651,2025-06,9810.98
COMP_0651,2025-07,8616.45
COMP_0651,2025-08,6441.19
COMP_0651,2025-09,21109.87
COMP_0651,2025-10,78191.78
COMP_0651,2025-11,516732.2
COMP_0651,2025-12,107099.93
COMP_0651,2026-01,110924.38
COMP_0651,2026-02,218392.58
COMP_0651,2026-03,354210.84
COMP_0651,2026-04,319584.9
COMP_0651,2026-05,368786.25
COMP_0651,2026-06,6082.35
COMP_0651,2026-07,66609.75
COMP_0651,2026-08,-1180.34
COMP_0652,2025-06,61829.62
COMP_0652,2025-07,67847.73
COMP_0652,2025-08,71234.84
COMP_0652,2025-09,97845.18
COMP_0652,2025-10,126411.44
COMP_0652,2025-11,141763.94
COMP_0652,2025-12,197632.44
COMP_0652,2026-01,216661.52
COMP_0652,2026-02,232181.28
COMP_0652,2026-03,275455.94
COMP_0652,2026-04,278320.1
COMP_0652,2026-05,315409.84
COMP_0652,2026-06,327885.9
COMP_0652,2026-07,367770.4
COMP_0652,2026-08,400014.2
COMP_0653,2025-02,969923.3
COMP_0653,2025-03,-265125.8
COMP_0653,2025-04,-357821.34
COMP_0653,2025-05,1.8827838e+06
COMP_0653,2025-06,1.6825651e+06
COMP_0653,2025-07,1.8033224e+06
COMP_0653,2025-08,2.9811685e+06
COMP_0653,2025-09,1.8917701e+06
COMP_0653,2025-10,2.1354722e+06
COMP_0653,2025-11,2.2854932e+06
COMP_0653,2025-12,2.1444005e+06
COMP_0653,2026-01,2.5516468e+06
COMP_0653,2026-02,2.5541485e+06
COMP_0653,2026-03,2.8759942e+06
COMP_0653,2026-04,6.3219945e+06
COMP_0653,2026-05,3.475392e+06
COMP_0653,2026-06,4.532929e+06
COMP_0653,2026-07,3.1077432e+06
COMP_0653,2026-08,2.8150658e+06
COMP_0654,2026-03,205764.27
COMP_0654,2026-04,10753.51
COMP_0654,2026-05,430049.72
COMP_0654,2026-06,5631.31
COMP_0654,2026-07,14983.11
COMP_0654,2026-08,275902.84
COMP_0655,2025-08,10677.36
COMP_0655,2025-09,10665.36
COMP_0655,2025-10,10653.36
COMP_0655,2025-11,10641.36
COMP_0655,2025-12,10629.36
COMP_0655,2026-01,10617.36
COMP_0655,2026-02,10569.06
COMP_0655,2026-03,10557.06
COMP_0655,2026-04,10545.06
COMP_0655,2026-05,10533.06
COMP_0655,2026-06,10521.06
COMP_0655,2026-07,10509.06
COMP_0655,2026-08,10497.06
COMP_0656,2026-01,4.185942e+06
COMP_0656,2026-02,4.248133e+06
COMP_0656,2026-03,1.2988988e+06
COMP_0656,2026-04,1.3061029e+06
COMP_0656,2026-05,994892.6
COMP_0656,2026-06,651363.3
COMP_0656,2026-07,1.1501854e+06
COMP_0656,2026-08,2.1019268e+06
COMP_0657,2025-06,14868.41
COMP_0657,2025-07,24630.31
COMP_0657,2025-08,17806.67
COMP_0657,2025-09,40914.81
COMP_0657,2025-10,50408.95
COMP_0657,2025-11,65132.26
COMP_0657,2025-12,78457.1
COMP_0657,2026-01,66839.12
COMP_0657,2026-02,84640.5
COMP_0657,2026-03,92546.12
COMP_0657,2026-04,91665.94
COMP_0657,2026-05,99572.29
COMP_0657,2026-06,106019.89
COMP_0657,2026-07,104113.33
COMP_0657,2026-08,118831
COMP_0658,2025-02,1.294456e+06
COMP_0658,2025-03,1.147747e+06
COMP_0658,2025-04,770415.94
COMP_0658,2025-05,839294.1
COMP_0658,2025-06,741480.5
COMP_0658,2025-07,1.072652e+06
COMP_0658,2025-08,1.0813414e+06
COMP_0658,2025-09,1.2036359e+06
COMP_0658,2025-10,1.3536941e+06
COMP_0658,2025-11,1.1251925e+06
COMP_0658,2025-12,750934.44
COMP_0658,2026-01,552080.56
COMP_0658,2026-02,889391.06
COMP_0658,2026-03,890960.6
COMP_0658,2026-04,428022.78
COMP_0658,2026-05,494213.16
COMP_0658,2026-06,353472.12
COMP_0658,2026-07,226157.31
COMP_0658,2026-08,509011.4
COMP_0659,2025-02,7672.36
COMP_0659,2025-03,13863.54
COMP_0659,2025-04,3234.68
COMP_0659,2025-05,6456.25
COMP_0659,2025-06,9427.05
COMP_0659,2025-07,4639.14
COMP_0659,2025-08,57678.58
COMP_0659,2025-09,58819.62
COMP_0659,2025-10,4881.85
COMP_0659,2025-11,39442.45
COMP_0659,2025-12,15652.2
COMP_0659,2026-01,46578.37
COMP_0659,2026-02,29586.23
COMP_0659,2026-03,51521.86
COMP_0659,2026-04,20407.85
COMP_0659,2026-05,52128.57
COMP_0659,2026-06,7965.84
COMP_0659,2026-07,9487.79
COMP_0659,2026-08,5459.12
COMP_0660,2026-05,270356.1
COMP_0660,2026-06,135791.11
COMP_0660,2026-07,8273.81
COMP_0660,2026-08,629097.44
COMP_0661,2025-06,120716.57
COMP_0661,2025-07,150038.56
COMP_0661,2025-08,153946.64
COMP_0661,2025-09,230277.77
COMP_0661,2025-10,283785.97
COMP_0661,2025-11,359319.84
COMP_0661,2025-12,400282.56
COMP_0661,2026-01,475540.06
COMP_0661,2026-02,530382.44
COMP_0661,2026-03,677362.1
COMP_0661,2026-04,662735.9
COMP_0661,2026-05,732760.56
COMP_0661,2026-06,792066.75
COMP_0661,2026-07,830780.8
COMP_0661,2026-08,909999.9
COMP_0662,2026-03,10011.23
COMP_0662,2026-04,8719.74
COMP_0662,2026-05,7760.09
COMP_0662,2026-06,7005.64
COMP_0662,2026-07,11775.43
COMP_0662,2026-08,17951.97
COMP_0663,2026-05,-50797.72
COMP_0663,2026-06,-55040.82
COMP_0663,2026-07,-59049.93
COMP_0663,2026-08,-66225.68
COMP_0664,2026-05,33280.63
COMP_0664,2026-06,29696.19
COMP_0664,2026-07,14822.83
COMP_0664,2026-08,15081.03
COMP_0665,2025-02,201743.12
COMP_0665,2025-03,243010.89
COMP_0665,2025-04,261674
COMP_0665,2025-05,233909.44
COMP_0665,2025-06,242139.77
COMP_0665,2025-07,428661.28
COMP_0665,2025-08,451771.62
COMP_0665,2025-09,736171.9
COMP_0665,2025-10,430904.16
COMP_0665,2025-11,3.5442365e+06
COMP_0665,2025-12,2.6876225e+06
COMP_0665,2026-01,2.5080935e+06
COMP_0665,2026-02,6.7392565e+06
COMP_0665,2026-03,6.5378905e+06
COMP_0665,2026-04,4.0281282e+06
COMP_0665,2026-05,3.0090955e+06
COMP_0665,2026-06,7.494919e+06
COMP_0665,2026-07,3.694879e+06
COMP_0665,2026-08,5.278002e+06
COMP_0666,2025-03,-2.0486392e+08
COMP_0666,2025-04,-2.0362909e+08
COMP_0666,2025-05,-2.0513075e+08
COMP_0666,2025-06,-1.6986179e+08
COMP_0666,2025-07,-2.0487222e+08
COMP_0666,2025-08,-1.0809475e+08
COMP_0666,2025-09,-6.2569812e+07
COMP_0666,2025-10,-4.1262172e+07
COMP_0666,2025-11,-4.2225312e+07
COMP_0666,2025-12,-4.1858868e+07
COMP_0666,2026-01,-4.3302284e+07
COMP_0666,2026-02,-4.1413788e+07
COMP_0666,2026-03,-2.9113184e+07
COMP_0666,2026-04,-7.6668765e+06
COMP_0666,2026-05,2.4961058e+06
COMP_0666,2026-06,2.0286288e+06
COMP_0666,2026-07,3.411814e+06
COMP_0666,2026-08,5.9911905e+06
COMP_0667,2025-08,46906.94
COMP_0667,2025-09,23401.98
COMP_0667,2025-10,254577.27
COMP_0667,2025-11,167639.88
COMP_0667,2025-12,93421.03
COMP_0667,2026-01,84714.75
COMP_0667,2026-02,20395.32
COMP_0667,2026-03,16380.3
COMP_0667,2026-04,32990.72
COMP_0667,2026-05,63575.22
COMP_0667,2026-06,13750.35
COMP_0667,2026-07,49770.6
COMP_0667,2026-08,57165.46
COMP_0668,2026-06,95139.23
COMP_0668,2026-07,950111.25
COMP_0668,2026-08,100080.32
COMP_0669,2026-06,115779.8
COMP_0669,2026-07,-250757.4
COMP_0669,2026-08,-515221.2
COMP_0670,2025-02,107933.86
COMP_0670,2025-03,53539.55
COMP_0670,2025-04,80665.54
COMP_0670,2025-05,99448.73
COMP_0670,2025-06,89027.91
COMP_0670,2025-07,101271.25
COMP_0670,2025-08,110173.48
COMP_0670,2025-09,86027.18
COMP_0670,2025-10,89552.98
COMP_0670,2025-11,69058.41
COMP_0670,2025-12,117316.19
COMP_0670,2026-01,65913.83
COMP_0670,2026-02,67258.17
COMP_0670,2026-03,48194.84
COMP_0670,2026-04,50868.93
COMP_0670,2026-05,46581.53
COMP_0670,2026-06,44697.3
COMP_0670,2026-07,45342.11
COMP_0670,2026-08,46274.38
COMP_0671,2025-02,248439.77
COMP_0671,2025-03,249197.44
COMP_0671,2025-04,213709.19
COMP_0671,2025-05,186991.05
COMP_0671,2025-06,187212.45
COMP_0671,2025-07,232774.83
COMP_0671,2025-08,233742.48
COMP_0671,2025-09,236392.27
COMP_0671,2025-10,209957.47
COMP_0671,2025-11,192698.6
COMP_0671,2025-12,186909.55
COMP_0671,2026-01,169209.22
COMP_0671,2026-02,188127.89
COMP_0671,2026-03,187991.34
COMP_0671,2026-04,146721.44
COMP_0671,2026-05,170181.16
COMP_0671,2026-06,173478.27
COMP_0671,2026-07,177371.2
COMP_0671,2026-08,183515.97
COMP_0672,2026-04,1887.4
COMP_0672,2026-05,1735.4
COMP_0672,2026-06,1735.4
COMP_0672,2026-07,1705.4
COMP_0672,2026-08,1493.4
COMP_0673,2026-05,76071.64
COMP_0673,2026-06,105629.99
COMP_0673,2026-07,27557.03
COMP_0673,2026-08,32519.62
COMP_0674,2025-02,411758.25
COMP_0674,2025-03,595173
COMP_0674,2025-04,2.7596178e+06
COMP_0674,2025-05,2.989798e+06
COMP_0674,2025-06,3.3604595e+06
COMP_0674,2025-07,369171.62
COMP_0674,2025-08,814886.25
COMP_0674,2025-09,1.0895975e+06
COMP_0674,2025-10,1.02965275e+06
COMP_0674,2025-11,1.6177395e+06
COMP_0674,2025-12,1.3815249e+06
COMP_0674,2026-01,1.8174486e+06
COMP_0674,2026-02,2.1303745e+06
COMP_0674,2026-03,2.5343738e+06
COMP_0674,2026-04,2.6509892e+06
COMP_0674,2026-05,2.570236e+06
COMP_0674,2026-06,2.994871e+06
COMP_0674,2026-07,3.4092272e+06
COMP_0674,2026-08,3.4953155e+06
COMP_0675,2026-02,117788.24
COMP_0675,2026-03,171863.02
COMP_0675,2026-04,116084.66
COMP_0675,2026-05,128962.39
COMP_0675,2026-06,132024.4
COMP_0675,2026-07,127496.49
COMP_0675,2026-08,126528.47
COMP_0677,2026-07,25150.67
COMP_0677,2026-08,20296.5
COMP_0678,2025-02,569.26
COMP_0678,2025-03,539.26
COMP_0678,2025-04,465.63
COMP_0678,2025-05,435.63
COMP_0678,2025-06,1405.63
COMP_0678,2025-07,1035.69
COMP_0678,2025-08,1005.69
COMP_0678,2025-09,1192.89
COMP_0678,2025-10,1107.91
COMP_0678,2025-11,276.9
COMP_0678,2025-12,246.9
COMP_0678,2026-01,1552.39
COMP_0678,2026-02,522.6
COMP_0678,2026-03,513.98
COMP_0678,2026-04,482.81
COMP_0678,2026-05,452.81
COMP_0678,2026-06,79.88
COMP_0678,2026-07,79.88
COMP_0678,2026-08,79.88
COMP_0679,2025-08,-5.8264504e-11
COMP_0679,2025-09,-5.8264504e-11
COMP_0679,2025-10,-5.8264504e-11
COMP_0679,2025-11,-1.1647217e-10
COMP_0679,2025-12,-1.4438228e-10
COMP_0679,2026-01,-8.617462e-11
COMP_0679,2026-02,-2.7966962e-11
COMP_0679,2026-03,-2.0975222e-11
COMP_0679,2026-04,-2.0975222e-11
COMP_0679,2026-05,2.3305802e-12
COMP_0679,2026-06,2.3305802e-12
COMP_0679,2026-07,2.3305802e-12
COMP_0679,2026-08,2.3305802e-12
COMP_0680,2026-04,1.9208218e+06
COMP_0680,2026-05,659530.3
COMP_0680,2026-06,1.2507906e+06
COMP_0680,2026-07,1.1626542e+06
COMP_0680,2026-08,880342.06
COMP_0681,2025-02,107427.59
COMP_0681,2025-03,114886.38
COMP_0681,2025-04,124917.63
COMP_0681,2025-05,123390.88
COMP_0681,2025-06,28555.33
COMP_0681,2025-07,121442.45
COMP_0681,2025-08,90998.99
COMP_0681,2025-09,90998.99
COMP_0681,2025-10,90998.99
COMP_0681,2025-11,90998.99
COMP_0681,2025-12,90998.99
COMP_0681,2026-01,90998.99
COMP_0681,2026-02,90998.99
COMP_0681,2026-03,90998.99
COMP_0681,2026-04,90998.99
COMP_0681,2026-05,90998.99
COMP_0681,2026-06,90998.99
COMP_0681,2026-07,90998.99
COMP_0681,2026-08,90998.99
COMP_0682,2025-06,3.81317e+06
COMP_0682,2025-07,328556.1
COMP_0682,2025-08,1.30302e+06
COMP_0682,2025-09,2.4406258e+06
COMP_0682,2025-10,3.0287828e+06
COMP_0682,2025-11,3.8593555e+06
COMP_0682,2025-12,5.855273e+06
COMP_0682,2026-01,5.5867405e+06
COMP_0682,2026-02,2.547869e+06
COMP_0682,2026-03,5.111921e+06
COMP_0682,2026-04,6.256031e+06
COMP_0682,2026-05,6.6275485e+06
COMP_0682,2026-06,7.038863e+06
COMP_0682,2026-07,6.383189e+06
COMP_0682,2026-08,6.881631e+06
COMP_0684,2026-06,871779.56
COMP_0684,2026-07,1.2632279e+06
COMP_0684,2026-08,1.3580451e+06
COMP_0685,2025-02,-5022.35
COMP_0685,2025-03,26481.74
COMP_0685,2025-04,14440.63
COMP_0685,2025-05,1594.07
COMP_0685,2025-06,7732.61
COMP_0685,2025-07,7550.76
COMP_0685,2025-08,31406.5
COMP_0685,2025-09,138848.23
COMP_0685,2025-10,7811.84
COMP_0685,2025-11,83161.54
COMP_0685,2025-12,33352.59
COMP_0685,2026-01,67467.04
COMP_0685,2026-02,41496.7
COMP_0685,2026-03,71435.17
COMP_0685,2026-04,84367.78
COMP_0685,2026-05,94494.58
COMP_0685,2026-06,18604.69
COMP_0685,2026-07,11043.1
COMP_0685,2026-08,2307.94
COMP_0686,2025-02,155794.94
COMP_0686,2025-03,136162.9
COMP_0686,2025-04,150719.62
COMP_0686,2025-05,134161.84
COMP_0686,2025-06,173410.28
COMP_0686,2025-07,142897.1
COMP_0686,2025-08,141157.64
COMP_0686,2025-09,131065.13
COMP_0686,2025-10,150311.88
COMP_0686,2025-11,40061.63
COMP_0686,2025-12,-56078.09
COMP_0686,2026-01,-51081.02
COMP_0686,2026-02,-58171.19
COMP_0686,2026-03,-55943.75
COMP_0686,2026-04,-61057.99
COMP_0686,2026-05,-105202.16
COMP_0686,2026-06,-140727.55
COMP_0686,2026-07,-113860.56
COMP_0686,2026-08,-155461.45
COMP_0687,2025-02,71504.72
COMP_0687,2025-03,209948.12
COMP_0687,2025-04,55011.35
COMP_0687,2025-05,92728.51
COMP_0687,2025-06,136217.52
COMP_0687,2025-07,78476.05
COMP_0687,2025-08,112609.74
COMP_0687,2025-09,114247.04
COMP_0687,2025-10,74602.13
COMP_0687,2025-11,119508.3
COMP_0687,2025-12,26971.13
COMP_0687,2026-01,75428.96
COMP_0687,2026-02,121203.85
COMP_0687,2026-03,571485.2
COMP_0687,2026-04,91354.17
COMP_0687,2026-05,145052.55
COMP_0687,2026-06,356092.12
COMP_0687,2026-07,361893.38
COMP_0687,2026-08,360387.66
COMP_0688,2026-06,-4.092726e-12
COMP_0688,2026-07,0
COMP_0688,2026-08,0
COMP_0689,2025-06,159757.12
COMP_0689,2025-07,170905.72
COMP_0689,2025-08,172683.6
COMP_0689,2025-09,194389.28
COMP_0689,2025-10,182347.8
COMP_0689,2025-11,168483.1
COMP_0689,2025-12,49320.01
COMP_0689,2026-01,114081.07
COMP_0689,2026-02,117531.9
COMP_0689,2026-03,108364.16
COMP_0689,2026-04,105670.71
COMP_0689,2026-05,87897.93
COMP_0689,2026-06,129898.37
COMP_0689,2026-07,117620.81
COMP_0689,2026-08,120932.6
COMP_0690,2026-04,1.3436494e+06
COMP_0690,2026-05,2.9586232e+06
COMP_0690,2026-06,49491.5
COMP_0690,2026-07,225986.73
COMP_0690,2026-08,338255.38
COMP_0691,2026-06,590685.8
COMP_0691,2026-07,1.144006e+06
COMP_0691,2026-08,580378.06
COMP_0692,2025-03,-2591.56
COMP_0692,2025-04,-1049.34
COMP_0692,2025-05,-1054.34
COMP_0692,2025-06,-2671.04
COMP_0692,2025-07,-2671.04
COMP_0692,2025-08,-2671.04
COMP_0692,2025-09,-2642.06
COMP_0692,2025-10,13877.07
COMP_0692,2025-11,13870.7
COMP_0692,2025-12,8352.25
COMP_0692,2026-01,7151.05
COMP_0692,2026-02,149594.11
COMP_0692,2026-03,199076.06
COMP_0692,2026-04,199051.06
COMP_0692,2026-05,197895.38
COMP_0692,2026-06,197895.38
COMP_0692,2026-07,197895.38
COMP_0692,2026-08,197895.38
COMP_0693,2025-02,-1097.69
COMP_0693,2025-03,-2217.03
COMP_0693,2025-04,68768.7
COMP_0693,2025-05,65335.02
COMP_0693,2025-06,67369.54
COMP_0693,2025-07,-977.87
COMP_0693,2025-08,-3455.95
COMP_0693,2025-09,-1805.5
COMP_0693,2025-10,-1514.14
COMP_0693,2025-11,13021.4
COMP_0693,2025-12,-3222.07
COMP_0693,2026-01,-2986.01
COMP_0693,2026-02,74946.22
COMP_0693,2026-03,740810.9
COMP_0693,2026-04,1.5932806e+06
COMP_0693,2026-05,1.2088312e+06
COMP_0693,2026-06,1.6032605e+06
COMP_0693,2026-07,494069.28
COMP_0693,2026-08,577835.56
COMP_0694,2025-02,65628.86
COMP_0694,2025-03,39247.84
COMP_0694,2025-04,10389.91
COMP_0694,2025-05,-16762.86
COMP_0694,2025-06,-25345.89
COMP_0694,2025-07,-28567.18
COMP_0694,2025-08,-28843.99
COMP_0694,2025-09,-38902.53
COMP_0694,2025-10,-29319.04
COMP_0694,2025-11,77841.73
COMP_0694,2025-12,33462.41
COMP_0694,2026-01,28325.75
COMP_0694,2026-02,566.24
COMP_0694,2026-03,-7432.66
COMP_0694,2026-04,30209.76
COMP_0694,2026-05,25126.64
COMP_0694,2026-06,25540.26
COMP_0694,2026-07,30958.95
COMP_0694,2026-08,12774.41
COMP_0695,2025-02,530035.25
COMP_0695,2025-03,250567.9
COMP_0695,2025-04,167687.38
COMP_0695,2025-05,21646.76
COMP_0695,2025-06,-11742.27
COMP_0695,2025-07,124720.07
COMP_0695,2025-08,90758.2
COMP_0695,2025-09,223986.2
COMP_0695,2025-10,215189.98
COMP_0695,2025-11,120396.53
COMP_0695,2025-12,35340.7
COMP_0695,2026-01,124761.75
COMP_0695,2026-02,133217.55
COMP_0695,2026-03,180285.81
COMP_0695,2026-04,144585.38
COMP_0695,2026-05,178392.19
COMP_0695,2026-06,449790.94
COMP_0695,2026-07,762555.2
COMP_0695,2026-08,508508.3
COMP_0696,2025-02,32307.6
COMP_0696,2025-03,34678.2
COMP_0696,2025-04,49522.71
COMP_0696,2025-05,37127.96
COMP_0696,2025-06,68215.72
COMP_0696,2025-07,57904.29
COMP_0696,2025-08,38277.58
COMP_0696,2025-09,36112.15
COMP_0696,2025-10,32700.35
COMP_0696,2025-11,42166.65
COMP_0696,2025-12,33232.29
COMP_0696,2026-01,62041.13
COMP_0696,2026-02,531455.3
COMP_0696,2026-03,51712.24
COMP_0696,2026-04,53104.96
COMP_0696,2026-05,42244.47
COMP_0696,2026-06,41157.78
COMP_0696,2026-07,47571.6
COMP_0696,2026-08,51382.66
COMP_0697,2025-02,-674187.25
COMP_0697,2025-03,-560581.06
COMP_0697,2025-04,-631686.94
COMP_0697,2025-05,-582065.25
COMP_0697,2025-06,-572431.7
COMP_0697,2025-07,-528517.56
COMP_0697,2025-08,-498314.2
COMP_0697,2025-09,-532650.75
COMP_0697,2025-10,-456486.3
COMP_0697,2025-11,-641803
COMP_0697,2025-12,-535329.9
COMP_0697,2026-01,-729276.2
COMP_0697,2026-02,-520807.4
COMP_0697,2026-03,-543554.25
COMP_0697,2026-04,-535383.9
COMP_0697,2026-05,-535383.9
COMP_0697,2026-06,16210.77
COMP_0697,2026-07,15506.45
COMP_0697,2026-08,14927.49
COMP_0698,2026-06,-1.1134205e-11
COMP_0698,2026-07,-7.275958e-12
COMP_0698,2026-08,0
COMP_0699,2025-02,10
COMP_0699,2025-03,10
COMP_0699,2025-04,10
COMP_0699,2025-05,10
COMP_0699,2025-06,-2.0747848e-12
COMP_0699,2025-07,-1.6200374e-12
COMP_0699,2025-08,-3.2969183e-12
COMP_0699,2025-09,-3.524292e-12
COMP_0699,2025-10,-2.2168933e-12
COMP_0699,2025-11,-5.1159077e-13
COMP_0699,2025-12,1.1937118e-12
COMP_0699,2026-01,1.1937118e-12
COMP_0699,2026-02,5.1159077e-13
COMP_0699,2026-03,5.1159077e-13
COMP_0699,2026-04,1.5916157e-12
COMP_0699,2026-05,1.5347723e-12
COMP_0699,2026-06,-3.9790393e-13
COMP_0699,2026-07,-3.9790393e-13
COMP_0699,2026-08,0
COMP_0700,2025-06,22003.74
COMP_0700,2025-07,43018.86
COMP_0700,2025-08,11511.72
COMP_0700,2025-09,-33784.75
COMP_0700,2025-10,-1592.25
COMP_0700,2025-11,-6971.12
COMP_0700,2025-12,45903.85
COMP_0700,2026-01,12085.94
COMP_0700,2026-02,14609.71
COMP_0700,2026-03,-6938.6
COMP_0700,2026-04,-44076.26
COMP_0700,2026-05,181542.84
COMP_0700,2026-06,35933.03
COMP_0700,2026-07,-38875.61
COMP_0700,2026-08,-26289.3
COMP_0701,2025-10,29886.13
COMP_0701,2025-11,29827.2
COMP_0701,2025-12,29792.46
COMP_0701,2026-01,29758.14
COMP_0701,2026-02,29724.18
COMP_0701,2026-03,29855.02
COMP_0701,2026-04,29804.58
COMP_0701,2026-05,29669.6
COMP_0701,2026-06,29634.78
COMP_0701,2026-07,29599.5
COMP_0701,2026-08,29564.56
COMP_0702,2026-06,145308.44
COMP_0702,2026-07,150123.56
COMP_0702,2026-08,157791.53
COMP_0703,2025-02,68530.02
COMP_0703,2025-03,56549.12
COMP_0703,2025-04,44557.65
COMP_0703,2025-05,44537.65
COMP_0703,2025-06,44517.65
COMP_0703,2025-07,44497.65
COMP_0703,2025-08,44477.65
COMP_0703,2025-09,44457.65
COMP_0703,2025-10,44437.65
COMP_0703,2025-11,44375.3
COMP_0703,2025-12,44355.3
COMP_0703,2026-01,44335.3
COMP_0703,2026-02,44315.3
COMP_0703,2026-03,44295.3
COMP_0703,2026-04,44275.3
COMP_0703,2026-05,44255.3
COMP_0703,2026-06,44255.3
COMP_0703,2026-07,44235.3
COMP_0703,2026-08,44215.3
COMP_0704,2025-11,6357.41
COMP_0704,2025-12,6357.41
COMP_0704,2026-01,8603.02
COMP_0704,2026-02,8917.75
COMP_0704,2026-03,9131.62
COMP_0704,2026-04,8957.17
COMP_0704,2026-05,9807.28
COMP_0704,2026-06,10118.14
COMP_0704,2026-07,9669.1
COMP_0704,2026-08,10779.03
COMP_0705,2025-06,184757.28
COMP_0705,2025-07,174343.08
COMP_0705,2025-08,170926.47
COMP_0705,2025-09,169600.1
COMP_0705,2025-10,165266.52
COMP_0705,2025-11,171021.94
COMP_0705,2025-12,183061.16
COMP_0705,2026-01,169968.55
COMP_0705,2026-02,177959.2
COMP_0705,2026-03,169809.94
COMP_0705,2026-04,162871.84
COMP_0705,2026-05,161186.11
COMP_0705,2026-06,161008.81
COMP_0705,2026-07,172111.5
COMP_0705,2026-08,178030.02
COMP_0706,2025-02,313381.56
COMP_0706,2025-03,28619.37
COMP_0706,2025-04,104139.34
COMP_0706,2025-05,15303.54
COMP_0706,2025-06,253982.58
COMP_0706,2025-07,11806.92
COMP_0706,2025-08,103304.64
COMP_0706,2025-09,202523.52
COMP_0706,2025-10,176301.06
COMP_0706,2025-11,106483.09
COMP_0706,2025-12,345723.38
COMP_0706,2026-01,50528.04
COMP_0706,2026-02,288371.22
COMP_0706,2026-03,246457.72
COMP_0706,2026-04,35764.2
COMP_0706,2026-05,81312.34
COMP_0706,2026-06,391227.22
COMP_0706,2026-07,427523.8
COMP_0706,2026-08,395529.06
COMP_0707,2025-02,1286.57
COMP_0707,2025-03,2724.69
COMP_0707,2025-04,3950.67
COMP_0707,2025-05,1022.41
COMP_0707,2025-06,2862.49
COMP_0707,2025-07,1468.51
COMP_0707,2025-08,52078.9
COMP_0707,2025-09,51696.03
COMP_0707,2025-10,3246.72
COMP_0707,2025-11,29067.23
COMP_0707,2025-12,9701.95
COMP_0707,2026-01,29895.42
COMP_0707,2026-02,21658.24
COMP_0707,2026-03,34652.97
COMP_0707,2026-04,26460.62
COMP_0707,2026-05,31656.71
COMP_0707,2026-06,14310.23
COMP_0707,2026-07,4082.73
COMP_0707,2026-08,1700.91
COMP_0708,2026-05,1.757563e+07
COMP_0708,2026-06,4.637498e+06
COMP_0708,2026-07,4.3566245e+06
COMP_0708,2026-08,4.139779e+06
COMP_0709,2026-04,446814.2
COMP_0709,2026-05,716623.1
COMP_0709,2026-06,692688.44
COMP_0709,2026-07,569846.5
COMP_0709,2026-08,709507.3
COMP_0710,2025-02,16731.58
COMP_0710,2025-03,9084.06
COMP_0710,2025-04,10031.74
COMP_0710,2025-05,9313.6
COMP_0710,2025-06,4990.38
COMP_0710,2025-07,2278.79
COMP_0710,2025-08,1801.34
COMP_0710,2025-09,2414.26
COMP_0710,2025-10,3458.59
COMP_0710,2025-11,1763.4
COMP_0710,2025-12,9.12
COMP_0710,2026-01,80.03
COMP_0710,2026-02,2391.52
COMP_0710,2026-03,819.05
COMP_0710,2026-04,138.36
COMP_0710,2026-05,3317.87
COMP_0710,2026-06,4172.07
COMP_0710,2026-07,2512.5
COMP_0710,2026-08,7027.93
COMP_0711,2025-02,-9.67
COMP_0711,2025-03,-4.725109e-13
COMP_0711,2025-04,1272.42
COMP_0711,2025-05,450.87
COMP_0711,2025-06,417.37
COMP_0711,2025-07,324.29
COMP_0711,2025-08,167.75
COMP_0711,2025-09,5.53
COMP_0711,2025-10,-4.02
COMP_0711,2025-11,-0.5
COMP_0711,2025-12,1.1191048e-13
COMP_0711,2026-01,-1.28
COMP_0711,2026-02,1.4033219e-13
COMP_0711,2026-03,-1.04
COMP_0711,2026-04,-0.61
COMP_0711,2026-05,50.72
COMP_0711,2026-06,35.56
COMP_0711,2026-07,20.33
COMP_0711,2026-08,-0.13
COMP_0712,2025-02,939.37
COMP_0712,2025-03,1082.99
COMP_0712,2025-04,2960.42
COMP_0712,2025-05,3240.02
COMP_0712,2025-06,3240.02
COMP_0712,2025-07,3240.02
COMP_0712,2025-08,3240.02
COMP_0712,2025-09,3240.02
COMP_0712,2025-10,3240.02
COMP_0712,2025-11,3240.02
COMP_0712,2025-12,3240.02
COMP_0712,2026-01,3240.02
COMP_0712,2026-02,3240.02
COMP_0712,2026-03,3240.02
COMP_0712,2026-04,3240.02
COMP_0712,2026-05,3240.02
COMP_0712,2026-06,3240.02
COMP_0712,2026-07,3240.02
COMP_0712,2026-08,3240.02
COMP_0713,2025-05,5.1416105e+06
COMP_0713,2025-06,6.191557e+06
COMP_0713,2025-07,4.2938155e+06
COMP_0713,2025-08,5.012018e+06
COMP_0713,2025-09,5.9875285e+06
COMP_0713,2025-10,8.129465e+06
COMP_0713,2025-11,4.4479215e+06
COMP_0713,2025-12,1.4801802e+06
COMP_0713,2026-01,4.655601e+06
COMP_0713,2026-02,2.7923392e+06
COMP_0713,2026-03,3.720589e+06
COMP_0713,2026-04,7.323436e+06
COMP_0713,2026-05,7.000902e+06
COMP_0713,2026-06,5.219004e+06
COMP_0713,2026-07,2.8034658e+06
COMP_0713,2026-08,3.099743e+06
COMP_0714,2025-08,2.3280933e-11
COMP_0714,2025-09,2.3280933e-11
COMP_0714,2025-10,1.163869e-11
COMP_0714,2025-11,1.163869e-11
COMP_0714,2025-12,1.163869e-11
COMP_0714,2026-01,0
COMP_0714,2026-02,0
COMP_0714,2026-03,0
COMP_0714,2026-04,-1.4551915e-11
COMP_0714,2026-05,-1.4551915e-11
COMP_0714,2026-06,1.4551915e-11
COMP_0714,2026-07,1.4551915e-11
COMP_0714,2026-08,0
COMP_0716,2026-06,189306.52
COMP_0716,2026-07,501352.44
COMP_0716,2026-08,931453.2
COMP_0717,2025-12,4193.91
COMP_0717,2026-01,4186.48
COMP_0717,2026-02,4179.84
COMP_0717,2026-03,4172.89
COMP_0717,2026-04,2742.98
COMP_0717,2026-05,2736.42
COMP_0717,2026-06,2728.16
COMP_0717,2026-07,2716.46
COMP_0717,2026-08,97.16
COMP_0718,2026-07,11575.7
COMP_0718,2026-08,12787.34
COMP_0719,2025-08,61348.64
COMP_0719,2025-09,77527.37
COMP_0719,2025-10,65706.26
COMP_0719,2025-11,138996.16
COMP_0719,2025-12,289264.16
COMP_0719,2026-01,136572.6
COMP_0719,2026-02,28509.6
COMP_0719,2026-03,50774.95
COMP_0719,2026-04,47196.7
COMP_0719,2026-05,63411.17
COMP_0719,2026-06,57938.11
COMP_0719,2026-07,48546.66
COMP_0719,2026-08,41095.5
COMP_0721,2025-06,169301.31
COMP_0721,2025-07,153478.5
COMP_0721,2025-08,156365.02
COMP_0721,2025-09,162482.7
COMP_0721,2025-10,167639.19
COMP_0721,2025-11,170328.69
COMP_0721,2025-12,155027.7
COMP_0721,2026-01,140450.81
COMP_0721,2026-02,148787.06
COMP_0721,2026-03,140888.34
COMP_0721,2026-04,158300.44
COMP_0721,2026-05,317361.1
COMP_0721,2026-06,165596.98
COMP_0721,2026-07,147702.61
COMP_0721,2026-08,899523.75
COMP_0722,2025-06,1404.19
COMP_0722,2025-07,1295.11
COMP_0722,2025-08,1240.5
COMP_0722,2025-09,1240.5
COMP_0722,2025-10,1240.5
COMP_0722,2025-11,1240.5
COMP_0722,2025-12,1240.5
COMP_0722,2026-01,1240.5
COMP_0722,2026-02,1240.5
COMP_0722,2026-03,1240.5
COMP_0722,2026-04,1240.5
COMP_0722,2026-05,1188.1
COMP_0722,2026-06,1188.5
COMP_0722,2026-07,1188.9
COMP_0722,2026-08,1182.7
COMP_0723,2026-02,7833.41
COMP_0723,2026-03,5792.03
COMP_0723,2026-04,4451.21
COMP_0723,2026-05,3330.95
COMP_0723,2026-06,3330.95
COMP_0723,2026-07,3300.95
COMP_0723,2026-08,3300.95
COMP_0724,2026-06,8218.11
COMP_0724,2026-07,73037.39
COMP_0724,2026-08,936.64
COMP_0725,2025-06,173127.77
COMP_0725,2025-07,303649.03
COMP_0725,2025-08,388341.62
COMP_0725,2025-09,446682.6
COMP_0725,2025-10,504383.4
COMP_0725,2025-11,628399.56
COMP_0725,2025-12,703420.2
COMP_0725,2026-01,676027.3
COMP_0725,2026-02,736265.56
COMP_0725,2026-03,845884.8
COMP_0725,2026-04,850201.6
COMP_0725,2026-05,908807.7
COMP_0725,2026-06,909297.94
COMP_0725,2026-07,907379.56
COMP_0725,2026-08,927133
COMP_0726,2025-08,5000
COMP_0726,2025-09,5000
COMP_0726,2025-10,5000
COMP_0726,2025-11,5000
COMP_0726,2025-12,5000
COMP_0726,2026-01,5000
COMP_0726,2026-02,5000
COMP_0726,2026-03,5000
COMP_0726,2026-04,28179.88
COMP_0726,2026-05,32837.03
COMP_0726,2026-06,43343.34
COMP_0726,2026-07,35437.65
COMP_0726,2026-08,42730.31
COMP_0727,2026-03,942149.5
COMP_0727,2026-04,951241.44
COMP_0727,2026-05,1.0331706e+06
COMP_0727,2026-06,1.087521e+06
COMP_0727,2026-07,610798
COMP_0727,2026-08,663631.25
COMP_0728,2026-04,1.596184e+06
COMP_0728,2026-05,1.6388196e+06
COMP_0728,2026-06,1.5986478e+06
COMP_0728,2026-07,1.5630676e+06
COMP_0728,2026-08,708654.9
COMP_0729,2025-07,149.35
COMP_0729,2025-08,3216.7
COMP_0729,2025-09,4815.03
COMP_0729,2025-10,2457.8
COMP_0729,2025-11,16746.45
COMP_0729,2025-12,4985.65
COMP_0729,2026-01,4985.65
COMP_0729,2026-02,4985.65
COMP_0729,2026-03,4985.65
COMP_0729,2026-04,4985.65
COMP_0729,2026-05,4985.65
COMP_0729,2026-06,4985.65
COMP_0729,2026-07,4985.65
COMP_0729,2026-08,4985.65
COMP_0730,2026-05,7.6508735e+06
COMP_0730,2026-06,1.2183073e+07
COMP_0730,2026-07,1.0115473e+07
COMP_0730,2026-08,1.2570255e+07
COMP_0731,2026-05,40489.71
COMP_0731,2026-06,75818.38
COMP_0731,2026-07,73136.47
COMP_0731,2026-08,70276.45
COMP_0732,2025-02,22608.77
COMP_0732,2025-03,22314.58
COMP_0732,2025-04,22054.01
COMP_0732,2025-05,21906.43
COMP_0732,2025-06,21880.55
COMP_0732,2025-07,21306.4
COMP_0732,2025-08,21445.5
COMP_0732,2025-09,21438.06
COMP_0732,2025-10,18452.23
COMP_0732,2025-11,18373.46
COMP_0732,2025-12,22608.01
COMP_0732,2026-01,4773.84
COMP_0732,2026-02,4707.28
COMP_0732,2026-03,4637.87
COMP_0732,2026-04,4567.53
COMP_0732,2026-05,4219.9
COMP_0732,2026-06,3786.78
COMP_0732,2026-07,3474.82
COMP_0732,2026-08,3467.07
COMP_0733,2025-06,31217.91
COMP_0733,2025-07,30380.38
COMP_0733,2025-08,28928.38
COMP_0733,2025-09,26294.55
COMP_0733,2025-10,35006.59
COMP_0733,2025-11,49011.18
COMP_0733,2025-12,41706.46
COMP_0733,2026-01,46153.29
COMP_0733,2026-02,46002.15
COMP_0733,2026-03,45232.67
COMP_0733,2026-04,44276.53
COMP_0733,2026-05,30378.49
COMP_0733,2026-06,30278.49
COMP_0733,2026-07,36790.9
COMP_0733,2026-08,25393.77
COMP_0734,2026-05,367862.06
COMP_0734,2026-06,350809.25
COMP_0734,2026-07,420151.16
COMP_0734,2026-08,420151.16
COMP_0735,2025-07,96735.54
COMP_0735,2025-08,96841.97
COMP_0735,2025-09,96958.54
COMP_0735,2025-10,96582.25
COMP_0735,2025-11,96776.61
COMP_0735,2025-12,96840.95
COMP_0735,2026-01,96902.12
COMP_0735,2026-02,97024.94
COMP_0735,2026-03,97137.72
COMP_0735,2026-04,97261.06
COMP_0735,2026-05,97377.33
COMP_0735,2026-06,97503.46
COMP_0735,2026-07,97625.87
COMP_0735,2026-08,97751.38
COMP_0736,2026-04,112268
COMP_0736,2026-05,111651.57
COMP_0736,2026-06,94655.64
COMP_0736,2026-07,94597.11
COMP_0736,2026-08,94385.11
COMP_0737,2025-02,185260.98
COMP_0737,2025-03,189071.48
COMP_0737,2025-04,176930.48
COMP_0737,2025-05,165565.17
COMP_0737,2025-06,167008.64
COMP_0737,2025-07,139615.58
COMP_0737,2025-08,131011.09
COMP_0737,2025-09,135214.16
COMP_0737,2025-10,131963.86
COMP_0737,2025-11,135581.34
COMP_0737,2025-12,153442.16
COMP_0737,2026-01,154982.97
COMP_0737,2026-02,129459.21
COMP_0737,2026-03,139264.5
COMP_0737,2026-04,128479.67
COMP_0737,2026-05,113820.74
COMP_0737,2026-06,143138.66
COMP_0737,2026-07,29767.07
COMP_0737,2026-08,164346.6
COMP_0738,2025-06,272435.1
COMP_0738,2025-07,160322.67
COMP_0738,2025-08,27990.13
COMP_0738,2025-09,5796
COMP_0738,2025-10,2869
COMP_0738,2025-11,39562.96
COMP_0738,2025-12,7678.42
COMP_0738,2026-01,48544.14
COMP_0738,2026-02,14388.39
COMP_0738,2026-03,53880.24
COMP_0738,2026-04,25113.2
COMP_0738,2026-05,50743.09
COMP_0738,2026-06,265842.47
COMP_0738,2026-07,64673.97
COMP_0738,2026-08,46983.86
COMP_0739,2025-02,1.165141e+06
COMP_0739,2025-03,976727.8
COMP_0739,2025-04,647256.4
COMP_0739,2025-05,708975.25
COMP_0739,2025-06,497576.88
COMP_0739,2025-07,400669.75
COMP_0739,2025-08,399172.3
COMP_0739,2025-09,200126.19
COMP_0739,2025-10,893625.5
COMP_0739,2025-11,633409.25
COMP_0739,2025-12,1.0768204e+06
COMP_0739,2026-01,1.0769368e+06
COMP_0739,2026-02,897272.06
COMP_0739,2026-03,1.6480146e+06
COMP_0739,2026-04,1.2855432e+06
COMP_0739,2026-05,1.3549339e+06
COMP_0739,2026-06,969714
COMP_0739,2026-07,527443
COMP_0739,2026-08,545363.8
COMP_0740,2026-06,90080.19
COMP_0740,2026-07,298321.3
COMP_0740,2026-08,118184.37
COMP_0741,2025-02,353176.44
COMP_0741,2025-03,429276.12
COMP_0741,2025-04,139950.2
COMP_0741,2025-05,71731.62
COMP_0741,2025-06,164532.77
COMP_0741,2025-07,372186.88
COMP_0741,2025-08,322201
COMP_0741,2025-09,193001.98
COMP_0741,2025-10,161713.19
COMP_0741,2025-11,196834.25
COMP_0741,2025-12,167576.97
COMP_0741,2026-01,157323.77
COMP_0741,2026-02,393149.75
COMP_0741,2026-03,312482.7
COMP_0741,2026-04,11494.38
COMP_0741,2026-05,-2513.51
COMP_0741,2026-06,34876.71
COMP_0741,2026-07,234940.78
COMP_0741,2026-08,265817.97
COMP_0742,2026-05,4.9963595e+06
COMP_0742,2026-06,1.530612e+06
COMP_0742,2026-07,-1.6480239e+06
COMP_0742,2026-08,-1.9445649e+06
COMP_0743,2025-02,2.0428945e+06
COMP_0743,2025-03,1.8698552e+06
COMP_0743,2025-04,1.6221174e+06
COMP_0743,2025-05,1.5704584e+06
COMP_0743,2025-06,1.5514929e+06
COMP_0743,2025-07,970741.1
COMP_0743,2025-08,766861.5
COMP_0743,2025-09,418367.66
COMP_0743,2025-10,177961.38
COMP_0743,2025-11,116071.22
COMP_0743,2025-12,103249.22
COMP_0743,2026-01,125568.54
COMP_0743,2026-02,123733.73
COMP_0743,2026-03,49274.2
COMP_0743,2026-04,30364.99
COMP_0743,2026-05,36481.89
COMP_0743,2026-06,50462.68
COMP_0743,2026-07,55948.39
COMP_0743,2026-08,1.0500765e+06
COMP_0744,2026-07,300625.8
COMP_0744,2026-08,1.3854916e+06
COMP_0745,2026-05,5377.36
COMP_0745,2026-06,10516.43
COMP_0745,2026-07,22656.82
COMP_0745,2026-08,9375.16
COMP_0746,2025-06,19443.12
COMP_0746,2025-07,27993.38
COMP_0746,2025-08,26913.45
COMP_0746,2025-09,33102.9
COMP_0746,2025-10,49318.17
COMP_0746,2025-11,81282.15
COMP_0746,2025-12,81819.07
COMP_0746,2026-01,78379.86
COMP_0746,2026-02,83546.05
COMP_0746,2026-03,77723.3
COMP_0746,2026-04,99218.3
COMP_0746,2026-05,103870.48
COMP_0746,2026-06,102236.49
COMP_0746,2026-07,109731.75
COMP_0746,2026-08,113853.45
COMP_0747,2025-08,31047.05
COMP_0747,2025-09,3859.97
COMP_0747,2025-10,3905.19
COMP_0747,2025-11,3941.18
COMP_0747,2025-12,3995.04
COMP_0747,2026-01,4048.9
COMP_0747,2026-02,4066.46
COMP_0747,2026-03,3221.8
COMP_0747,2026-04,3275.66
COMP_0747,2026-05,3316.02
COMP_0747,2026-06,3369.88
COMP_0747,2026-07,3423.74
COMP_0747,2026-08,3477.6
COMP_0748,2025-02,62603.5
COMP_0748,2025-03,111376.03
COMP_0748,2025-04,450322.78
COMP_0748,2025-05,646410.25
COMP_0748,2025-06,462319.84
COMP_0748,2025-07,264407.25
COMP_0748,2025-08,885015.44
COMP_0748,2025-09,1.8169142e+06
COMP_0748,2025-10,346016.34
COMP_0748,2025-11,125605.6
COMP_0748,2025-12,588879.6
COMP_0748,2026-01,446156.9
COMP_0748,2026-02,434258.56
COMP_0748,2026-03,437398.1
COMP_0748,2026-04,432401.7
COMP_0748,2026-05,448576.38
COMP_0748,2026-06,644525.44
COMP_0748,2026-07,458879.22
COMP_0748,2026-08,426843.47
COMP_0749,2026-07,116699.96
COMP_0749,2026-08,124999.64
COMP_0750,2025-08,3.2719072e-10
COMP_0750,2025-09,3.0945557e-10
COMP_0750,2025-10,3.1627678e-10
COMP_0750,2025-11,3.1513991e-10
COMP_0750,2025-12,3.317382e-10
COMP_0750,2026-01,3.0263436e-10
COMP_0750,2026-02,3.4924597e-10
COMP_0750,2026-03,4.0745363e-10
COMP_0750,2026-04,4.0745363e-10
COMP_0750,2026-05,3.4924597e-10
COMP_0750,2026-06,3.4924597e-10
COMP_0750,2026-07,1.1641532e-10
COMP_0750,2026-08,0
COMP_0751,2025-02,12704.31
COMP_0751,2025-03,11493.46
COMP_0751,2025-04,7575.64
COMP_0751,2025-05,3882.51
COMP_0751,2025-06,19689.54
COMP_0751,2025-07,6467.32
COMP_0751,2025-08,6096.62
COMP_0751,2025-09,5361.72
COMP_0751,2025-10,19102.21
COMP_0751,2025-11,18062.34
COMP_0751,2025-12,6938.83
COMP_0751,2026-01,3985.94
COMP_0751,2026-02,6499
COMP_0751,2026-03,7786.51
COMP_0751,2026-04,11082.08
COMP_0751,2026-05,48585.45
COMP_0751,2026-06,42448.6
COMP_0751,2026-07,45938.58
COMP_0751,2026-08,13519.45
COMP_0752,2026-06,107165.97
COMP_0752,2026-07,134004.25
COMP_0752,2026-08,68881.26
COMP_0753,2025-09,546661.3
COMP_0753,2025-10,304526.66
COMP_0753,2025-11,932075.56
COMP_0753,2025-12,1.2551965e+06
COMP_0753,2026-01,741549.25
COMP_0753,2026-02,759667.5
COMP_0753,2026-03,778743.2
COMP_0753,2026-04,1.0809402e+06
COMP_0753,2026-05,768780.56
COMP_0753,2026-06,483765.97
COMP_0753,2026-07,1.5450498e+06
COMP_0753,2026-08,1.6634171e+06
COMP_0754,2025-10,1.396917e+06
COMP_0754,2025-11,1.619102e+06
COMP_0754,2025-12,798264.06
COMP_0754,2026-01,1.1605481e+06
COMP_0754,2026-02,1.3570334e+06
COMP_0754,2026-03,706841.75
COMP_0754,2026-04,1.0168231e+06
COMP_0754,2026-05,1.2583521e+06
COMP_0754,2026-06,1.810839e+06
COMP_0754,2026-07,1.2079854e+06
COMP_0754,2026-08,1.379288e+06
COMP_0755,2025-06,135222.23
COMP_0755,2025-07,87468.89
COMP_0755,2025-08,109422.55
COMP_0755,2025-09,415530.03
COMP_0755,2025-10,78613.76
COMP_0755,2025-11,119264.84
COMP_0755,2025-12,83513.71
COMP_0755,2026-01,358691.12
COMP_0755,2026-02,49563.42
COMP_0755,2026-03,43435.95
COMP_0755,2026-04,16241.48
COMP_0755,2026-05,71100.95
COMP_0755,2026-06,25623.66
COMP_0755,2026-07,79147.05
COMP_0755,2026-08,51704.83
COMP_0756,2026-07,399578
COMP_0756,2026-08,245639.69
COMP_0757,2026-06,278774.28
COMP_0757,2026-07,2.9249842e+06
COMP_0757,2026-08,321543.38
COMP_0758,2025-12,110740.56
COMP_0758,2026-01,138548.23
COMP_0758,2026-02,256594.05
COMP_0758,2026-03,107173.34
COMP_0758,2026-04,108905.97
COMP_0758,2026-05,114591.83
COMP_0758,2026-06,63495.54
COMP_0758,2026-07,11294.03
COMP_0758,2026-08,11484.4
COMP_0759,2025-05,-8360.35
COMP_0759,2025-06,-8360.35
COMP_0759,2025-07,-8360.35
COMP_0759,2025-08,-8360.35
COMP_0759,2025-09,-8360.35
COMP_0759,2025-10,-8360.35
COMP_0759,2025-11,-8360.35
COMP_0759,2025-12,-8360.35
COMP_0759,2026-01,-8360.35
COMP_0759,2026-02,-8360.35
COMP_0759,2026-03,-8360.35
COMP_0759,2026-04,-8360.35
COMP_0759,2026-05,-8360.35
COMP_0759,2026-06,1.8189894e-12
COMP_0759,2026-07,1.8189894e-12
COMP_0759,2026-08,0
COMP_0760,2025-02,115729.21
COMP_0760,2025-03,132323.1
COMP_0760,2025-04,93606.34
COMP_0760,2025-05,106595.23
COMP_0760,2025-06,148468.48
COMP_0760,2025-07,108751.2
COMP_0760,2025-08,80986.87
COMP_0760,2025-09,105313.54
COMP_0760,2025-10,114257.43
COMP_0760,2025-11,142927.9
COMP_0760,2025-12,147662.34
COMP_0760,2026-01,290014.16
COMP_0760,2026-02,194471.3
COMP_0760,2026-03,192516.05
COMP_0760,2026-04,159972.8
COMP_0760,2026-05,-38826.73
COMP_0760,2026-06,-44455.57
COMP_0760,2026-07,-88480.26
COMP_0760,2026-08,-64529.46
COMP_0761,2025-09,6916.5
COMP_0761,2025-10,20796.88
COMP_0761,2025-11,20861.31
COMP_0761,2025-12,1.274994e+07
COMP_0761,2026-01,6.785655e+06
COMP_0761,2026-02,7.9286815e+06
COMP_0761,2026-03,1.3555305e+07
COMP_0761,2026-04,4.567285e+06
COMP_0761,2026-05,3.322005e+06
COMP_0761,2026-06,219775.6
COMP_0761,2026-07,-16937.44
COMP_0761,2026-08,1.1512368e+07
COMP_0762,2026-01,18830.25
COMP_0762,2026-02,26964.51
COMP_0762,2026-03,11613.49
COMP_0762,2026-04,15589.22
COMP_0762,2026-05,33940.36
COMP_0762,2026-06,54723.87
COMP_0762,2026-07,24876.89
COMP_0762,2026-08,41675.5
COMP_0763,2025-06,19061.61
COMP_0763,2025-07,10771.48
COMP_0763,2025-08,10570.98
COMP_0763,2025-09,12602.4
COMP_0763,2025-10,9443.02
COMP_0763,2025-11,9530.1
COMP_0763,2025-12,6959.48
COMP_0763,2026-01,858.97
COMP_0763,2026-02,3253.07
COMP_0763,2026-03,2271.67
COMP_0763,2026-04,310.37
COMP_0763,2026-05,-481.45
COMP_0763,2026-06,1554.93
COMP_0763,2026-07,5423.12
COMP_0763,2026-08,519.23
COMP_0764,2025-02,-187178.25
COMP_0764,2025-03,-1.4882024e+06
COMP_0764,2025-04,-1.4038265e+06
COMP_0764,2025-05,-1.2040764e+06
COMP_0764,2025-06,-1.3677776e+06
COMP_0764,2025-07,-1.2376015e+06
COMP_0764,2025-08,-1.25651e+06
COMP_0764,2025-09,-1.2428146e+06
COMP_0764,2025-10,-1.25145e+06
COMP_0764,2025-11,-1.393581e+06
COMP_0764,2025-12,-1.04364406e+06
COMP_0764,2026-01,-1.307919e+06
COMP_0764,2026-02,-1.3047535e+06
COMP_0764,2026-03,-1.3048854e+06
COMP_0764,2026-04,-1.2285289e+06
COMP_0764,2026-05,-1.22365e+06
COMP_0764,2026-06,-1.2258439e+06
COMP_0764,2026-07,-1.4936804e+06
COMP_0764,2026-08,-1.4938551e+06
COMP_0765,2025-04,786710.44
COMP_0765,2025-05,748667.4
COMP_0765,2025-06,836791.7
COMP_0765,2025-07,842518.2
COMP_0765,2025-08,305445.78
COMP_0765,2025-09,408873.12
COMP_0765,2025-10,36474.24
COMP_0765,2025-11,2.294769e+06
COMP_0765,2025-12,1.6699214e+06
COMP_0765,2026-01,513130.28
COMP_0765,2026-02,256326.77
COMP_0765,2026-03,1.0031323e+06
COMP_0765,2026-04,82713.03
COMP_0765,2026-05,123549.69
COMP_0765,2026-06,34030.03
COMP_0765,2026-07,51256.06
COMP_0765,2026-08,741388.8
COMP_0766,2025-02,107986.68
COMP_0766,2025-03,108692.32
COMP_0766,2025-04,103417.77
COMP_0766,2025-05,101491.08
COMP_0766,2025-06,139128.52
COMP_0766,2025-07,59442.52
COMP_0766,2025-08,51362.39
COMP_0766,2025-09,38822.62
COMP_0766,2025-10,23502.26
COMP_0766,2025-11,13796.52
COMP_0766,2025-12,8222.22
COMP_0766,2026-01,18526.05
COMP_0766,2026-02,3589.79
COMP_0766,2026-03,4629.86
COMP_0766,2026-04,14917.59
COMP_0766,2026-05,7915.01
COMP_0766,2026-06,12157.44
COMP_0766,2026-07,9387.03
COMP_0766,2026-08,5923.28
COMP_0767,2026-03,4961.74
COMP_0767,2026-04,26072.4
COMP_0767,2026-05,6873.04
COMP_0767,2026-06,43977.86
COMP_0767,2026-07,3785.36
COMP_0767,2026-08,3785.36
COMP_0768,2025-12,21543.06
COMP_0768,2026-01,906.68
COMP_0768,2026-02,9966.55
COMP_0768,2026-03,9526.62
COMP_0768,2026-04,11768.35
COMP_0768,2026-05,20676.27
COMP_0768,2026-06,5121.64
COMP_0768,2026-07,8571.91
COMP_0768,2026-08,18041.37
COMP_0769,2026-05,101600.43
COMP_0769,2026-06,137172.95
COMP_0769,2026-07,151469.88
COMP_0769,2026-08,156521.6
COMP_0770,2025-02,7401.25
COMP_0770,2025-03,12511.2
COMP_0770,2025-04,4351.54
COMP_0770,2025-05,2730.35
COMP_0770,2025-06,3008.55
COMP_0770,2025-07,73127.41
COMP_0770,2025-08,28007.09
COMP_0770,2025-09,8747.98
COMP_0770,2025-10,11250.51
COMP_0770,2025-11,3217.7
COMP_0770,2025-12,5174.02
COMP_0770,2026-01,9908.95
COMP_0770,2026-02,5286.54
COMP_0770,2026-03,9090.67
COMP_0770,2026-04,4321.27
COMP_0770,2026-05,8860.39
COMP_0770,2026-06,31617.3
COMP_0770,2026-07,23098.17
COMP_0770,2026-08,30378.25
COMP_0771,2026-02,112469.04
COMP_0771,2026-03,129549.23
COMP_0771,2026-04,117871.53
COMP_0771,2026-05,92487.47
COMP_0771,2026-06,84740.96
COMP_0771,2026-07,84740.96
COMP_0771,2026-08,84740.96
COMP_0772,2025-05,1.1288974e+06
COMP_0772,2025-06,1.0701979e+06
COMP_0772,2025-07,997188.56
COMP_0772,2025-08,992185.3
COMP_0772,2025-09,489374.84
COMP_0772,2025-10,498111.44
COMP_0772,2025-11,335387.44
COMP_0772,2025-12,275817.38
COMP_0772,2026-01,234808.11
COMP_0772,2026-02,282251.8
COMP_0772,2026-03,308786.4
COMP_0772,2026-04,294619.7
COMP_0772,2026-05,343734.8
COMP_0772,2026-06,372756.38
COMP_0772,2026-07,332645.4
COMP_0772,2026-08,366907.8
COMP_0773,2025-02,3.7407788e+06
COMP_0773,2025-03,3.980906e+06
COMP_0773,2025-04,4.773223e+06
COMP_0773,2025-05,5.643009e+06
COMP_0773,2025-06,5.7063705e+06
COMP_0773,2025-07,2.4857302e+06
COMP_0773,2025-08,2.3739718e+06
COMP_0773,2025-09,3.5500045e+06
COMP_0773,2025-10,3.459407e+06
COMP_0773,2025-11,3.7274695e+06
COMP_0773,2025-12,3.8218255e+06
COMP_0773,2026-01,3.7833768e+06
COMP_0773,2026-02,3.9254198e+06
COMP_0773,2026-03,4.2736895e+06
COMP_0773,2026-04,3.760854e+06
COMP_0773,2026-05,4.8591455e+06
COMP_0773,2026-06,4.4643595e+06
COMP_0773,2026-07,3.9885092e+06
COMP_0773,2026-08,4.299884e+06
COMP_0774,2025-06,1064.71
COMP_0774,2025-07,4133.71
COMP_0774,2025-08,7409.52
COMP_0774,2025-09,2600.98
COMP_0774,2025-10,2854.15
COMP_0774,2025-11,5452.46
COMP_0774,2025-12,2377.65
COMP_0774,2026-01,11140.03
COMP_0774,2026-02,31002.38
COMP_0774,2026-03,11850.67
COMP_0774,2026-04,5090.41
COMP_0774,2026-05,5316.31
COMP_0774,2026-06,3724.06
COMP_0774,2026-07,3898.31
COMP_0774,2026-08,5461.26
COMP_0775,2025-10,499803.94
COMP_0775,2025-11,355032.25
COMP_0775,2025-12,319364.75
COMP_0775,2026-01,410293.8
COMP_0775,2026-02,382444.12
COMP_0775,2026-03,366851.25
COMP_0775,2026-04,394928.53
COMP_0775,2026-05,488121.66
COMP_0775,2026-06,749408.9
COMP_0775,2026-07,922332.44
COMP_0775,2026-08,858925.7
COMP_0776,2025-02,7.702283e-12
COMP_0776,2025-03,7.588596e-12
COMP_0776,2025-04,7.64544e-12
COMP_0776,2025-05,7.6738615e-12
COMP_0776,2025-06,7.844392e-12
COMP_0776,2025-07,7.901235e-12
COMP_0776,2025-08,-8.526513e-13
COMP_0776,2025-09,-8.526513e-13
COMP_0776,2025-10,9.663381e-13
COMP_0776,2025-11,9.663381e-13
COMP_0776,2025-12,9.663381e-13
COMP_0776,2026-01,9.663381e-13
COMP_0776,2026-02,5.684342e-14
COMP_0776,2026-03,0
COMP_0776,2026-04,0
COMP_0776,2026-05,0
COMP_0776,2026-06,0
COMP_0776,2026-07,0
COMP_0776,2026-08,0
COMP_0777,2026-06,3.2137142e+06
COMP_0777,2026-07,2.9041602e+06
COMP_0777,2026-08,4.9807015e+06
COMP_0778,2025-02,441754.75
COMP_0778,2025-03,374019.06
COMP_0778,2025-04,321962.2
COMP_0778,2025-05,251822.75
COMP_0778,2025-06,34626.88
COMP_0778,2025-07,12858.22
COMP_0778,2025-08,306983.16
COMP_0778,2025-09,271685.8
COMP_0778,2025-10,273851.25
COMP_0778,2025-11,842747.06
COMP_0778,2025-12,312229.94
COMP_0778,2026-01,35108.89
COMP_0778,2026-02,214113.84
COMP_0778,2026-03,28815.2
COMP_0778,2026-04,122413.72
COMP_0778,2026-05,215927.1
COMP_0778,2026-06,205880.88
COMP_0778,2026-07,494535
COMP_0778,2026-08,53154.96
COMP_0779,2025-06,18717.32
COMP_0779,2025-07,18389.48
COMP_0779,2025-08,7105.57
COMP_0779,2025-09,6777.73
COMP_0779,2025-10,9738.25
COMP_0779,2025-11,9410.41
COMP_0779,2025-12,2482.82
COMP_0779,2026-01,256822.36
COMP_0779,2026-02,582869.94
COMP_0779,2026-03,635234.7
COMP_0779,2026-04,340698.66
COMP_0779,2026-05,346077.94
COMP_0779,2026-06,245545.75
COMP_0779,2026-07,169097.06
COMP_0779,2026-08,33815.5
COMP_0780,2025-02,21879.73
COMP_0780,2025-03,34068.69
COMP_0780,2025-04,9395.9
COMP_0780,2025-05,22060.12
COMP_0780,2025-06,43587.74
COMP_0780,2025-07,55079.2
COMP_0780,2025-08,59600.32
COMP_0780,2025-09,49155.75
COMP_0780,2025-10,10766.87
COMP_0780,2025-11,30432.06
COMP_0780,2025-12,18398.01
COMP_0780,2026-01,17893.73
COMP_0780,2026-02,7578.4
COMP_0780,2026-03,26806.85
COMP_0780,2026-04,17030.14
COMP_0780,2026-05,15890.92
COMP_0780,2026-06,103895.74
COMP_0780,2026-07,122705.36
COMP_0780,2026-08,123327.97
COMP_0781,2026-01,49543.25
COMP_0781,2026-02,15936.63
COMP_0781,2026-03,52103.64
COMP_0781,2026-04,39115.34
COMP_0781,2026-05,39207.71
COMP_0781,2026-06,17551.82
COMP_0781,2026-07,8633.54
COMP_0781,2026-08,4060.75
COMP_0782,2025-02,-41245.29
COMP_0782,2025-03,-11917.03
COMP_0782,2025-04,-104888.28
COMP_0782,2025-05,-28735.91
COMP_0782,2025-06,144828.88
COMP_0782,2025-07,-99270.26
COMP_0782,2025-08,-6378.48
COMP_0782,2025-09,69788.46
COMP_0782,2025-10,-11395.78
COMP_0782,2025-11,-11192.71
COMP_0782,2025-12,115032.8
COMP_0782,2026-01,-28519.18
COMP_0782,2026-02,30126.69
COMP_0782,2026-03,12813.43
COMP_0782,2026-04,-119162.27
COMP_0782,2026-05,-124642.86
COMP_0782,2026-06,-114125.36
COMP_0782,2026-07,-114676
COMP_0782,2026-08,18968.3
COMP_0783,2026-06,924307
COMP_0783,2026-07,1.2751562e+06
COMP_0783,2026-08,840597.06
COMP_0785,2025-02,30934.94
COMP_0785,2025-03,30826.68
COMP_0785,2025-04,8413.04
COMP_0785,2025-05,12437.97
COMP_0785,2025-06,10222.1
COMP_0785,2025-07,1794.39
COMP_0785,2025-08,24880.67
COMP_0785,2025-09,5977.63
COMP_0785,2025-10,9651.46
COMP_0785,2025-11,80847.95
COMP_0785,2025-12,24099.78
COMP_0785,2026-01,67373.31
COMP_0785,2026-02,12281.75
COMP_0785,2026-03,10436.34
COMP_0785,2026-04,7021.59
COMP_0785,2026-05,33472.15
COMP_0785,2026-06,2576.67
COMP_0785,2026-07,2590.45
COMP_0785,2026-08,3014.6
COMP_0786,2025-02,1.5807842e+06
COMP_0786,2025-03,844224.44
COMP_0786,2025-04,242110.69
COMP_0786,2025-05,155113.44
COMP_0786,2025-06,313859.4
COMP_0786,2025-07,375218.6
COMP_0786,2025-08,161563.3
COMP_0786,2025-09,141042.52
COMP_0786,2025-10,139846.31
COMP_0786,2025-11,219910.02
COMP_0786,2025-12,104071.39
COMP_0786,2026-01,69611.53
COMP_0786,2026-02,223071.47
COMP_0786,2026-03,175042.9
COMP_0786,2026-04,200369.7
COMP_0786,2026-05,190686.81
COMP_0786,2026-06,81479.88
COMP_0786,2026-07,131054.12
COMP_0786,2026-08,104938.61
COMP_0787,2026-07,2.2189872e+06
COMP_0787,2026-08,1.5913688e+06
COMP_0788,2025-02,5286.47
COMP_0788,2025-03,20957.61
COMP_0788,2025-04,100233.04
COMP_0788,2025-05,90341.1
COMP_0788,2025-06,23617.61
COMP_0788,2025-07,21552.48
COMP_0788,2025-08,23412.21
COMP_0788,2025-09,19717.55
COMP_0788,2025-10,24393.71
COMP_0788,2025-11,26266.24
COMP_0788,2025-12,40509.86
COMP_0788,2026-01,2517.23
COMP_0788,2026-02,6133.33
COMP_0788,2026-03,3680.09
COMP_0788,2026-04,27817.33
COMP_0788,2026-05,3.723244e-11
COMP_0788,2026-06,4264.88
COMP_0788,2026-07,7.275958e-12
COMP_0788,2026-08,7185
COMP_0789,2025-02,-2247.7
COMP_0789,2025-03,0
COMP_0789,2025-04,0
COMP_0789,2025-05,0
COMP_0789,2025-06,0
COMP_0789,2025-07,0
COMP_0789,2025-08,0
COMP_0789,2025-09,0
COMP_0789,2025-10,0
COMP_0789,2025-11,0
COMP_0789,2025-12,0
COMP_0789,2026-01,0
COMP_0789,2026-02,0
COMP_0789,2026-03,0
COMP_0789,2026-04,0
COMP_0789,2026-05,0
COMP_0789,2026-06,0
COMP_0789,2026-07,0
COMP_0789,2026-08,0
COMP_0790,2025-04,47009.29
COMP_0790,2025-05,46993.68
COMP_0790,2025-06,46993.68
COMP_0790,2025-07,44616.06
COMP_0790,2025-08,44540.96
COMP_0790,2025-09,44431.96
COMP_0790,2025-10,44347.62
COMP_0790,2025-11,44331.62
COMP_0790,2025-12,44331.62
COMP_0790,2026-01,43458.64
COMP_0790,2026-02,43413.98
COMP_0790,2026-03,39842.96
COMP_0790,2026-04,39159.82
COMP_0790,2026-05,-594.38
COMP_0790,2026-06,-27331.22
COMP_0790,2026-07,976651.1
COMP_0790,2026-08,1.0272641e+06
COMP_0791,2025-02,120554.4
COMP_0791,2025-03,285887.53
COMP_0791,2025-04,412024.2
COMP_0791,2025-05,133575.02
COMP_0791,2025-06,88155.05
COMP_0791,2025-07,647876.25
COMP_0791,2025-08,77343.66
COMP_0791,2025-09,147975.81
COMP_0791,2025-10,185416.53
COMP_0791,2025-11,168920.22
COMP_0791,2025-12,36242.01
COMP_0791,2026-01,58431.75
COMP_0791,2026-02,63939.32
COMP_0791,2026-03,3722.55
COMP_0791,2026-04,7986.57
COMP_0791,2026-05,20195.24
COMP_0791,2026-06,26992.03
COMP_0791,2026-07,188954.61
COMP_0791,2026-08,381249.94
COMP_0792,2025-02,5.7567515e+06
COMP_0792,2025-03,6.29026e+06
COMP_0792,2025-04,3.3647065e+06
COMP_0792,2025-05,9.262519e+06
COMP_0792,2025-06,5.8229475e+06
COMP_0792,2025-07,4.2932735e+06
COMP_0792,2025-08,4.471542e+06
COMP_0792,2025-09,4.1884498e+06
COMP_0792,2025-10,4.959233e+06
COMP_0792,2025-11,5.6100645e+06
COMP_0792,2025-12,4.72234e+06
COMP_0792,2026-01,3.1350765e+06
COMP_0792,2026-02,3.8664912e+06
COMP_0792,2026-03,4.4732575e+06
COMP_0792,2026-04,8.261227e+06
COMP_0792,2026-05,8.862448e+06
COMP_0792,2026-06,1.0488468e+07
COMP_0792,2026-07,8.1719875e+06
COMP_0792,2026-08,7.782581e+06
COMP_0793,2026-06,417886.1
COMP_0793,2026-07,513339.38
COMP_0793,2026-08,379447.4
COMP_0794,2025-02,4407.87
COMP_0794,2025-03,4214.37
COMP_0794,2025-04,4202.37
COMP_0794,2025-05,4190.37
COMP_0794,2025-06,3956.44
COMP_0794,2025-07,3944.44
COMP_0794,2025-08,3932.44
COMP_0794,2025-09,3656.42
COMP_0794,2025-10,2852.36
COMP_0794,2025-11,2576.34
COMP_0794,2025-12,2800.32
COMP_0794,2026-01,2788.32
COMP_0794,2026-02,151434.23
COMP_0794,2026-03,20433.31
COMP_0794,2026-04,22034.27
COMP_0794,2026-05,534091.4
COMP_0794,2026-06,405660.44
COMP_0794,2026-07,174837.27
COMP_0794,2026-08,113660.44
COMP_0795,2026-07,247565.23
COMP_0795,2026-08,276377.3
COMP_0796,2025-02,611175.44
COMP_0796,2025-03,602708.06
COMP_0796,2025-04,601416.3
COMP_0796,2025-05,605688.25
COMP_0796,2025-06,602285.56
COMP_0796,2025-07,595925.6
COMP_0796,2025-08,599727.06
COMP_0796,2025-09,604999
COMP_0796,2025-10,538503.44
COMP_0796,2025-11,514687.78
COMP_0796,2025-12,928874.44
COMP_0796,2026-01,892340.25
COMP_0796,2026-02,623019.2
COMP_0796,2026-03,512778.1
COMP_0796,2026-04,416502.47
COMP_0796,2026-05,416271.62
COMP_0796,2026-06,332479.12
COMP_0796,2026-07,1.0261713e+06
COMP_0796,2026-08,942376.8
COMP_0797,2026-02,-108304.98
COMP_0797,2026-03,-42962.79
COMP_0797,2026-04,-36648.89
COMP_0797,2026-05,-15648.79
COMP_0797,2026-06,340696.12
COMP_0797,2026-07,256144.84
COMP_0797,2026-08,341750.75
COMP_0798,2025-02,184067.9
COMP_0798,2025-03,92052.97
COMP_0798,2025-04,255689.56
COMP_0798,2025-05,269133.9
COMP_0798,2025-06,423126.34
COMP_0798,2025-07,207434.19
COMP_0798,2025-08,231238.78
COMP_0798,2025-09,286242.12
COMP_0798,2025-10,266295.56
COMP_0798,2025-11,327407.66
COMP_0798,2025-12,415676.3
COMP_0798,2026-01,369149.97
COMP_0798,2026-02,651993.06
COMP_0798,2026-03,558027.5
COMP_0798,2026-04,371536.88
COMP_0798,2026-05,281859.25
COMP_0798,2026-06,226150.56
COMP_0798,2026-07,296636.34
COMP_0798,2026-08,296504.28
COMP_0799,2026-04,3.6479282e+06
COMP_0799,2026-05,2.521355e+06
COMP_0799,2026-06,2.4616835e+06
COMP_0799,2026-07,2.9563898e+06
COMP_0799,2026-08,2.5175822e+06
COMP_0801,2025-06,374058.56
COMP_0801,2025-07,284974.06
COMP_0801,2025-08,302089.72
COMP_0801,2025-09,313461.4
COMP_0801,2025-10,314862.62
COMP_0801,2025-11,332325.53
COMP_0801,2025-12,392157.16
COMP_0801,2026-01,390536.78
COMP_0801,2026-02,364994.8
COMP_0801,2026-03,423829.6
COMP_0801,2026-04,410159.22
COMP_0801,2026-05,431868.3
COMP_0801,2026-06,451855.06
COMP_0801,2026-07,144093.81
COMP_0801,2026-08,165148.81
COMP_0802,2026-01,1.4358896e+06
COMP_0802,2026-02,7.9605955e+06
COMP_0802,2026-03,7.4230645e+06
COMP_0802,2026-04,3.4208478e+06
COMP_0802,2026-05,3.6085735e+06
COMP_0802,2026-06,1.69778e+06
COMP_0802,2026-07,1.5222775e+06
COMP_0802,2026-08,1.6027031e+06
COMP_0803,2025-02,2.4956875e+06
COMP_0803,2025-03,1.906042e+06
COMP_0803,2025-04,964329.06
COMP_0803,2025-05,1.0659016e+06
COMP_0803,2025-06,946035.1
COMP_0803,2025-07,7.204177e+06
COMP_0803,2025-08,5.720329e+06
COMP_0803,2025-09,3.9628555e+06
COMP_0803,2025-10,4.687582e+06
COMP_0803,2025-11,3.7527362e+06
COMP_0803,2025-12,2.423956e+06
COMP_0803,2026-01,1.4270768e+06
COMP_0803,2026-02,3.241549e+06
COMP_0803,2026-03,1.4681354e+06
COMP_0803,2026-04,652005.1
COMP_0803,2026-05,1.02027594e+06
COMP_0803,2026-06,605723.8
COMP_0803,2026-07,1.1761884e+06
COMP_0803,2026-08,1.1536134e+06
COMP_0804,2026-06,47652.13
COMP_0804,2026-07,38021.9
COMP_0804,2026-08,33263.88
COMP_0805,2026-01,1.8351405e+06
COMP_0805,2026-02,1.8356974e+06
COMP_0805,2026-03,795213
COMP_0805,2026-04,299749
COMP_0805,2026-05,276428.4
COMP_0805,2026-06,437422.3
COMP_0805,2026-07,401710.78
COMP_0805,2026-08,397624.47
COMP_0806,2025-11,1.8466204e+06
COMP_0806,2025-12,2.1030455e+06
COMP_0806,2026-01,1.8761842e+06
COMP_0806,2026-02,1.9336926e+06
COMP_0806,2026-03,1.6277848e+06
COMP_0806,2026-04,1.6277848e+06
COMP_0806,2026-05,1.6277848e+06
COMP_0806,2026-06,1.6277848e+06
COMP_0806,2026-07,1.6277848e+06
COMP_0806,2026-08,1.6277848e+06
COMP_0807,2025-09,2986.12
COMP_0807,2025-10,2986.12
COMP_0807,2025-11,2986.12
COMP_0807,2025-12,2986.12
COMP_0807,2026-01,2986.12
COMP_0807,2026-02,2986.12
COMP_0807,2026-03,2986.12
COMP_0807,2026-04,2896.12
COMP_0807,2026-05,2896.12
COMP_0807,2026-06,2887.31
COMP_0807,2026-07,2787.31
COMP_0807,2026-08,2777.31
COMP_0808,2025-02,366211.56
COMP_0808,2025-03,345452.84
COMP_0808,2025-04,368539.38
COMP_0808,2025-05,405247.38
COMP_0808,2025-06,476227
COMP_0808,2025-07,385798.8
COMP_0808,2025-08,461059.8
COMP_0808,2025-09,513896.25
COMP_0808,2025-10,454103.34
COMP_0808,2025-11,514696.9
COMP_0808,2025-12,456534.94
COMP_0808,2026-01,257426.2
COMP_0808,2026-02,373718.16
COMP_0808,2026-03,454175.75
COMP_0808,2026-04,203281.27
COMP_0808,2026-05,264782.7
COMP_0808,2026-06,285924.2
COMP_0808,2026-07,225290.6
COMP_0808,2026-08,178769.08
COMP_0809,2025-02,195767.55
COMP_0809,2025-03,97414.82
COMP_0809,2025-04,86244.84
COMP_0809,2025-05,68171.3
COMP_0809,2025-06,12748.38
COMP_0809,2025-07,96784.16
COMP_0809,2025-08,136974.19
COMP_0809,2025-09,112741.13
COMP_0809,2025-10,191648
COMP_0809,2025-11,266553.9
COMP_0809,2025-12,67707.37
COMP_0809,2026-01,64731.23
COMP_0809,2026-02,64551.93
COMP_0809,2026-03,64397.88
COMP_0809,2026-04,64147.59
COMP_0809,2026-05,73381.37
COMP_0809,2026-06,73260.56
COMP_0809,2026-07,73010.27
COMP_0809,2026-08,72759.98
COMP_0810,2025-02,2622.18
COMP_0810,2025-03,1481.03
COMP_0810,2025-04,526.67
COMP_0810,2025-05,1999
COMP_0810,2025-06,3117.71
COMP_0810,2025-07,2609.49
COMP_0810,2025-08,17489
COMP_0810,2025-09,758.33
COMP_0810,2025-10,2752.03
COMP_0810,2025-11,4961.57
COMP_0810,2025-12,7943.22
COMP_0810,2026-01,4991.06
COMP_0810,2026-02,5793.75
COMP_0810,2026-03,10948.96
COMP_0810,2026-04,2866
COMP_0810,2026-05,1183.34
COMP_0810,2026-06,822.65
COMP_0810,2026-07,9695.06
COMP_0810,2026-08,10901.72
COMP_0811,2025-02,6219.42
COMP_0811,2025-03,105885.2
COMP_0811,2025-04,240788.19
COMP_0811,2025-05,28608.41
COMP_0811,2025-06,329165.38
COMP_0811,2025-07,126335.64
COMP_0811,2025-08,145999.12
COMP_0811,2025-09,186301.44
COMP_0811,2025-10,71490.15
COMP_0811,2025-11,78205.16
COMP_0811,2025-12,67897.55
COMP_0811,2026-01,232842.89
COMP_0811,2026-02,179916.6
COMP_0811,2026-03,94724.03
COMP_0811,2026-04,-16490.53
COMP_0811,2026-05,212071.69
COMP_0811,2026-06,311403.12
COMP_0811,2026-07,192795.7
COMP_0811,2026-08,110530.84
COMP_0812,2025-02,124521.17
COMP_0812,2025-03,132277.02
COMP_0812,2025-04,125571.73
COMP_0812,2025-05,124630.11
COMP_0812,2025-06,128625.03
COMP_0812,2025-07,120474.73
COMP_0812,2025-08,118408.78
COMP_0812,2025-09,124926.25
COMP_0812,2025-10,134538.34
COMP_0812,2025-11,145345.03
COMP_0812,2025-12,122118.28
COMP_0812,2026-01,106162.89
COMP_0812,2026-02,109430.65
COMP_0812,2026-03,112866.82
COMP_0812,2026-04,88422.64
COMP_0812,2026-05,99802.12
COMP_0812,2026-06,82941.81
COMP_0812,2026-07,99085.41
COMP_0812,2026-08,96850.19
COMP_0813,2025-02,19196.89
COMP_0813,2025-03,272139
COMP_0813,2025-04,175251.95
COMP_0813,2025-05,26383.78
COMP_0813,2025-06,16297.63
COMP_0813,2025-07,28306.96
COMP_0813,2025-08,15704.67
COMP_0813,2025-09,17195.53
COMP_0813,2025-10,33834.61
COMP_0813,2025-11,736550.25
COMP_0813,2025-12,18357.8
COMP_0813,2026-01,19024.91
COMP_0813,2026-02,16527.01
COMP_0813,2026-03,19849.76
COMP_0813,2026-04,17465.08
COMP_0813,2026-05,13843.19
COMP_0813,2026-06,55159.62
COMP_0813,2026-07,119630.5
COMP_0813,2026-08,32217.8
COMP_0814,2025-02,7601.67
COMP_0814,2025-03,8137.2
COMP_0814,2025-04,4464.34
COMP_0814,2025-05,4939.37
COMP_0814,2025-06,5530.8
COMP_0814,2025-07,2039.27
COMP_0814,2025-08,1344.96
COMP_0814,2025-09,3360.8
COMP_0814,2025-10,4844.33
COMP_0814,2025-11,3538.91
COMP_0814,2025-12,4271.02
COMP_0814,2026-01,938.74
COMP_0814,2026-02,1670.21
COMP_0814,2026-03,2019.02
COMP_0814,2026-04,5120.93
COMP_0814,2026-05,5466.9
COMP_0814,2026-06,4035.15
COMP_0814,2026-07,2370.08
COMP_0814,2026-08,3197.2
COMP_0815,2025-02,30749.3
COMP_0815,2025-03,30841.85
COMP_0815,2025-04,28119.73
COMP_0815,2025-05,34684.85
COMP_0815,2025-06,39648.06
COMP_0815,2025-07,44807.01
COMP_0815,2025-08,43676.03
COMP_0815,2025-09,47774.09
COMP_0815,2025-10,46724.42
COMP_0815,2025-11,41666.77
COMP_0815,2025-12,51199.97
COMP_0815,2026-01,61627.35
COMP_0815,2026-02,60451
COMP_0815,2026-03,62166.79
COMP_0815,2026-04,82538.97
COMP_0815,2026-05,88814.93
COMP_0815,2026-06,89185.12
COMP_0815,2026-07,82611.67
COMP_0815,2026-08,82933.66
COMP_0816,2025-02,1234.19
COMP_0816,2025-03,1073.69
COMP_0816,2025-04,1128.22
COMP_0816,2025-05,110.13
COMP_0816,2025-06,683.98
COMP_0816,2025-07,581.77
COMP_0816,2025-08,1062.97
COMP_0816,2025-09,1194.28
COMP_0816,2025-10,1338.32
COMP_0816,2025-11,729.65
COMP_0816,2025-12,5720.46
COMP_0816,2026-01,953.51
COMP_0816,2026-02,914.94
COMP_0816,2026-03,328.67
COMP_0816,2026-04,865.68
COMP_0816,2026-05,1227.56
COMP_0816,2026-06,849.01
COMP_0816,2026-07,7540.44
COMP_0816,2026-08,315.25
COMP_0817,2025-02,4.310884e+06
COMP_0817,2025-03,1.1630022e+06
COMP_0817,2025-04,5.3450155e+06
COMP_0817,2025-05,5.3329835e+06
COMP_0817,2025-06,4.277362e+06
COMP_0817,2025-07,3.8953165e+06
COMP_0817,2025-08,3.8948228e+06
COMP_0817,2025-09,3.8902705e+06
COMP_0817,2025-10,3.5366002e+06
COMP_0817,2025-11,2.9691005e+06
COMP_0817,2025-12,2.861938e+06
COMP_0817,2026-01,2.9397358e+06
COMP_0817,2026-02,2.1038932e+06
COMP_0817,2026-03,2.0394255e+06
COMP_0817,2026-04,1.8389821e+06
COMP_0817,2026-05,2.361954e+06
COMP_0817,2026-06,1.7003382e+06
COMP_0817,2026-07,1.6562461e+06
COMP_0817,2026-08,1.6426961e+06
COMP_0818,2025-02,220718.45
COMP_0818,2025-03,195799.45
COMP_0818,2025-04,158850.9
COMP_0818,2025-05,115498.3
COMP_0818,2025-06,94651.93
COMP_0818,2025-07,80591.64
COMP_0818,2025-08,58003.67
COMP_0818,2025-09,47835.58
COMP_0818,2025-10,43221.02
COMP_0818,2025-11,38125.95
COMP_0818,2025-12,-12488.12
COMP_0818,2026-01,106528.11
COMP_0818,2026-02,96081.41
COMP_0818,2026-03,88670.71
COMP_0818,2026-04,80034.03
COMP_0818,2026-05,78434.4
COMP_0818,2026-06,78434.4
COMP_0818,2026-07,34182.37
COMP_0818,2026-08,29231.65
COMP_0819,2025-02,87732.92
COMP_0819,2025-03,152079.81
COMP_0819,2025-04,155468.45
COMP_0819,2025-05,91188.84
COMP_0819,2025-06,167396.73
COMP_0819,2025-07,28682
COMP_0819,2025-08,81944.67
COMP_0819,2025-09,89081.6
COMP_0819,2025-10,40220.26
COMP_0819,2025-11,70147.42
COMP_0819,2025-12,52047.91
COMP_0819,2026-01,69912.32
COMP_0819,2026-02,72741.59
COMP_0819,2026-03,109376.46
COMP_0819,2026-04,74410.07
COMP_0819,2026-05,42469.56
COMP_0819,2026-06,77454.04
COMP_0819,2026-07,34328.98
COMP_0819,2026-08,99161.84
COMP_0820,2025-02,2.7876368e-11
COMP_0820,2025-03,2.6966873e-11
COMP_0820,2025-04,2.24194e-11
COMP_0820,2025-05,2.2525981e-11
COMP_0820,2025-06,6.1550764e-12
COMP_0820,2025-07,9.054091e-12
COMP_0820,2025-08,-2.8830272e-12
COMP_0820,2025-09,-1.1807444e-11
COMP_0820,2025-10,-1.1807444e-11
COMP_0820,2025-11,-1.28306255e-11
COMP_0820,2025-12,9.254819e-13
COMP_0820,2026-01,8.117951e-13
COMP_0820,2026-02,2.5615066e-12
COMP_0820,2026-03,5.2899907e-12
COMP_0820,2026-04,5.2899907e-12
COMP_0820,2026-05,3.4674486e-12
COMP_0820,2026-06,2.5579538e-12
COMP_0820,2026-07,2.5579538e-12
COMP_0820,2026-08,0
COMP_0821,2025-02,126573.07
COMP_0821,2025-03,124994.51
COMP_0821,2025-04,96310.24
COMP_0821,2025-05,95627.85
COMP_0821,2025-06,94797.46
COMP_0821,2025-07,108028.85
COMP_0821,2025-08,108606.27
COMP_0821,2025-09,107714.17
COMP_0821,2025-10,146168.05
COMP_0821,2025-11,145363.16
COMP_0821,2025-12,144519.3
COMP_0821,2026-01,136700.7
COMP_0821,2026-02,136069.22
COMP_0821,2026-03,135158.47
COMP_0821,2026-04,143184.34
COMP_0821,2026-05,141736.31
COMP_0821,2026-06,141526.45
COMP_0821,2026-07,140245.12
COMP_0821,2026-08,140109.9
COMP_0822,2026-01,3.8082774e+08
COMP_0822,2026-02,5.006902e+08
COMP_0822,2026-03,5.5429766e+08
COMP_0822,2026-04,2.955274e+08
COMP_0822,2026-05,4.6097894e+08
COMP_0822,2026-06,4.9968237e+08
COMP_0822,2026-07,4.7977805e+08
COMP_0822,2026-08,4.4913926e+08
COMP_0823,2025-02,171554.12
COMP_0823,2025-03,144447.78
COMP_0823,2025-04,143231.52
COMP_0823,2025-05,152790.5
COMP_0823,2025-06,169689.02
COMP_0823,2025-07,154564.1
COMP_0823,2025-08,183640.94
COMP_0823,2025-09,209368.22
COMP_0823,2025-10,204598.4
COMP_0823,2025-11,193035.52
COMP_0823,2025-12,225051.1
COMP_0823,2026-01,153169.66
COMP_0823,2026-02,124908.73
COMP_0823,2026-03,180064.45
COMP_0823,2026-04,172888.45
COMP_0823,2026-05,162107.9
COMP_0823,2026-06,170117.47
COMP_0823,2026-07,104614.23
COMP_0823,2026-08,153055.52
COMP_0824,2025-02,-1.9560028e+06
COMP_0824,2025-03,-467209.97
COMP_0824,2025-04,-675076.3
COMP_0824,2025-05,-1.2359201e+06
COMP_0824,2025-06,-1.3568502e+06
COMP_0824,2025-07,-335751.1
COMP_0824,2025-08,-1.4326861e+06
COMP_0824,2025-09,199220.66
COMP_0824,2025-10,-536076.2
COMP_0824,2025-11,-310730.22
COMP_0824,2025-12,-1.6580925e+06
COMP_0824,2026-01,-1.5300755e+06
COMP_0824,2026-02,-1.5353381e+06
COMP_0824,2026-03,-1.3797878e+06
COMP_0824,2026-04,128917.76
COMP_0824,2026-05,310419.5
COMP_0824,2026-06,-986815.44
COMP_0824,2026-07,286945.8
COMP_0824,2026-08,-962338.1
COMP_0825,2025-02,45374.42
COMP_0825,2025-03,27461.75
COMP_0825,2025-04,33407.5
COMP_0825,2025-05,38631.37
COMP_0825,2025-06,46220.15
COMP_0825,2025-07,21802.49
COMP_0825,2025-08,17143.29
COMP_0825,2025-09,10635.16
COMP_0825,2025-10,4837.78
COMP_0825,2025-11,9009.55
COMP_0825,2025-12,5197.17
COMP_0825,2026-01,15534.86
COMP_0825,2026-02,23366.71
COMP_0825,2026-03,18707.51
COMP_0825,2026-04,14048.31
COMP_0825,2026-05,18058.07
COMP_0825,2026-06,13398.87
COMP_0825,2026-07,28377.07
COMP_0825,2026-08,23869.87
COMP_0826,2025-02,21744.72
COMP_0826,2025-03,21840.79
COMP_0826,2025-04,19116.87
COMP_0826,2025-05,25681.99
COMP_0826,2025-06,30645.2
COMP_0826,2025-07,35753.41
COMP_0826,2025-08,34622.43
COMP_0826,2025-09,38720.49
COMP_0826,2025-10,37670.82
COMP_0826,2025-11,32613.17
COMP_0826,2025-12,42146.17
COMP_0826,2026-01,52573.55
COMP_0826,2026-02,51397.2
COMP_0826,2026-03,53112.99
COMP_0826,2026-04,73485.17
COMP_0826,2026-05,79761.13
COMP_0826,2026-06,80131.32
COMP_0826,2026-07,73559.67
COMP_0826,2026-08,73881.66
COMP_0827,2025-02,79532.28
COMP_0827,2025-03,94839.42
COMP_0827,2025-04,47096.7
COMP_0827,2025-05,75951.6
COMP_0827,2025-06,70852.68
COMP_0827,2025-07,56906.18
COMP_0827,2025-08,53040.37
COMP_0827,2025-09,41594.98
COMP_0827,2025-10,46461.12
COMP_0827,2025-11,52289.24
COMP_0827,2025-12,48071.95
COMP_0827,2026-01,42105.16
COMP_0827,2026-02,43284.52
COMP_0827,2026-03,69250.38
COMP_0827,2026-04,69380.42
COMP_0827,2026-05,45769.81
COMP_0827,2026-06,29087.75
COMP_0827,2026-07,34412.41
COMP_0827,2026-08,32825.95
COMP_0828,2025-02,588667.06
COMP_0828,2025-03,588974.5
COMP_0828,2025-04,616179.4
COMP_0828,2025-05,968189.4
COMP_0828,2025-06,2.5124512e+06
COMP_0828,2025-07,647354
COMP_0828,2025-08,305047.78
COMP_0828,2025-09,881259.94
COMP_0828,2025-10,2.0285878e+06
COMP_0828,2025-11,2.6519678e+06
COMP_0828,2025-12,2.6619698e+06
COMP_0828,2026-01,1.3659361e+06
COMP_0828,2026-02,2.2304312e+06
COMP_0828,2026-03,333566
COMP_0828,2026-04,1.738403e+06
COMP_0828,2026-05,1.5731449e+06
COMP_0828,2026-06,249378.88
COMP_0828,2026-07,2.594119e+06
COMP_0828,2026-08,6.6818535e+06
COMP_0829,2025-02,93703.96
COMP_0829,2025-03,130410.19
COMP_0829,2025-04,65962.53
COMP_0829,2025-05,122462.99
COMP_0829,2025-06,165748.83
COMP_0829,2025-07,126871.17
COMP_0829,2025-08,199510.3
COMP_0829,2025-09,126365.32
COMP_0829,2025-10,81228.67
COMP_0829,2025-11,79749.67
COMP_0829,2025-12,56622.3
COMP_0829,2026-01,73381.01
COMP_0829,2026-02,120288.8
COMP_0829,2026-03,100804.06
COMP_0829,2026-04,206236.98
COMP_0829,2026-05,67879.23
COMP_0829,2026-06,85990.45
COMP_0829,2026-07,183780.52
COMP_0829,2026-08,47646.71
COMP_0830,2025-02,1.8105131e+06
COMP_0830,2025-03,1.5491638e+06
COMP_0830,2025-04,732091.75
COMP_0830,2025-05,772548.56
COMP_0830,2025-06,643925.44
COMP_0830,2025-07,312149.16
COMP_0830,2025-08,151460.97
COMP_0830,2025-09,201105.89
COMP_0830,2025-10,372994.1
COMP_0830,2025-11,119559.66
COMP_0830,2025-12,-3988.78
COMP_0830,2026-01,536610.1
COMP_0830,2026-02,936781.1
COMP_0830,2026-03,868455
COMP_0830,2026-04,1.6262549e+06
COMP_0830,2026-05,1.5801855e+06
COMP_0830,2026-06,1.5703375e+06
COMP_0830,2026-07,2.0559406e+06
COMP_0830,2026-08,2.4326562e+06
COMP_0831,2025-02,2.0766905e+06
COMP_0831,2025-03,95373.44
COMP_0831,2025-04,849850.6
COMP_0831,2025-05,561579.8
COMP_0831,2025-06,82028.86
COMP_0831,2025-07,120468.76
COMP_0831,2025-08,135176.23
COMP_0831,2025-09,153322.4
COMP_0831,2025-10,160829.06
COMP_0831,2025-11,177699.53
COMP_0831,2025-12,194647.4
COMP_0831,2026-01,197028.1
COMP_0831,2026-02,201967.6
COMP_0831,2026-03,219462.05
COMP_0831,2026-04,301241.94
COMP_0831,2026-05,314577.38
COMP_0831,2026-06,317428.12
COMP_0831,2026-07,333179.56
COMP_0831,2026-08,333179.56
COMP_0832,2025-02,1.6987798e+06
COMP_0832,2025-03,1.8039996e+06
COMP_0832,2025-04,1.8518155e+06
COMP_0832,2025-05,1.7678969e+06
COMP_0832,2025-06,1.498464e+06
COMP_0832,2025-07,1.3976448e+06
COMP_0832,2025-08,1.5863468e+06
COMP_0832,2025-09,1.657723e+06
COMP_0832,2025-10,1.682764e+06
COMP_0832,2025-11,1.530702e+06
COMP_0832,2025-12,1.7598938e+06
COMP_0832,2026-01,1.5575716e+06
COMP_0832,2026-02,1.2863495e+06
COMP_0832,2026-03,1.4438444e+06
COMP_0832,2026-04,1.4016259e+06
COMP_0832,2026-05,1.6759265e+06
COMP_0832,2026-06,1.6059436e+06
COMP_0832,2026-07,1.569247e+06
COMP_0832,2026-08,1.5972834e+06
COMP_0833,2025-02,1.0335954e-11
COMP_0833,2025-03,1.0335954e-11
COMP_0833,2025-04,1.0335954e-11
COMP_0833,2025-05,3.315126e-13
COMP_0833,2025-06,3.315126e-13
COMP_0833,2025-07,3.315126e-13
COMP_0833,2025-08,3.315126e-13
COMP_0833,2025-09,3.315126e-13
COMP_0833,2025-10,3.315126e-13
COMP_0833,2025-11,3.315126e-13
COMP_0833,2025-12,3.1774583e-13
COMP_0833,2026-01,3.1774583e-13
COMP_0833,2026-02,3.1774583e-13
COMP_0833,2026-03,3.290701e-13
COMP_0833,2026-04,-1.1990409e-14
COMP_0833,2026-05,-1.1990409e-14
COMP_0833,2026-06,-1.1990409e-14
COMP_0833,2026-07,-1.1324275e-14
COMP_0833,2026-08,0
COMP_0834,2025-02,5890.63
COMP_0834,2025-03,8151.71
COMP_0834,2025-04,4437.79
COMP_0834,2025-05,4384.48
COMP_0834,2025-06,2917.48
COMP_0834,2025-07,2868.48
COMP_0834,2025-08,2838.48
COMP_0834,2025-09,2808.48
COMP_0834,2025-10,2778.48
COMP_0834,2025-11,2748.48
COMP_0834,2025-12,1976.39
COMP_0834,2026-01,1946.39
COMP_0834,2026-02,5560.14
COMP_0834,2026-03,5530.14
COMP_0834,2026-04,5500.14
COMP_0834,2026-05,5470.14
COMP_0834,2026-06,5440.14
COMP_0834,2026-07,5410.14
COMP_0834,2026-08,5380.14
COMP_0835,2025-02,153422.66
COMP_0835,2025-03,161346.4
COMP_0835,2025-04,138968.73
COMP_0835,2025-05,407140.53
COMP_0835,2025-06,335833.97
COMP_0835,2025-07,393024.53
COMP_0835,2025-08,406727.3
COMP_0835,2025-09,456100.1
COMP_0835,2025-10,425983.78
COMP_0835,2025-11,469984.2
COMP_0835,2025-12,477485.9
COMP_0835,2026-01,454496.47
COMP_0835,2026-02,468313
COMP_0835,2026-03,475619.97
COMP_0835,2026-04,450764.56
COMP_0835,2026-05,462630.6
COMP_0835,2026-06,476512.5
COMP_0835,2026-07,445459.38
COMP_0835,2026-08,469349.94
COMP_0836,2025-10,5094.12
COMP_0836,2025-11,79.12
COMP_0836,2025-12,63.62
COMP_0836,2026-01,73191.91
COMP_0836,2026-02,27700.22
COMP_0836,2026-03,43524.84
COMP_0836,2026-04,90464.08
COMP_0836,2026-05,118820.66
COMP_0836,2026-06,120955.41
COMP_0836,2026-07,118358.9
COMP_0836,2026-08,108842.79
COMP_0837,2025-02,2.7721352e+07
COMP_0837,2025-03,2.7454382e+07
COMP_0837,2025-04,2.8353766e+07
COMP_0837,2025-05,2.6530064e+07
COMP_0837,2025-06,2.6931438e+07
COMP_0837,2025-07,2.867108e+07
COMP_0837,2025-08,2.9832406e+07
COMP_0837,2025-09,2.445434e+07
COMP_0837,2025-10,2.5020388e+07
COMP_0837,2025-11,2.607084e+07
COMP_0837,2025-12,2.42709e+07
COMP_0837,2026-01,2.5483534e+07
COMP_0837,2026-02,2.3319926e+07
COMP_0837,2026-03,2.5658376e+07
COMP_0837,2026-04,2.0737316e+07
COMP_0837,2026-05,2.4841802e+07
COMP_0837,2026-06,2.485237e+07
COMP_0837,2026-07,2.697868e+07
COMP_0837,2026-08,2.9326424e+07
COMP_0838,2025-02,29365.23
COMP_0838,2025-03,26471.66
COMP_0838,2025-04,26746.57
COMP_0838,2025-05,33311.69
COMP_0838,2025-06,38274.9
COMP_0838,2025-07,43386.22
COMP_0838,2025-08,42255.25
COMP_0838,2025-09,46353.31
COMP_0838,2025-10,45303.64
COMP_0838,2025-11,40245.99
COMP_0838,2025-12,49778.39
COMP_0838,2026-01,60205.77
COMP_0838,2026-02,59029.42
COMP_0838,2026-03,57745.21
COMP_0838,2026-04,78117.39
COMP_0838,2026-05,84393.35
COMP_0838,2026-06,84763.54
COMP_0838,2026-07,81193.06
COMP_0838,2026-08,81515.05
COMP_0839,2025-02,29421.67
COMP_0839,2025-03,26498.1
COMP_0839,2025-04,26803.39
COMP_0839,2025-05,33368.51
COMP_0839,2025-06,38331.72
COMP_0839,2025-07,43442.64
COMP_0839,2025-08,42311.67
COMP_0839,2025-09,46409.73
COMP_0839,2025-10,45360.06
COMP_0839,2025-11,40302.41
COMP_0839,2025-12,49834.81
COMP_0839,2026-01,60262.19
COMP_0839,2026-02,59085.84
COMP_0839,2026-03,57801.63
COMP_0839,2026-04,78173.81
COMP_0839,2026-05,84449.77
COMP_0839,2026-06,84819.96
COMP_0839,2026-07,81249.1
COMP_0839,2026-08,81571.09
COMP_0840,2025-02,287646.22
COMP_0840,2025-03,248912.03
COMP_0840,2025-04,133703.97
COMP_0840,2025-05,152160.78
COMP_0840,2025-06,142168.03
COMP_0840,2025-07,139303.4
COMP_0840,2025-08,139303.4
COMP_0840,2025-09,139303.4
COMP_0840,2025-10,139303.4
COMP_0840,2025-11,139303.4
COMP_0840,2025-12,139303.4
COMP_0840,2026-01,139303.4
COMP_0840,2026-02,139303.4
COMP_0840,2026-03,139303.4
COMP_0840,2026-04,139303.4
COMP_0840,2026-05,139303.4
COMP_0840,2026-06,139303.4
COMP_0840,2026-07,139303.4
COMP_0840,2026-08,139303.4
COMP_0841,2025-02,231270.81
COMP_0841,2025-03,169823.53
COMP_0841,2025-04,83644.55
COMP_0841,2025-05,63213.35
COMP_0841,2025-06,75639.28
COMP_0841,2025-07,117669.54
COMP_0841,2025-08,70360.75
COMP_0841,2025-09,309297.28
COMP_0841,2025-10,218677.92
COMP_0841,2025-11,168048.83
COMP_0841,2025-12,168648.8
COMP_0841,2026-01,169169.88
COMP_0841,2026-02,150287.2
COMP_0841,2026-03,103768.73
COMP_0841,2026-04,74771.06
COMP_0841,2026-05,88676.3
COMP_0841,2026-06,69527.37
COMP_0841,2026-07,115134.88
COMP_0841,2026-08,97008.21
COMP_0842,2025-06,40628.14
COMP_0842,2025-07,6149.36
COMP_0842,2025-08,3365.66
COMP_0842,2025-09,157998.95
COMP_0842,2025-10,117508.49
COMP_0842,2025-11,116869.82
COMP_0842,2025-12,270108
COMP_0842,2026-01,258042.83
COMP_0842,2026-02,257034.95
COMP_0842,2026-03,414946.03
COMP_0842,2026-04,320549.84
COMP_0842,2026-05,297831.6
COMP_0842,2026-06,39063
COMP_0842,2026-07,1312.95
COMP_0842,2026-08,791.01
COMP_0843,2025-02,10473.69
COMP_0843,2025-03,12005.38
COMP_0843,2025-04,20109.5
COMP_0843,2025-05,93059.7
COMP_0843,2025-06,40131.24
COMP_0843,2025-07,36300.62
COMP_0843,2025-08,46351.28
COMP_0843,2025-09,37319.79
COMP_0843,2025-10,69113.74
COMP_0843,2025-11,37458.55
COMP_0843,2025-12,26799.64
COMP_0843,2026-01,14626.36
COMP_0843,2026-02,24818.16
COMP_0843,2026-03,5646.93
COMP_0843,2026-04,18807.26
COMP_0843,2026-05,54003
COMP_0843,2026-06,25672.65
COMP_0843,2026-07,43705.18
COMP_0843,2026-08,63635.13
COMP_0844,2025-06,2.2737368e-13
COMP_0844,2025-07,2.2737368e-13
COMP_0844,2025-08,2.2737368e-13
COMP_0844,2025-09,2.2737368e-13
COMP_0844,2025-10,0
COMP_0844,2025-11,0
COMP_0844,2025-12,0
COMP_0844,2026-01,0
COMP_0844,2026-02,0
COMP_0844,2026-03,0
COMP_0844,2026-04,0
COMP_0844,2026-05,0
COMP_0844,2026-06,0
COMP_0844,2026-07,0
COMP_0844,2026-08,0
COMP_0845,2025-06,54998.23
COMP_0845,2025-07,74189.68
COMP_0845,2025-08,60018.01
COMP_0845,2025-09,81388.85
COMP_0845,2025-10,84115.47
COMP_0845,2025-11,112065.16
COMP_0845,2025-12,139909.1
COMP_0845,2026-01,168010.75
COMP_0845,2026-02,165130.11
COMP_0845,2026-03,216407.94
COMP_0845,2026-04,193238.3
COMP_0845,2026-05,210423.2
COMP_0845,2026-06,235935.9
COMP_0845,2026-07,224505.86
COMP_0845,2026-08,240058.81
COMP_0846,2025-02,74339.56
COMP_0846,2025-03,47500.6
COMP_0846,2025-04,29376.84
COMP_0846,2025-05,41822.01
COMP_0846,2025-06,44791.9
COMP_0846,2025-07,14454.79
COMP_0846,2025-08,42538.62
COMP_0846,2025-09,92264.17
COMP_0846,2025-10,36931.63
COMP_0846,2025-11,47921.26
COMP_0846,2025-12,39859.18
COMP_0846,2026-01,14684.16
COMP_0846,2026-02,11931.54
COMP_0846,2026-03,24882.24
COMP_0846,2026-04,6432.78
COMP_0846,2026-05,14937.55
COMP_0846,2026-06,3913.65
COMP_0846,2026-07,35881.58
COMP_0846,2026-08,6138.68
COMP_0847,2025-02,197214.23
COMP_0847,2025-03,173987.4
COMP_0847,2025-04,114080.96
COMP_0847,2025-05,97096.38
COMP_0847,2025-06,72684.37
COMP_0847,2025-07,16993.09
COMP_0847,2025-08,14038.63
COMP_0847,2025-09,332692.06
COMP_0847,2025-10,294623.2
COMP_0847,2025-11,271543.34
COMP_0847,2025-12,234198.6
COMP_0847,2026-01,185272.92
COMP_0847,2026-02,141875.19
COMP_0847,2026-03,105775.41
COMP_0847,2026-04,67912.64
COMP_0847,2026-05,21593.2
COMP_0847,2026-06,31079.13
COMP_0847,2026-07,16371.98
COMP_0847,2026-08,20480.46
COMP_0848,2025-02,329146.9
COMP_0848,2025-03,397926.88
COMP_0848,2025-04,384267.12
COMP_0848,2025-05,331581.22
COMP_0848,2025-06,47072.69
COMP_0848,2025-07,72283.01
COMP_0848,2025-08,-42883.63
COMP_0848,2025-09,-51162.45
COMP_0848,2025-10,-8165.09
COMP_0848,2025-11,15113.87
COMP_0848,2025-12,-58661.9
COMP_0848,2026-01,103022.59
COMP_0848,2026-02,86044.85
COMP_0848,2026-03,174108.52
COMP_0848,2026-04,-61759.37
COMP_0848,2026-05,-57388.48
COMP_0848,2026-06,113519.87
COMP_0848,2026-07,74498.13
COMP_0848,2026-08,259277.73
COMP_0849,2026-06,288130.03
COMP_0849,2026-07,1.117989e+06
COMP_0849,2026-08,-656173.3
COMP_0850,2026-06,59467.32
COMP_0850,2026-07,72746.54
COMP_0850,2026-08,42422.53
COMP_0851,2026-05,658001.25
COMP_0851,2026-06,735615.25
COMP_0851,2026-07,843068.8
COMP_0851,2026-08,984651.94
COMP_0852,2025-02,48566.48
COMP_0852,2025-03,49933.05
COMP_0852,2025-04,40917.24
COMP_0852,2025-05,175231
COMP_0852,2025-06,426256.62
COMP_0852,2025-07,453114.47
COMP_0852,2025-08,738849.75
COMP_0852,2025-09,841024.75
COMP_0852,2025-10,473700.34
COMP_0852,2025-11,281626.03
COMP_0852,2025-12,133567.61
COMP_0852,2026-01,135856.16
COMP_0852,2026-02,136176.19
COMP_0852,2026-03,43461.88
COMP_0852,2026-04,101910.67
COMP_0852,2026-05,337124.47
COMP_0852,2026-06,379157.84
COMP_0852,2026-07,512850.8
COMP_0852,2026-08,678014.5
COMP_0853,2026-06,1.0361704e+07
COMP_0853,2026-07,5.743639e+06
COMP_0853,2026-08,5.743639e+06
COMP_0854,2025-10,-184552.9
COMP_0854,2025-11,-185286.95
COMP_0854,2025-12,-161389.8
COMP_0854,2026-01,-184770.6
COMP_0854,2026-02,-189215.31
COMP_0854,2026-03,-185897.02
COMP_0854,2026-04,-188542.03
COMP_0854,2026-05,-186994.39
COMP_0854,2026-06,-187617.02
COMP_0854,2026-07,-187422.3
COMP_0854,2026-08,-174376.25
COMP_0855,2026-08,159487.52
COMP_0856,2025-02,249868.23
COMP_0856,2025-03,166523.3
COMP_0856,2025-04,134710.88
COMP_0856,2025-05,137322.73
COMP_0856,2025-06,264430.94
COMP_0856,2025-07,260866.67
COMP_0856,2025-08,247153.83
COMP_0856,2025-09,242227.31
COMP_0856,2025-10,243244.77
COMP_0856,2025-11,228727.39
COMP_0856,2025-12,173394.77
COMP_0856,2026-01,154106.23
COMP_0856,2026-02,188776.77
COMP_0856,2026-03,162986.98
COMP_0856,2026-04,193506.06
COMP_0856,2026-05,147672.78
COMP_0856,2026-06,227092.9
COMP_0856,2026-07,215169.31
COMP_0856,2026-08,174482.12
COMP_0857,2025-07,875.2
COMP_0857,2025-08,4771.3
COMP_0857,2025-09,3081.7
COMP_0857,2025-10,4835.58
COMP_0857,2025-11,6336.4
COMP_0857,2025-12,5808.18
COMP_0857,2026-01,11339.38
COMP_0857,2026-02,10882.55
COMP_0857,2026-03,10306.78
COMP_0857,2026-04,7429.25
COMP_0857,2026-05,6948
COMP_0857,2026-06,6948
COMP_0857,2026-07,6948
COMP_0857,2026-08,6948
COMP_0858,2026-06,28535
COMP_0858,2026-07,46578.41
COMP_0858,2026-08,39513.62
COMP_0859,2025-02,-7.275958e-12
COMP_0859,2025-03,-7.275958e-12
COMP_0859,2025-04,51623.8
COMP_0859,2025-05,79974.6
COMP_0859,2025-06,1.2936024e+06
COMP_0859,2025-07,1.143977e+06
COMP_0859,2025-08,1.2793024e+06
COMP_0859,2025-09,1.199166e+06
COMP_0859,2025-10,445567.44
COMP_0859,2025-11,650517.9
COMP_0859,2025-12,575869.6
COMP_0859,2026-01,618921.25
COMP_0859,2026-02,257862.64
COMP_0859,2026-03,228412.69
COMP_0859,2026-04,210386.1
COMP_0859,2026-05,176590.23
COMP_0859,2026-06,115408.89
COMP_0859,2026-07,402951.56
COMP_0859,2026-08,697446.56
COMP_0860,2026-06,-1.09834576e+08
COMP_0860,2026-07,1.3165152e+08
COMP_0860,2026-08,5.06583e+07
COMP_0861,2025-06,198592.81
COMP_0861,2025-07,64433.76
COMP_0861,2025-08,103942.08
COMP_0861,2025-09,103797.22
COMP_0861,2025-10,47067.39
COMP_0861,2025-11,64156.39
COMP_0861,2025-12,352989
COMP_0861,2026-01,63558.12
COMP_0861,2026-02,100352.62
COMP_0861,2026-03,106437.21
COMP_0861,2026-04,63939.94
COMP_0861,2026-05,284964.88
COMP_0861,2026-06,60691.06
COMP_0861,2026-07,107692.74
COMP_0861,2026-08,353669.12
COMP_0862,2025-02,646362.9
COMP_0862,2025-03,669029.3
COMP_0862,2025-04,662926.7
COMP_0862,2025-05,662770.44
COMP_0862,2025-06,600000.3
COMP_0862,2025-07,662928.3
COMP_0862,2025-08,662928.3
COMP_0862,2025-09,662928.3
COMP_0862,2025-10,669029.3
COMP_0862,2025-11,665784.3
COMP_0862,2025-12,669029.3
COMP_0862,2026-01,627120.3
COMP_0862,2026-02,669029.3
COMP_0862,2026-03,669029.3
COMP_0862,2026-04,182888.19
COMP_0862,2026-05,652546.3
COMP_0862,2026-06,-38804.8
COMP_0862,2026-07,-23954.15
COMP_0862,2026-08,-47908.3
COMP_0863,2025-06,1.8114169e+06
COMP_0863,2025-07,1.1412685e+06
COMP_0863,2025-08,641251.94
COMP_0863,2025-09,459745.4
COMP_0863,2025-10,334229.12
COMP_0863,2025-11,186600.94
COMP_0863,2025-12,165566.8
COMP_0863,2026-01,142105.73
COMP_0863,2026-02,141916.88
COMP_0863,2026-03,111835.27
COMP_0863,2026-04,25881.7
COMP_0863,2026-05,25881.7
COMP_0863,2026-06,91674.57
COMP_0863,2026-07,139171.38
COMP_0863,2026-08,82832.86
COMP_0864,2025-02,545303.1
COMP_0864,2025-03,244459.83
COMP_0864,2025-04,200830.55
COMP_0864,2025-05,223339.28
COMP_0864,2025-06,293967.5
COMP_0864,2025-07,344818.34
COMP_0864,2025-08,596360.56
COMP_0864,2025-09,681839.94
COMP_0864,2025-10,612848.5
COMP_0864,2025-11,760606.4
COMP_0864,2025-12,783547.94
COMP_0864,2026-01,585580.5
COMP_0864,2026-02,710619.25
COMP_0864,2026-03,659169.25
COMP_0864,2026-04,642952
COMP_0864,2026-05,611910.9
COMP_0864,2026-06,614607.5
COMP_0864,2026-07,154660.98
COMP_0864,2026-08,260278.47
COMP_0865,2026-02,620161.06
COMP_0865,2026-03,648755.7
COMP_0865,2026-04,498037.03
COMP_0865,2026-05,473993.9
COMP_0865,2026-06,469331.2
COMP_0865,2026-07,34206.16
COMP_0865,2026-08,22461.21
COMP_0866,2025-04,31837.01
COMP_0866,2025-05,32035.56
COMP_0866,2025-06,32417.71
COMP_0866,2025-07,85182.04
COMP_0866,2025-08,54667
COMP_0866,2025-09,45217.07
COMP_0866,2025-10,36826.48
COMP_0866,2025-11,59262.52
COMP_0866,2025-12,46137.47
COMP_0866,2026-01,39015.87
COMP_0866,2026-02,63284.16
COMP_0866,2026-03,38812.81
COMP_0866,2026-04,37665.03
COMP_0866,2026-05,35301.14
COMP_0866,2026-06,38230.64
COMP_0866,2026-07,41076.11
COMP_0866,2026-08,66466.57
COMP_0867,2025-06,37136.48
COMP_0867,2025-07,5671.5
COMP_0867,2025-08,5671.5
COMP_0867,2025-09,4849.42
COMP_0867,2025-10,4813.36
COMP_0867,2025-11,4813.36
COMP_0867,2025-12,34813.36
COMP_0867,2026-01,34813.36
COMP_0867,2026-02,34753.36
COMP_0867,2026-03,4753.36
COMP_0867,2026-04,4753.36
COMP_0867,2026-05,4753.36
COMP_0867,2026-06,4753.36
COMP_0867,2026-07,4753.36
COMP_0867,2026-08,4836.93
COMP_0868,2025-02,37506.35
COMP_0868,2025-03,10715.93
COMP_0868,2025-04,18989.59
COMP_0868,2025-05,26196.86
COMP_0868,2025-06,17893.98
COMP_0868,2025-07,23496.21
COMP_0868,2025-08,6399.6
COMP_0868,2025-09,20910.92
COMP_0868,2025-10,5867.49
COMP_0868,2025-11,9308.31
COMP_0868,2025-12,8342.92
COMP_0868,2026-01,18342.44
COMP_0868,2026-02,35316.69
COMP_0868,2026-03,36799.53
COMP_0868,2026-04,18806.34
COMP_0868,2026-05,19936.14
COMP_0868,2026-06,72038.28
COMP_0868,2026-07,29619.9
COMP_0868,2026-08,38052.54
COMP_0869,2025-06,96743.11
COMP_0869,2025-07,100000
COMP_0869,2025-08,100000
COMP_0869,2025-09,100000
COMP_0869,2025-10,100000
COMP_0869,2025-11,100000
COMP_0869,2025-12,100000
COMP_0869,2026-01,100000
COMP_0869,2026-02,100000
COMP_0869,2026-03,100000
COMP_0869,2026-04,100000
COMP_0869,2026-05,100000
COMP_0869,2026-06,100000
COMP_0869,2026-07,100000
COMP_0869,2026-08,100000
COMP_0870,2025-02,351511.88
COMP_0870,2025-03,393250.22
COMP_0870,2025-04,408020.12
COMP_0870,2025-05,457013.38
COMP_0870,2025-06,474731.75
COMP_0870,2025-07,478735.47
COMP_0870,2025-08,359796.8
COMP_0870,2025-09,393797.75
COMP_0870,2025-10,402572.7
COMP_0870,2025-11,451980.47
COMP_0870,2025-12,509516.78
COMP_0870,2026-01,525669.75
COMP_0870,2026-02,567631.06
COMP_0870,2026-03,636441.06
COMP_0870,2026-04,337687.94
COMP_0870,2026-05,337687.94
COMP_0870,2026-06,337687.94
COMP_0870,2026-07,337687.94
COMP_0870,2026-08,337687.94
COMP_0871,2025-02,173.09
COMP_0871,2025-03,656.31
COMP_0871,2025-04,349.35
COMP_0871,2025-05,50.49
COMP_0871,2025-06,302.79
COMP_0871,2025-07,138.34
COMP_0871,2025-08,3141.06
COMP_0871,2025-09,77.14
COMP_0871,2025-10,1226.41
COMP_0871,2025-11,588.54
COMP_0871,2025-12,360.9
COMP_0871,2026-01,2598.92
COMP_0871,2026-02,4106.52
COMP_0871,2026-03,359.42
COMP_0871,2026-04,1384.13
COMP_0871,2026-05,1531.3
COMP_0871,2026-06,3355.41
COMP_0871,2026-07,2465.42
COMP_0871,2026-08,6173.02
COMP_0872,2026-06,502706.1
COMP_0872,2026-07,473410.62
COMP_0872,2026-08,190855.55
COMP_0873,2025-05,400133.06
COMP_0873,2025-06,254592.69
COMP_0873,2025-07,217852.98
COMP_0873,2025-08,448567.2
COMP_0873,2025-09,347280.22
COMP_0873,2025-10,189921.2
COMP_0873,2025-11,285058.72
COMP_0873,2025-12,58373.7
COMP_0873,2026-01,394340.62
COMP_0873,2026-02,291345.56
COMP_0873,2026-03,191171.3
COMP_0873,2026-04,272839.47
COMP_0873,2026-05,135736.7
COMP_0873,2026-06,145557.19
COMP_0873,2026-07,155609.66
COMP_0873,2026-08,253328.81
COMP_0874,2026-03,462799.8
COMP_0874,2026-04,507211.75
COMP_0874,2026-05,173710.25
COMP_0874,2026-06,10352.96
COMP_0874,2026-07,39871.54
COMP_0874,2026-08,10814.22
COMP_0875,2025-02,54877.55
COMP_0875,2025-03,56439.9
COMP_0875,2025-04,9698.28
COMP_0875,2025-05,14688.74
COMP_0875,2025-06,39000.41
COMP_0875,2025-07,10008.3
COMP_0875,2025-08,10235.57
COMP_0875,2025-09,14907.05
COMP_0875,2025-10,69201.56
COMP_0875,2025-11,16040.65
COMP_0875,2025-12,22791.21
COMP_0875,2026-01,20076.87
COMP_0875,2026-02,35729.99
COMP_0875,2026-03,48054.84
COMP_0875,2026-04,88105.63
COMP_0875,2026-05,92708.27
COMP_0875,2026-06,118890.64
COMP_0875,2026-07,25716.91
COMP_0875,2026-08,25380.71
COMP_0876,2025-02,-4690.45
COMP_0876,2025-03,-5834.47
COMP_0876,2025-04,-6127.65
COMP_0876,2025-05,317.9
COMP_0876,2025-06,9916.26
COMP_0876,2025-07,-8768.72
COMP_0876,2025-08,-3811.14
COMP_0876,2025-09,-3152.22
COMP_0876,2025-10,11656.27
COMP_0876,2025-11,11550.71
COMP_0876,2025-12,-12714.56
COMP_0876,2026-01,-3823.22
COMP_0876,2026-02,-5117.99
COMP_0876,2026-03,-11459.49
COMP_0876,2026-04,25920.07
COMP_0876,2026-05,4882.18
COMP_0876,2026-06,13197.98
COMP_0876,2026-07,12568.13
COMP_0876,2026-08,5704.49
COMP_0877,2025-12,-16538.51
COMP_0877,2026-01,216431.27
COMP_0877,2026-02,189597.66
COMP_0877,2026-03,35763.6
COMP_0877,2026-04,31383.58
COMP_0877,2026-05,135687.14
COMP_0877,2026-06,21295.58
COMP_0877,2026-07,31021.72
COMP_0877,2026-08,208717.48
COMP_0878,2026-06,51169.96
COMP_0878,2026-07,50838.1
COMP_0878,2026-08,50841.21
COMP_0879,2025-06,939541.56
COMP_0879,2025-07,737840.5
COMP_0879,2025-08,736139.44
COMP_0879,2025-09,725553.44
COMP_0879,2025-10,721152.9
COMP_0879,2025-11,718153.9
COMP_0879,2025-12,309551.2
COMP_0879,2026-01,307429.12
COMP_0879,2026-02,295890.88
COMP_0879,2026-03,293925.75
COMP_0879,2026-04,291956.97
COMP_0879,2026-05,290088.72
COMP_0879,2026-06,287938.62
COMP_0879,2026-07,278379.7
COMP_0879,2026-08,18491.15
COMP_0880,2026-01,10702.52
COMP_0880,2026-02,8981.41
COMP_0880,2026-03,6757.7
COMP_0880,2026-04,8046.21
COMP_0880,2026-05,6504.31
COMP_0880,2026-06,13943.69
COMP_0880,2026-07,16185.68
COMP_0880,2026-08,9832.27
COMP_0881,2025-08,338746.12
COMP_0881,2025-09,277034.2
COMP_0881,2025-10,177308.17
COMP_0881,2025-11,474685.06
COMP_0881,2025-12,387410.2
COMP_0881,2026-01,282738.38
COMP_0881,2026-02,277644.1
COMP_0881,2026-03,181153.75
COMP_0881,2026-04,523824.4
COMP_0881,2026-05,404204.84
COMP_0881,2026-06,432882.8
COMP_0881,2026-07,357912.7
COMP_0881,2026-08,269525.38
COMP_0882,2025-02,3755.94
COMP_0882,2025-03,3725.94
COMP_0882,2025-04,3695.94
COMP_0882,2025-05,3665.94
COMP_0882,2025-06,3592.31
COMP_0882,2025-07,3562.31
COMP_0882,2025-08,3532.31
COMP_0882,2025-09,3502.31
COMP_0882,2025-10,3472.31
COMP_0882,2025-11,3442.31
COMP_0882,2025-12,3412.31
COMP_0882,2026-01,3382.31
COMP_0882,2026-02,3352.31
COMP_0882,2026-03,3322.31
COMP_0882,2026-04,3292.31
COMP_0882,2026-05,3262.31
COMP_0882,2026-06,3232.31
COMP_0882,2026-07,3202.31
COMP_0882,2026-08,3172.31
COMP_0883,2025-02,20787.08
COMP_0883,2025-03,16977.45
COMP_0883,2025-04,25092.15
COMP_0883,2025-05,17684.8
COMP_0883,2025-06,19542.07
COMP_0883,2025-07,19527.39
COMP_0883,2025-08,13076.77
COMP_0883,2025-09,24019.24
COMP_0883,2025-10,24091.54
COMP_0883,2025-11,24113.98
COMP_0883,2025-12,24105.67
COMP_0883,2026-01,24105.67
COMP_0883,2026-02,24105.67
COMP_0883,2026-03,24105.67
COMP_0883,2026-04,24097.36
COMP_0883,2026-05,16250.52
COMP_0883,2026-06,15542.87
COMP_0883,2026-07,15444.56
COMP_0883,2026-08,15280.27
COMP_0884,2025-06,32297.9
COMP_0884,2025-07,27674.78
COMP_0884,2025-08,35557.96
COMP_0884,2025-09,67872.31
COMP_0884,2025-10,57513.93
COMP_0884,2025-11,95869.48
COMP_0884,2025-12,96248.15
COMP_0884,2026-01,104422.2
COMP_0884,2026-02,117785.25
COMP_0884,2026-03,140022.95
COMP_0884,2026-04,130867.74
COMP_0884,2026-05,133826.19
COMP_0884,2026-06,190929.12
COMP_0884,2026-07,172323
COMP_0884,2026-08,176792.53
COMP_0885,2025-02,-3.1513292e-11
COMP_0885,2025-03,-2.6859237e-11
COMP_0885,2025-04,1.2284562e-11
COMP_0885,2025-05,3.1469216e-11
COMP_0885,2025-06,5.8708594e-11
COMP_0885,2025-07,4.583356e-11
COMP_0885,2025-08,5.3574922e-12
COMP_0885,2025-09,1.44240175e-11
COMP_0885,2025-10,1.1240786e-11
COMP_0885,2025-11,1.1667112e-11
COMP_0885,2025-12,-1.8175683e-11
COMP_0885,2026-01,3.0837555e-12
COMP_0885,2026-02,3.0027536e-11
COMP_0885,2026-03,4.195755e-11
COMP_0885,2026-04,5.468337e-11
COMP_0885,2026-05,4.5815796e-11
COMP_0885,2026-06,1.1027623e-11
COMP_0885,2026-07,-2.2794211e-11
COMP_0885,2026-08,-3.8653525e-12
COMP_0886,2025-02,28240.53
COMP_0886,2025-03,31662.57
COMP_0886,2025-04,37225.6
COMP_0886,2025-05,41848.49
COMP_0886,2025-06,80012.36
COMP_0886,2025-07,71188.31
COMP_0886,2025-08,47976.83
COMP_0886,2025-09,52162.83
COMP_0886,2025-10,43041.18
COMP_0886,2025-11,39619.45
COMP_0886,2025-12,68431.02
COMP_0886,2026-01,73063.75
COMP_0886,2026-02,62201.78
COMP_0886,2026-03,84691.38
COMP_0886,2026-04,112031.23
COMP_0886,2026-05,39149.76
COMP_0886,2026-06,43361.27
COMP_0886,2026-07,48973.05
COMP_0886,2026-08,69159.75
COMP_0887,2026-06,56646.71
COMP_0887,2026-07,268698.4
COMP_0887,2026-08,64615.59
COMP_0888,2025-02,164658.62
COMP_0888,2025-03,121693.52
COMP_0888,2025-04,47296.65
COMP_0888,2025-05,28345.55
COMP_0888,2025-06,75758.73
COMP_0888,2025-07,69966.45
COMP_0888,2025-08,76085.26
COMP_0888,2025-09,73653.18
COMP_0888,2025-10,73864.7
COMP_0888,2025-11,37786.3
COMP_0888,2025-12,224457.78
COMP_0888,2026-01,28996.44
COMP_0888,2026-02,25129.21
COMP_0888,2026-03,25162.02
COMP_0888,2026-04,40120.72
COMP_0888,2026-05,43128.38
COMP_0888,2026-06,82446.91
COMP_0888,2026-07,89214.14
COMP_0888,2026-08,40936.04
COMP_0890,2025-02,678014.2
COMP_0890,2025-03,950085.7
COMP_0890,2025-04,621562.44
COMP_0890,2025-05,540497.4
COMP_0890,2025-06,493231.16
COMP_0890,2025-07,485224.16
COMP_0890,2025-08,419125.25
COMP_0890,2025-09,624784.6
COMP_0890,2025-10,581594.3
COMP_0890,2025-11,746529.25
COMP_0890,2025-12,750986.7
COMP_0890,2026-01,888796.75
COMP_0890,2026-02,619637.6
COMP_0890,2026-03,617839.4
COMP_0890,2026-04,550242.5
COMP_0890,2026-05,601247.7
COMP_0890,2026-06,575960.7
COMP_0890,2026-07,837053.06
COMP_0890,2026-08,518916.22
COMP_0891,2026-01,52219.5
COMP_0891,2026-02,65217.35
COMP_0891,2026-03,52556.09
COMP_0891,2026-04,59259.7
COMP_0891,2026-05,71994.04
COMP_0891,2026-06,62907.71
COMP_0891,2026-07,58064.87
COMP_0891,2026-08,62603.54
COMP_0892,2025-02,10006.69
COMP_0892,2025-03,850.36
COMP_0892,2025-04,5983.07
COMP_0892,2025-05,34364.32
COMP_0892,2025-06,22516.64
COMP_0892,2025-07,5849.11
COMP_0892,2025-08,24747.83
COMP_0892,2025-09,11585.03
COMP_0892,2025-10,1098
COMP_0892,2025-11,1958.77
COMP_0892,2025-12,25382.58
COMP_0892,2026-01,10736.95
COMP_0892,2026-02,10959.29
COMP_0892,2026-03,1731.37
COMP_0892,2026-04,11604.32
COMP_0892,2026-05,14444.51
COMP_0892,2026-06,15791.2
COMP_0892,2026-07,20681.3
COMP_0892,2026-08,27855.06
COMP_0893,2026-07,244628.52
COMP_0893,2026-08,157843
COMP_0894,2025-08,6.82121e-13
COMP_0894,2025-09,-1.157332e-10
COMP_0894,2025-10,6.82121e-13
COMP_0894,2025-11,-6.48015e-11
COMP_0894,2025-12,2.3590019e-11
COMP_0894,2026-01,6.5426775e-11
COMP_0894,2026-02,6.5426775e-11
COMP_0894,2026-03,-5.0988547e-11
COMP_0894,2026-04,-4.638423e-11
COMP_0894,2026-05,-4.638423e-11
COMP_0894,2026-06,-4.638423e-11
COMP_0894,2026-07,7.4578566e-11
COMP_0894,2026-08,0
COMP_0895,2025-02,112666.24
COMP_0895,2025-03,85120.7
COMP_0895,2025-04,107646.06
COMP_0895,2025-05,116123.44
COMP_0895,2025-06,111488.39
COMP_0895,2025-07,97821.33
COMP_0895,2025-08,81094.61
COMP_0895,2025-09,85649.51
COMP_0895,2025-10,82220.52
COMP_0895,2025-11,97201.6
COMP_0895,2025-12,94287.08
COMP_0895,2026-01,79533.38
COMP_0895,2026-02,81499.13
COMP_0895,2026-03,79052.48
COMP_0895,2026-04,84286.14
COMP_0895,2026-05,102013.61
COMP_0895,2026-06,82707.04
COMP_0895,2026-07,8268.89
COMP_0895,2026-08,4542.83
COMP_0896,2026-05,76244.37
COMP_0896,2026-06,49718.26
COMP_0896,2026-07,51439.34
COMP_0896,2026-08,59126.51
COMP_0897,2025-06,7923.44
COMP_0897,2025-07,7156.09
COMP_0897,2025-08,5909.79
COMP_0897,2025-09,6151.88
COMP_0897,2025-10,30727.8
COMP_0897,2025-11,100809.44
COMP_0897,2025-12,29024.5
COMP_0897,2026-01,44200.49
COMP_0897,2026-02,55907.4
COMP_0897,2026-03,134382.77
COMP_0897,2026-04,99533.69
COMP_0897,2026-05,145907.48
COMP_0897,2026-06,192532.56
COMP_0897,2026-07,170433.27
COMP_0897,2026-08,151743.7
COMP_0898,2026-07,770596.06
COMP_0898,2026-08,598546.06
COMP_0899,2025-11,7575.13
COMP_0899,2025-12,167551.16
COMP_0899,2026-01,150666.03
COMP_0899,2026-02,113844.91
COMP_0899,2026-03,99533.12
COMP_0899,2026-04,81547.25
COMP_0899,2026-05,70905.4
COMP_0899,2026-06,58661.92
COMP_0899,2026-07,39105.19
COMP_0899,2026-08,29353.9
COMP_0900,2026-07,8.482436e+07
COMP_0900,2026-08,3.84121e+08
COMP_0901,2026-07,136472.98
COMP_0901,2026-08,128328.48
COMP_0902,2025-07,52657.45
COMP_0902,2025-08,52615.1
COMP_0902,2025-09,52572.75
COMP_0902,2025-10,52492
COMP_0902,2025-11,52449.65
COMP_0902,2025-12,44474.54
COMP_0902,2026-01,44392.59
COMP_0902,2026-02,44350.24
COMP_0902,2026-03,195589.02
COMP_0902,2026-04,195889.86
COMP_0902,2026-05,195372.6
COMP_0902,2026-06,195330.25
COMP_0902,2026-07,195231.56
COMP_0902,2026-08,194989.2
COMP_0903,2025-03,164637.86
COMP_0903,2025-04,115767.26
COMP_0903,2025-05,118983.28
COMP_0903,2025-06,235416.33
COMP_0903,2025-07,111243.07
COMP_0903,2025-08,90157.73
COMP_0903,2025-09,71399.05
COMP_0903,2025-10,115385.43
COMP_0903,2025-11,87806.21
COMP_0903,2025-12,91239.66
COMP_0903,2026-01,59763.71
COMP_0903,2026-02,63329.77
COMP_0903,2026-03,57725.08
COMP_0903,2026-04,53768.73
COMP_0903,2026-05,61865.74
COMP_0903,2026-06,69471.26
COMP_0903,2026-07,69471.26
COMP_0903,2026-08,69381.26
COMP_0904,2025-06,14659.56
COMP_0904,2025-07,47212.95
COMP_0904,2025-08,42467.45
COMP_0904,2025-09,38280.5
COMP_0904,2025-10,33512.92
COMP_0904,2025-11,6151.51
COMP_0904,2025-12,3746.52
COMP_0904,2026-01,42216.62
COMP_0904,2026-02,39655.7
COMP_0904,2026-03,35761.51
COMP_0904,2026-04,41138.78
COMP_0904,2026-05,27019.43
COMP_0904,2026-06,26864.38
COMP_0904,2026-07,16565.27
COMP_0904,2026-08,28270.75
COMP_0905,2025-02,3.2566978e+06
COMP_0905,2025-03,3.3108538e+06
COMP_0905,2025-04,3.313875e+06
COMP_0905,2025-05,3.2782105e+06
COMP_0905,2025-06,266329.75
COMP_0905,2025-07,217712.72
COMP_0905,2025-08,164006.5
COMP_0905,2025-09,249093.05
COMP_0905,2025-10,242206.9
COMP_0905,2025-11,110789.1
COMP_0905,2025-12,132512.27
COMP_0905,2026-01,119770.29
COMP_0905,2026-02,111642.68
COMP_0905,2026-03,77367.64
COMP_0905,2026-04,68465.39
COMP_0905,2026-05,31615.3
COMP_0905,2026-06,39069.33
COMP_0905,2026-07,33131.78
COMP_0905,2026-08,30331.08
COMP_0907,2025-02,3243.01
COMP_0907,2025-03,20557.96
COMP_0907,2025-04,20005.03
COMP_0907,2025-05,21464.62
COMP_0907,2025-06,21379.87
COMP_0907,2025-07,22273.32
COMP_0907,2025-08,22188.57
COMP_0907,2025-09,22103.82
COMP_0907,2025-10,21906
COMP_0907,2025-11,21614.86
COMP_0907,2025-12,21388.72
COMP_0907,2026-01,21119.65
COMP_0907,2026-02,21003.3
COMP_0907,2026-03,20886.95
COMP_0907,2026-04,20770.6
COMP_0907,2026-05,20654.25
COMP_0907,2026-06,20537.9
COMP_0907,2026-07,20421.55
COMP_0907,2026-08,20728.53
COMP_0908,2025-02,307913.12
COMP_0908,2025-03,128707.46
COMP_0908,2025-04,994872.6
COMP_0908,2025-05,733514.44
COMP_0908,2025-06,223183.11
COMP_0908,2025-07,304711.47
COMP_0908,2025-08,112948.77
COMP_0908,2025-09,89188.24
COMP_0908,2025-10,14408.91
COMP_0908,2025-11,97200.79
COMP_0908,2025-12,12568.02
COMP_0908,2026-01,391403.56
COMP_0908,2026-02,155046.64
COMP_0908,2026-03,10462.3
COMP_0908,2026-04,64744.56
COMP_0908,2026-05,91295.59
COMP_0908,2026-06,128654.13
COMP_0908,2026-07,73067.62
COMP_0908,2026-08,765.59
COMP_0909,2025-02,2.479805e+07
COMP_0909,2025-03,2.5646188e+07
COMP_0909,2025-04,3.1962814e+07
COMP_0909,2025-05,2.9900584e+07
COMP_0909,2025-06,2.139219e+07
COMP_0909,2025-07,1.5734668e+07
COMP_0909,2025-08,1.8020648e+07
COMP_0909,2025-09,2.704061e+07
COMP_0909,2025-10,3.5538732e+07
COMP_0909,2025-11,2.0413974e+07
COMP_0909,2025-12,2.8127396e+07
COMP_0909,2026-01,2.4980396e+07
COMP_0909,2026-02,1.8764984e+07
COMP_0909,2026-03,1.1436809e+07
COMP_0909,2026-04,1.142759e+07
COMP_0909,2026-05,1.1910315e+07
COMP_0909,2026-06,1.6473026e+07
COMP_0909,2026-07,1.2881673e+07
COMP_0909,2026-08,6.9419365e+06
COMP_0910,2025-08,-82313.23
COMP_0910,2025-09,-87037.19
COMP_0910,2025-10,-85225.68
COMP_0910,2025-11,-83475.05
COMP_0910,2025-12,-81598.81
COMP_0910,2026-01,-79493.32
COMP_0910,2026-02,-77357.27
COMP_0910,2026-03,-75124.38
COMP_0910,2026-04,-72926.25
COMP_0910,2026-05,-72858.21
COMP_0910,2026-06,-70535.67
COMP_0910,2026-07,-73802.66
COMP_0910,2026-08,-71512.95
COMP_0911,2025-08,-3.143441e-11
COMP_0911,2025-09,-2.3305802e-12
COMP_0911,2025-10,-3.143441e-11
COMP_0911,2025-11,-3.143441e-11
COMP_0911,2025-12,-4.5986326e-11
COMP_0911,2026-01,-7.5090156e-11
COMP_0911,2026-02,-4.5986326e-11
COMP_0911,2026-03,-7.5090156e-11
COMP_0911,2026-04,-4.5986326e-11
COMP_0911,2026-05,-1.6882495e-11
COMP_0911,2026-06,-1.4551915e-11
COMP_0911,2026-07,-1.4551915e-11
COMP_0911,2026-08,0
COMP_0912,2026-03,3.5335315e+06
COMP_0912,2026-04,2.1058428e+06
COMP_0912,2026-05,2.416887e+06
COMP_0912,2026-06,2.639667e+06
COMP_0912,2026-07,2.2155718e+06
COMP_0912,2026-08,1.9801276e+06
COMP_0913,2025-03,195424.44
COMP_0913,2025-04,52777.71
COMP_0913,2025-05,88935.76
COMP_0913,2025-06,53484.69
COMP_0913,2025-07,292401.72
COMP_0913,2025-08,266691.12
COMP_0913,2025-09,27738.25
COMP_0913,2025-10,19913.55
COMP_0913,2025-11,21729.17
COMP_0913,2025-12,195.93
COMP_0913,2026-01,19178.43
COMP_0913,2026-02,48370.9
COMP_0913,2026-03,12415.15
COMP_0913,2026-04,32318.72
COMP_0913,2026-05,8178.33
COMP_0913,2026-06,43333.45
COMP_0913,2026-07,23125.09
COMP_0913,2026-08,20320.61
COMP_0914,2025-07,55739.06
COMP_0914,2025-08,44119.91
COMP_0914,2025-09,5319.92
COMP_0914,2025-10,16854.37
COMP_0914,2025-11,6559.49
COMP_0914,2025-12,22355.61
COMP_0914,2026-01,59230.14
COMP_0914,2026-02,12763.7
COMP_0914,2026-03,31990.75
COMP_0914,2026-04,63810.78
COMP_0914,2026-05,9183.43
COMP_0914,2026-06,23113.82
COMP_0914,2026-07,12587.19
COMP_0914,2026-08,-631.63
COMP_0915,2025-06,25013.37
COMP_0915,2025-07,25412.97
COMP_0915,2025-08,25412.97
COMP_0915,2025-09,26089.46
COMP_0915,2025-10,26089.46
COMP_0915,2025-11,26929.46
COMP_0915,2025-12,27304.93
COMP_0915,2026-01,27304.93
COMP_0915,2026-02,27304.93
COMP_0915,2026-03,27907.96
COMP_0915,2026-04,27907.96
COMP_0915,2026-05,27907.96
COMP_0915,2026-06,28899.04
COMP_0915,2026-07,28899.04
COMP_0915,2026-08,29479.04
COMP_0916,2025-02,1.222129e+06
COMP_0916,2025-03,988350.6
COMP_0916,2025-04,2.0025652e+06
COMP_0916,2025-05,2.688267e+06
COMP_0916,2025-06,1.6832211e+06
COMP_0916,2025-07,915900.2
COMP_0916,2025-08,812851.6
COMP_0916,2025-09,575675.06
COMP_0916,2025-10,371226.44
COMP_0916,2025-11,371226.44
COMP_0916,2025-12,371226.44
COMP_0916,2026-01,371226.44
COMP_0916,2026-02,371226.44
COMP_0916,2026-03,371226.44
COMP_0916,2026-04,371226.44
COMP_0916,2026-05,371226.44
COMP_0916,2026-06,371226.44
COMP_0916,2026-07,371226.44
COMP_0916,2026-08,371226.44
COMP_0917,2025-07,9094.69
COMP_0917,2025-08,9134.12
COMP_0917,2025-09,23933.32
COMP_0917,2025-10,14445.75
COMP_0917,2025-11,12358.75
COMP_0917,2025-12,12358.75
COMP_0917,2026-01,12256.4
COMP_0917,2026-02,12309.76
COMP_0917,2026-03,12309.76
COMP_0917,2026-04,12309.76
COMP_0917,2026-05,12361.32
COMP_0917,2026-06,12361.32
COMP_0917,2026-07,11893.42
COMP_0917,2026-08,11946.29
COMP_0918,2026-02,107313.57
COMP_0918,2026-03,119414.92
COMP_0918,2026-04,55949
COMP_0918,2026-05,58891.56
COMP_0918,2026-06,20477.25
COMP_0918,2026-07,31794.79
COMP_0918,2026-08,47100.21
COMP_0919,2026-02,803663.3
COMP_0919,2026-03,977410.6
COMP_0919,2026-04,664063.44
COMP_0919,2026-05,996721.44
COMP_0919,2026-06,887343.7
COMP_0919,2026-07,1.04832575e+06
COMP_0919,2026-08,719912.6
COMP_0920,2026-06,1.461602e+06
COMP_0920,2026-07,939378.4
COMP_0920,2026-08,803991.7
COMP_0921,2026-04,46779.9
COMP_0921,2026-05,22624.77
COMP_0921,2026-06,22735.24
COMP_0921,2026-07,45967.52
COMP_0921,2026-08,13462.97
COMP_0922,2025-09,184986.38
COMP_0922,2025-10,134423.66
COMP_0922,2025-11,109323.58
COMP_0922,2025-12,159323.58
COMP_0922,2026-01,134323.58
COMP_0922,2026-02,134323.58
COMP_0922,2026-03,84323.58
COMP_0922,2026-04,134231.62
COMP_0922,2026-05,159231.62
COMP_0922,2026-06,109231.63
COMP_0922,2026-07,59137.73
COMP_0922,2026-08,34137.73
COMP_0923,2025-02,174965.58
COMP_0923,2025-03,220918.92
COMP_0923,2025-04,283092.66
COMP_0923,2025-05,367216.75
COMP_0923,2025-06,443158.88
COMP_0923,2025-07,651352.7
COMP_0923,2025-08,371025.03
COMP_0923,2025-09,410110.22
COMP_0923,2025-10,427856.1
COMP_0923,2025-11,121363.41
COMP_0923,2025-12,151396.27
COMP_0923,2026-01,182664.03
COMP_0923,2026-02,252854.95
COMP_0923,2026-03,301863.5
COMP_0923,2026-04,367571.62
COMP_0923,2026-05,442741
COMP_0923,2026-06,533151.56
COMP_0923,2026-07,589671
COMP_0923,2026-08,652180.75
COMP_0924,2025-02,4.206932e+06
COMP_0924,2025-03,6.6761965e+06
COMP_0924,2025-04,6.154087e+06
COMP_0924,2025-05,5.7129545e+06
COMP_0924,2025-06,180101.1
COMP_0924,2025-07,85379.57
COMP_0924,2025-08,81677.22
COMP_0924,2025-09,110102.21
COMP_0924,2025-10,67552.38
COMP_0924,2025-11,53777.97
COMP_0924,2025-12,442120.75
COMP_0924,2026-01,30831.27
COMP_0924,2026-02,98455.5
COMP_0924,2026-03,78293.61
COMP_0924,2026-04,459078.97
COMP_0924,2026-05,335541.12
COMP_0924,2026-06,1.1255092e+06
COMP_0924,2026-07,998309.9
COMP_0924,2026-08,1.1194398e+06
COMP_0925,2026-05,-71.8
COMP_0925,2026-06,-73.34
COMP_0925,2026-07,8220.24
COMP_0925,2026-08,8220.24
COMP_0926,2025-07,7.108536e+06
COMP_0926,2025-08,1.0409347e+07
COMP_0926,2025-09,7.413154e+06
COMP_0926,2025-10,9.740196e+06
COMP_0926,2025-11,9.099253e+06
COMP_0926,2025-12,3.6458898e+06
COMP_0926,2026-01,5.614575e+06
COMP_0926,2026-02,6.7783935e+06
COMP_0926,2026-03,5.666011e+06
COMP_0926,2026-04,9.342158e+06
COMP_0926,2026-05,1.2594501e+07
COMP_0926,2026-06,8.782745e+06
COMP_0926,2026-07,5.6182375e+06
COMP_0926,2026-08,8.616024e+06
COMP_0927,2025-03,163529.06
COMP_0927,2025-04,-315389.2
COMP_0927,2025-05,-324902.97
COMP_0927,2025-06,-141260.22
COMP_0927,2025-07,1.6207286e+06
COMP_0927,2025-08,559513.4
COMP_0927,2025-09,-86828.08
COMP_0927,2025-10,-83210.45
COMP_0927,2025-11,-133183.98
COMP_0927,2025-12,-234177.11
COMP_0927,2026-01,-200706.52
COMP_0927,2026-02,455870.1
COMP_0927,2026-03,280630.47
COMP_0927,2026-04,-77641.98
COMP_0927,2026-05,17953.76
COMP_0927,2026-06,232438.7
COMP_0927,2026-07,1.0107937e+06
COMP_0927,2026-08,46164.78
COMP_0928,2025-10,-4528.06
COMP_0928,2025-11,43030.21
COMP_0928,2025-12,71666.96
COMP_0928,2026-01,1580.47
COMP_0928,2026-02,-10939.31
COMP_0928,2026-03,4982.07
COMP_0928,2026-04,-5257.81
COMP_0928,2026-05,-6849.7
COMP_0928,2026-06,18411.62
COMP_0928,2026-07,16140.46
COMP_0928,2026-08,27852.18
COMP_0929,2025-06,967673.7
COMP_0929,2025-07,1.0924254e+06
COMP_0929,2025-08,1.1840039e+06
COMP_0929,2025-09,1.2228575e+06
COMP_0929,2025-10,1.262492e+06
COMP_0929,2025-11,1.2979592e+06
COMP_0929,2025-12,1.1804151e+06
COMP_0929,2026-01,1.168803e+06
COMP_0929,2026-02,1.0944409e+06
COMP_0929,2026-03,1.0961202e+06
COMP_0929,2026-04,1.0939138e+06
COMP_0929,2026-05,1.1110534e+06
COMP_0929,2026-06,1.1631714e+06
COMP_0929,2026-07,1.1813122e+06
COMP_0929,2026-08,1.2503566e+06
COMP_0930,2026-07,2848.56
COMP_0930,2026-08,16454.53
COMP_0931,2025-02,28870.38
COMP_0931,2025-03,116425.9
COMP_0931,2025-04,256646.16
COMP_0931,2025-05,276452.28
COMP_0931,2025-06,455678.7
COMP_0931,2025-07,105349.7
COMP_0931,2025-08,242082.4
COMP_0931,2025-09,108842.79
COMP_0931,2025-10,126854.24
COMP_0931,2025-11,56966.02
COMP_0931,2025-12,371130.75
COMP_0931,2026-01,450910.03
COMP_0931,2026-02,199212.61
COMP_0931,2026-03,225948.3
COMP_0931,2026-04,116430.51
COMP_0931,2026-05,99143.29
COMP_0931,2026-06,148850.66
COMP_0931,2026-07,290190.22
COMP_0931,2026-08,307038.62
COMP_0932,2026-06,18703.54
COMP_0932,2026-07,19261.41
COMP_0932,2026-08,15790.39
COMP_0933,2026-07,137114.02
COMP_0933,2026-08,93650.49
COMP_0934,2026-04,35894.97
COMP_0934,2026-05,70659.5
COMP_0934,2026-06,59421.51
COMP_0934,2026-07,58457.9
COMP_0934,2026-08,50267.13
COMP_0935,2026-02,198813.8
COMP_0935,2026-03,39334.69
COMP_0935,2026-04,45668.49
COMP_0935,2026-05,41167.23
COMP_0935,2026-06,32519.77
COMP_0935,2026-07,30712.67
COMP_0935,2026-08,83873.09
COMP_0936,2025-11,116.47
COMP_0936,2025-12,116.47
COMP_0936,2026-01,17.47
COMP_0936,2026-02,120.27
COMP_0936,2026-03,205.96
COMP_0936,2026-04,2102.81
COMP_0936,2026-05,1313.61
COMP_0936,2026-06,63.61
COMP_0936,2026-07,96758.37
COMP_0936,2026-08,100387.08
COMP_0937,2025-08,-7.292442e-10
COMP_0937,2025-09,12920.5
COMP_0937,2025-10,12920.5
COMP_0937,2025-11,12920.5
COMP_0937,2025-12,12830.5
COMP_0937,2026-01,12830.5
COMP_0937,2026-02,12812.35
COMP_0937,2026-03,12722.35
COMP_0937,2026-04,12722.35
COMP_0937,2026-05,12722.35
COMP_0937,2026-06,12632.35
COMP_0937,2026-07,12632.35
COMP_0937,2026-08,12632.35
COMP_0939,2026-06,1.3031029e+06
COMP_0939,2026-07,2.1869705e+06
COMP_0939,2026-08,2.0566315e+06
COMP_0940,2025-07,7.2292205e+06
COMP_0940,2025-08,1.0598461e+07
COMP_0940,2025-09,3.1944052e+06
COMP_0940,2025-10,5.4246535e+06
COMP_0940,2025-11,4.761066e+06
COMP_0940,2025-12,1.3134826e+06
COMP_0940,2026-01,3.162128e+06
COMP_0940,2026-02,4.2570435e+06
COMP_0940,2026-03,2.4241048e+06
COMP_0940,2026-04,5.7161115e+06
COMP_0940,2026-05,8.561081e+06
COMP_0940,2026-06,2.9163472e+06
COMP_0940,2026-07,3.736235e+06
COMP_0940,2026-08,6.4709085e+06
COMP_0941,2025-02,1.209699e-11
COMP_0941,2025-03,3.1310066e-11
COMP_0941,2025-04,3.026912e-11
COMP_0941,2025-05,2.1231017e-11
COMP_0941,2025-06,5.0306426e-12
COMP_0941,2025-07,5.1940674e-12
COMP_0941,2025-08,4.7961635e-12
COMP_0941,2025-09,4.725109e-12
COMP_0941,2025-10,1.2576606e-12
COMP_0941,2025-11,-3.176126e-12
COMP_0941,2025-12,-4.3129944e-12
COMP_0941,2026-01,-6.131984e-12
COMP_0941,2026-02,-8.292034e-12
COMP_0941,2026-03,-8.06466e-12
COMP_0941,2026-04,-8.213874e-12
COMP_0941,2026-05,-6.053824e-12
COMP_0941,2026-06,-5.1443294e-12
COMP_0941,2026-07,-1.8189894e-12
COMP_0941,2026-08,0
COMP_0942,2025-02,10550.08
COMP_0942,2025-03,11812.7
COMP_0942,2025-04,36852.95
COMP_0942,2025-05,6919.23
COMP_0942,2025-06,25786.88
COMP_0942,2025-07,8209.75
COMP_0942,2025-08,6550.11
COMP_0942,2025-09,25133.44
COMP_0942,2025-10,15898.25
COMP_0942,2025-11,22224.48
COMP_0942,2025-12,40482.15
COMP_0942,2026-01,8017.23
COMP_0942,2026-02,7130.12
COMP_0942,2026-03,20751.02
COMP_0942,2026-04,23881.17
COMP_0942,2026-05,16159.94
COMP_0942,2026-06,14085.93
COMP_0942,2026-07,20056.6
COMP_0942,2026-08,14958.56
COMP_0943,2026-07,516207.8
COMP_0943,2026-08,484887.62
COMP_0944,2026-06,683777.2
COMP_0944,2026-07,671147.94
COMP_0944,2026-08,558027.25
COMP_0945,2025-02,519641.53
COMP_0945,2025-03,426377.2
COMP_0945,2025-04,372067.28
COMP_0945,2025-05,328329.84
COMP_0945,2025-06,378741.12
COMP_0945,2025-07,301832.53
COMP_0945,2025-08,412969.22
COMP_0945,2025-09,602129.6
COMP_0945,2025-10,442308.2
COMP_0945,2025-11,406060.22
COMP_0945,2025-12,281513.2
COMP_0945,2026-01,366069.6
COMP_0945,2026-02,391741.72
COMP_0945,2026-03,346902.5
COMP_0945,2026-04,174106.38
COMP_0945,2026-05,99351.67
COMP_0945,2026-06,105353.13
COMP_0945,2026-07,179697.69
COMP_0945,2026-08,236632.31
COMP_0946,2025-12,148666.64
COMP_0946,2026-01,143698.2
COMP_0946,2026-02,272609.72
COMP_0946,2026-03,331608.8
COMP_0946,2026-04,263516.22
COMP_0946,2026-05,280047.62
COMP_0946,2026-06,384145.34
COMP_0946,2026-07,398898.38
COMP_0946,2026-08,375639.9
COMP_0947,2025-02,-6.117745e-11
COMP_0947,2025-03,-6.095008e-11
COMP_0947,2025-04,-1.8715335e-11
COMP_0947,2025-05,-1.7979923e-11
COMP_0947,2025-06,-1.8684804e-11
COMP_0947,2025-07,-1.8744312e-11
COMP_0947,2025-08,-1.6690843e-11
COMP_0947,2025-09,-3.4658665e-12
COMP_0947,2025-10,-3.347919e-11
COMP_0947,2025-11,-3.3024444e-11
COMP_0947,2025-12,1.0858675e-11
COMP_0947,2026-01,1.1030926e-11
COMP_0947,2026-02,3.2820135e-12
COMP_0947,2026-03,1.7929852e-11
COMP_0947,2026-04,2.6958158e-12
COMP_0947,2026-05,-1.32953926e-11
COMP_0947,2026-06,-1.3323814e-11
COMP_0947,2026-07,-1.3096441e-11
COMP_0947,2026-08,0
COMP_0948,2025-02,-608966.4
COMP_0948,2025-03,-726828.44
COMP_0948,2025-04,-693249.4
COMP_0948,2025-05,-600288.75
COMP_0948,2025-06,-543988.3
COMP_0948,2025-07,-458968.1
COMP_0948,2025-08,-503863.1
COMP_0948,2025-09,-394601.38
COMP_0948,2025-10,-438674.62
COMP_0948,2025-11,-442638.06
COMP_0948,2025-12,-329626.94
COMP_0948,2026-01,-398998.53
COMP_0948,2026-02,-343939.12
COMP_0948,2026-03,-347474.66
COMP_0948,2026-04,-178212.95
COMP_0948,2026-05,-131460.17
COMP_0948,2026-06,-173907.2
COMP_0948,2026-07,-164344.1
COMP_0948,2026-08,-180572.84
COMP_0949,2025-09,1057.62
COMP_0949,2025-10,1057.62
COMP_0949,2025-11,403.37
COMP_0949,2025-12,403.37
COMP_0949,2026-01,2903.37
COMP_0949,2026-02,2903.37
COMP_0949,2026-03,2903.37
COMP_0949,2026-04,2904.22
COMP_0949,2026-05,2852.29
COMP_0949,2026-06,2853.24
COMP_0949,2026-07,2854.22
COMP_0949,2026-08,2720.03
COMP_0950,2025-02,5487.81
COMP_0950,2025-03,3031.17
COMP_0950,2025-04,28052.31
COMP_0950,2025-05,4946.71
COMP_0950,2025-06,6984.09
COMP_0950,2025-07,4150.35
COMP_0950,2025-08,3628.49
COMP_0950,2025-09,3896.88
COMP_0950,2025-10,1458.28
COMP_0950,2025-11,8190.41
COMP_0950,2025-12,1978.68
COMP_0950,2026-01,1757.44
COMP_0950,2026-02,1788.86
COMP_0950,2026-03,2340.96
COMP_0950,2026-04,10953.66
COMP_0950,2026-05,16346.51
COMP_0950,2026-06,19894.23
COMP_0950,2026-07,13185.91
COMP_0950,2026-08,9396.75
COMP_0951,2025-02,2.6448632e+06
COMP_0951,2025-03,4.051114e+06
COMP_0951,2025-04,4.8133125e+06
COMP_0951,2025-05,5.513336e+06
COMP_0951,2025-06,4.862203e+06
COMP_0951,2025-07,4.527293e+06
COMP_0951,2025-08,645612.5
COMP_0951,2025-09,631919.4
COMP_0951,2025-10,1.0093714e+06
COMP_0951,2025-11,1.4849916e+06
COMP_0951,2025-12,1.6805469e+06
COMP_0951,2026-01,1.1060696e+06
COMP_0951,2026-02,1.281688e+06
COMP_0951,2026-03,1.2255644e+06
COMP_0951,2026-04,1.46863e+06
COMP_0951,2026-05,1.7233782e+06
COMP_0951,2026-06,1.2591201e+06
COMP_0951,2026-07,1.4109855e+06
COMP_0951,2026-08,1.6075791e+06
COMP_0952,2025-06,175531.95
COMP_0952,2025-07,71733.6
COMP_0952,2025-08,80831.88
COMP_0952,2025-09,60413.69
COMP_0952,2025-10,53230.34
COMP_0952,2025-11,45158.7
COMP_0952,2025-12,55243.61
COMP_0952,2026-01,53807.92
COMP_0952,2026-02,51597.44
COMP_0952,2026-03,67468.54
COMP_0952,2026-04,40941.8
COMP_0952,2026-05,50186.5
COMP_0952,2026-06,58300.5
COMP_0952,2026-07,41229.37
COMP_0952,2026-08,71218.14
COMP_0953,2026-08,5.550864e+06
COMP_0954,2026-07,93092.34
COMP_0954,2026-08,38173.74
COMP_0955,2025-02,2968.08
COMP_0955,2025-03,2621.28
COMP_0955,2025-04,3401.62
COMP_0955,2025-05,3328.02
COMP_0955,2025-06,2655.5
COMP_0955,2025-07,1510.16
COMP_0955,2025-08,6800.04
COMP_0955,2025-09,1481.34
COMP_0955,2025-10,3180.19
COMP_0955,2025-11,6259.18
COMP_0955,2025-12,1491.41
COMP_0955,2026-01,1404.97
COMP_0955,2026-02,6231.29
COMP_0955,2026-03,2449.75
COMP_0955,2026-04,2772.88
COMP_0955,2026-05,5350.39
COMP_0955,2026-06,3122.6
COMP_0955,2026-07,2416.89
COMP_0955,2026-08,4975.91
COMP_0956,2026-07,154677.6
COMP_0956,2026-08,161987.38
COMP_0957,2026-08,2.3305802e-12
COMP_0958,2025-06,5.266586e+06
COMP_0958,2025-07,4.4819585e+06
COMP_0958,2025-08,5.8449715e+06
COMP_0958,2025-09,5.5356675e+06
COMP_0958,2025-10,6.2604025e+06
COMP_0958,2025-11,6.4105855e+06
COMP_0958,2025-12,5.6636655e+06
COMP_0958,2026-01,5.1468555e+06
COMP_0958,2026-02,4.8980105e+06
COMP_0958,2026-03,5.0973905e+06
COMP_0958,2026-04,4.242336e+06
COMP_0958,2026-05,5.8320935e+06
COMP_0958,2026-06,5.5256835e+06
COMP_0958,2026-07,5.2903245e+06
COMP_0958,2026-08,5.809499e+06
COMP_0959,2025-03,120109.37
COMP_0959,2025-04,120109.37
COMP_0959,2025-05,120109.37
COMP_0959,2025-06,120109.37
COMP_0959,2025-07,120109.37
COMP_0959,2025-08,120109.37
COMP_0959,2025-09,116216.44
COMP_0959,2025-10,106056.52
COMP_0959,2025-11,94638.35
COMP_0959,2025-12,85947.91
COMP_0959,2026-01,75880.27
COMP_0959,2026-02,104214.3
COMP_0959,2026-03,90571.14
COMP_0959,2026-04,85578.55
COMP_0959,2026-05,31881.17
COMP_0959,2026-06,26129.87
COMP_0959,2026-07,58661.11
COMP_0959,2026-08,99960.16
COMP_0960,2025-02,40841.42
COMP_0960,2025-03,28098.92
COMP_0960,2025-04,26834.28
COMP_0960,2025-05,18493.83
COMP_0960,2025-06,22691.56
COMP_0960,2025-07,13606.13
COMP_0960,2025-08,15977.99
COMP_0960,2025-09,18014.08
COMP_0960,2025-10,13172.99
COMP_0960,2025-11,10523.84
COMP_0960,2025-12,18597.38
COMP_0960,2026-01,38235.68
COMP_0960,2026-02,54055.52
COMP_0960,2026-03,59606.29
COMP_0960,2026-04,73238.11
COMP_0960,2026-05,7462.07
COMP_0960,2026-06,18596.66
COMP_0960,2026-07,36798.81
COMP_0960,2026-08,44797.8
COMP_0961,2025-04,55461.53
COMP_0961,2025-05,77225.1
COMP_0961,2025-06,73385.19
COMP_0961,2025-07,156323
COMP_0961,2025-08,93302.69
COMP_0961,2025-09,66453.4
COMP_0961,2025-10,59278.48
COMP_0961,2025-11,36039.58
COMP_0961,2025-12,50611.19
COMP_0961,2026-01,22826.64
COMP_0961,2026-02,29904.55
COMP_0961,2026-03,14822.07
COMP_0961,2026-04,20818.76
COMP_0961,2026-05,27286.16
COMP_0961,2026-06,34431.49
COMP_0961,2026-07,41390.78
COMP_0961,2026-08,32768.52
COMP_0963,2025-02,18848.66
COMP_0963,2025-03,12606.86
COMP_0963,2025-04,8575.39
COMP_0963,2025-05,18823.74
COMP_0963,2025-06,44420.29
COMP_0963,2025-07,43210.26
COMP_0963,2025-08,43503
COMP_0963,2025-09,32123.12
COMP_0963,2025-10,29832.26
COMP_0963,2025-11,31677.45
COMP_0963,2025-12,29079.17
COMP_0963,2026-01,36403.85
COMP_0963,2026-02,28501.07
COMP_0963,2026-03,31924.28
COMP_0963,2026-04,28771.77
COMP_0963,2026-05,28820.96
COMP_0963,2026-06,32635.36
COMP_0963,2026-07,28542.93
COMP_0963,2026-08,28426.06
COMP_0964,2026-07,418206.28
COMP_0964,2026-08,533928.56
COMP_0966,2025-06,1.1121408e+06
COMP_0966,2025-07,1.0621815e+06
COMP_0966,2025-08,1.2495022e+06
COMP_0966,2025-09,1.186005e+06
COMP_0966,2025-10,395100.12
COMP_0966,2025-11,578226.06
COMP_0966,2025-12,548536.06
COMP_0966,2026-01,559367.9
COMP_0966,2026-02,511265.7
COMP_0966,2026-03,565732.1
COMP_0966,2026-04,551615.06
COMP_0966,2026-05,556980.3
COMP_0966,2026-06,555899.06
COMP_0966,2026-07,489153
COMP_0966,2026-08,489153
COMP_0967,2025-05,21649.45
COMP_0967,2025-06,27613.37
COMP_0967,2025-07,55210.38
COMP_0967,2025-08,37324.01
COMP_0967,2025-09,34090.13
COMP_0967,2025-10,48113.62
COMP_0967,2025-11,27754.86
COMP_0967,2025-12,29647.44
COMP_0967,2026-01,62809.02
COMP_0967,2026-02,50472.62
COMP_0967,2026-03,12875.57
COMP_0967,2026-04,78144
COMP_0967,2026-05,40533.31
COMP_0967,2026-06,43396.46
COMP_0967,2026-07,68484.15
COMP_0967,2026-08,32544.9
COMP_0968,2025-08,12724.36
COMP_0968,2025-09,16.14
COMP_0968,2025-10,16.14
COMP_0968,2025-11,16.14
COMP_0968,2025-12,1.2363444e-12
COMP_0968,2026-01,1.2363444e-12
COMP_0968,2026-02,1.2363444e-12
COMP_0968,2026-03,1.2363444e-12
COMP_0968,2026-04,1.2363444e-12
COMP_0968,2026-05,1.2363444e-12
COMP_0968,2026-06,1.2363444e-12
COMP_0968,2026-07,18665.91
COMP_0968,2026-08,18665.91
COMP_0969,2025-02,-182929.38
COMP_0969,2025-03,-188821.9
COMP_0969,2025-04,-159384.31
COMP_0969,2025-05,-73370.4
COMP_0969,2025-06,-112818.51
COMP_0969,2025-07,-159083.98
COMP_0969,2025-08,-135159.69
COMP_0969,2025-09,-119866.53
COMP_0969,2025-10,15735.6
COMP_0969,2025-11,-55008.47
COMP_0969,2025-12,7937.73
COMP_0969,2026-01,-55090.49
COMP_0969,2026-02,-53321.27
COMP_0969,2026-03,-144412.5
COMP_0969,2026-04,226085.3
COMP_0969,2026-05,-66163.6
COMP_0969,2026-06,-21039.4
COMP_0969,2026-07,-62293.66
COMP_0969,2026-08,-117213.59
COMP_0970,2026-07,202496.2
COMP_0970,2026-08,128541.63
COMP_0971,2026-07,647211.4
COMP_0971,2026-08,666813.5
COMP_0972,2026-01,1.6925644e+06
COMP_0972,2026-02,1.357446e+06
COMP_0972,2026-03,1.2922878e+06
COMP_0972,2026-04,1.7371914e+06
COMP_0972,2026-05,2.0711439e+06
COMP_0972,2026-06,948949.25
COMP_0972,2026-07,1.6454721e+06
COMP_0972,2026-08,2.0601934e+06
COMP_0973,2026-05,121123.78
COMP_0973,2026-06,129218.34
COMP_0973,2026-07,231970.05
COMP_0973,2026-08,161484.17
COMP_0974,2026-02,5.027392e+06
COMP_0974,2026-03,5.396363e+06
COMP_0974,2026-04,5.855163e+06
COMP_0974,2026-05,5.8451515e+06
COMP_0974,2026-06,3.4696832e+06
COMP_0974,2026-07,3.935874e+06
COMP_0974,2026-08,4.782701e+06
COMP_0975,2025-02,28822.09
COMP_0975,2025-03,23822.17
COMP_0975,2025-04,23700.46
COMP_0975,2025-05,82118.69
COMP_0975,2025-06,168355.62
COMP_0975,2025-07,84578.31
COMP_0975,2025-08,129855.74
COMP_0975,2025-09,153290.31
COMP_0975,2025-10,94247.56
COMP_0975,2025-11,148923.36
COMP_0975,2025-12,155109.19
COMP_0975,2026-01,97926.58
COMP_0975,2026-02,83215.5
COMP_0975,2026-03,115171.76
COMP_0975,2026-04,87783.13
COMP_0975,2026-05,126657.58
COMP_0975,2026-06,117898.84
COMP_0975,2026-07,79345.55
COMP_0975,2026-08,94773.75
COMP_0977,2026-04,1.8122672e+06
COMP_0977,2026-05,2.1210302e+06
COMP_0977,2026-06,2.402309e+06
COMP_0977,2026-07,1.8878991e+06
COMP_0977,2026-08,3.1197978e+06
COMP_0978,2025-02,614786.5
COMP_0978,2025-03,207864.62
COMP_0978,2025-04,679643.6
COMP_0978,2025-05,190509.95
COMP_0978,2025-06,45067.57
COMP_0978,2025-07,112616.8
COMP_0978,2025-08,112649.94
COMP_0978,2025-09,142682.6
COMP_0978,2025-10,135172.11
COMP_0978,2025-11,128445.1
COMP_0978,2025-12,157405.58
COMP_0978,2026-01,97566.08
COMP_0978,2026-02,182197.12
COMP_0978,2026-03,2.9928745e+06
COMP_0978,2026-04,484154.66
COMP_0978,2026-05,684049
COMP_0978,2026-06,115300.38
COMP_0978,2026-07,1.838233e+06
COMP_0978,2026-08,72805.71
COMP_0979,2025-06,11309.57
COMP_0979,2025-07,15963.7
COMP_0979,2025-08,9002.5
COMP_0979,2025-09,17525.58
COMP_0979,2025-10,1548.72
COMP_0979,2025-11,52642.84
COMP_0979,2025-12,45561.92
COMP_0979,2026-01,11112.79
COMP_0979,2026-02,28117.78
COMP_0979,2026-03,41455.84
COMP_0979,2026-04,45491.69
COMP_0979,2026-05,70442.07
COMP_0979,2026-06,24116.68
COMP_0979,2026-07,13116.68
COMP_0979,2026-08,13116.68
COMP_0980,2025-02,3867.54
COMP_0980,2025-03,2538.98
COMP_0980,2025-04,2081.03
COMP_0980,2025-05,5737.8
COMP_0980,2025-06,4770.83
COMP_0980,2025-07,1916.9
COMP_0980,2025-08,5655.45
COMP_0980,2025-09,3048.17
COMP_0980,2025-10,1292.28
COMP_0980,2025-11,2355.52
COMP_0980,2025-12,9897.68
COMP_0980,2026-01,8917.56
COMP_0980,2026-02,7582.28
COMP_0980,2026-03,5951.09
COMP_0980,2026-04,3028.03
COMP_0980,2026-05,3028.03
COMP_0980,2026-06,3028.03
COMP_0980,2026-07,3028.03
COMP_0980,2026-08,3028.03
COMP_0981,2025-02,526.7
COMP_0981,2025-03,3745.89
COMP_0981,2025-04,3976.74
COMP_0981,2025-05,3976.74
COMP_0981,2025-06,3976.74
COMP_0981,2025-07,3976.74
COMP_0981,2025-08,3976.74
COMP_0981,2025-09,3976.74
COMP_0981,2025-10,3976.74
COMP_0981,2025-11,3976.74
COMP_0981,2025-12,3976.74
COMP_0981,2026-01,3976.74
COMP_0981,2026-02,3976.74
COMP_0981,2026-03,3976.74
COMP_0981,2026-04,3976.74
COMP_0981,2026-05,3976.74
COMP_0981,2026-06,3976.74
COMP_0981,2026-07,3976.74
COMP_0981,2026-08,3976.74
COMP_0982,2025-06,127367.78
COMP_0982,2025-07,-359346.8
COMP_0982,2025-08,-15294.12
COMP_0982,2025-09,-238590.44
COMP_0982,2025-10,-128760.94
COMP_0982,2025-11,-135894.77
COMP_0982,2025-12,-276811.62
COMP_0982,2026-01,-293446.44
COMP_0982,2026-02,-427326.75
COMP_0982,2026-03,46490.69
COMP_0982,2026-04,-241687.55
COMP_0982,2026-05,-428040.12
COMP_0982,2026-06,-408391.72
COMP_0982,2026-07,-413366.2
COMP_0982,2026-08,-325997.53
COMP_0983,2025-02,81933.79
COMP_0983,2025-03,77044.53
COMP_0983,2025-04,60703.12
COMP_0983,2025-05,62122.48
COMP_0983,2025-06,58692.47
COMP_0983,2025-07,59823.67
COMP_0983,2025-08,58832.16
COMP_0983,2025-09,95838.1
COMP_0983,2025-10,110614.93
COMP_0983,2025-11,103224.02
COMP_0983,2025-12,84686.8
COMP_0983,2026-01,72599.35
COMP_0983,2026-02,13189.84
COMP_0983,2026-03,64713.1
COMP_0983,2026-04,38802.95
COMP_0983,2026-05,35142.82
COMP_0983,2026-06,53357.11
COMP_0983,2026-07,22371.35
COMP_0983,2026-08,27201.37
COMP_0984,2025-02,182494.4
COMP_0984,2025-03,180989.03
COMP_0984,2025-04,195999.23
COMP_0984,2025-05,142770.69
COMP_0984,2025-06,155580.48
COMP_0984,2025-07,163272.72
COMP_0984,2025-08,133155.47
COMP_0984,2025-09,99894.71
COMP_0984,2025-10,74340.49
COMP_0984,2025-11,84302.74
COMP_0984,2025-12,103990.81
COMP_0984,2026-01,94200.56
COMP_0984,2026-02,76574.19
COMP_0984,2026-03,75772.61
COMP_0984,2026-04,69472.49
COMP_0984,2026-05,76881.73
COMP_0984,2026-06,79565.57
COMP_0984,2026-07,268915.7
COMP_0984,2026-08,60921.21
COMP_0985,2025-02,114275.71
COMP_0985,2025-03,174167.34
COMP_0985,2025-04,163930.94
COMP_0985,2025-05,142100.95
COMP_0985,2025-06,68219.47
COMP_0985,2025-07,82913.43
COMP_0985,2025-08,96031.43
COMP_0985,2025-09,103159.85
COMP_0985,2025-10,48310.66
COMP_0985,2025-11,30885.16
COMP_0985,2025-12,27997.67
COMP_0985,2026-01,22514.2
COMP_0985,2026-02,24740.99
COMP_0985,2026-03,36200.83
COMP_0985,2026-04,45827.63
COMP_0985,2026-05,91541.57
COMP_0985,2026-06,116958.2
COMP_0985,2026-07,54696.51
COMP_0985,2026-08,30544.51
COMP_0986,2026-06,4890.5
COMP_0986,2026-07,8272.56
COMP_0986,2026-08,11789.46
COMP_0987,2025-02,5840.2
COMP_0987,2025-03,229324.73
COMP_0987,2025-04,441161.6
COMP_0987,2025-05,305899.2
COMP_0987,2025-06,276209.16
COMP_0987,2025-07,26095.96
COMP_0987,2025-08,164293.23
COMP_0987,2025-09,79746.88
COMP_0987,2025-10,1837.95
COMP_0987,2025-11,4499.28
COMP_0987,2025-12,2042.75
COMP_0987,2026-01,20893.76
COMP_0987,2026-02,72700.51
COMP_0987,2026-03,1431.05
COMP_0987,2026-04,5458.22
COMP_0987,2026-05,1451.02
COMP_0987,2026-06,7502.24
COMP_0987,2026-07,2891.14
COMP_0987,2026-08,1906.55
COMP_0988,2026-05,892837.56
COMP_0988,2026-06,547728.9
COMP_0988,2026-07,544781.9
COMP_0988,2026-08,42956.18
COMP_0989,2025-10,36651.94
COMP_0989,2025-11,32127.2
COMP_0989,2025-12,40772.94
COMP_0989,2026-01,40050.57
COMP_0989,2026-02,33988.37
COMP_0989,2026-03,33847.3
COMP_0989,2026-04,28980.07
COMP_0989,2026-05,28833.11
COMP_0989,2026-06,28697.4
COMP_0989,2026-07,25953.08
COMP_0989,2026-08,25923.08
COMP_0990,2026-04,398572.97
COMP_0990,2026-05,528161.25
COMP_0990,2026-06,950532.06
COMP_0990,2026-07,851022.9
COMP_0990,2026-08,779370.8
COMP_0991,2026-01,4268.04
COMP_0991,2026-02,1079.13
COMP_0991,2026-03,1969.36
COMP_0991,2026-04,1747.79
COMP_0991,2026-05,1617.74
COMP_0991,2026-06,1733.59
COMP_0991,2026-07,79918.85
COMP_0991,2026-08,2843.69
COMP_0992,2026-03,551350.06
COMP_0992,2026-04,105874.48
COMP_0992,2026-05,124961.22
COMP_0992,2026-06,538816.2
COMP_0992,2026-07,157920.72
COMP_0992,2026-08,12742.97
COMP_0993,2025-06,160054.8
COMP_0993,2025-07,309839.8
COMP_0993,2025-08,441965.94
COMP_0993,2025-09,548390
COMP_0993,2025-10,280379.75
COMP_0993,2025-11,174936.64
COMP_0993,2025-12,128344.28
COMP_0993,2026-01,90139.45
COMP_0993,2026-02,79286.33
COMP_0993,2026-03,92967.43
COMP_0993,2026-04,137161.95
COMP_0993,2026-05,356825.03
COMP_0993,2026-06,111855.71
COMP_0993,2026-07,144639.69
COMP_0993,2026-08,233655.23
COMP_0994,2025-02,58650.14
COMP_0994,2025-03,103920.37
COMP_0994,2025-04,314905.06
COMP_0994,2025-05,526655.7
COMP_0994,2025-06,37741.57
COMP_0994,2025-07,146732.3
COMP_0994,2025-08,13423.12
COMP_0994,2025-09,171094.38
COMP_0994,2025-10,1.7747809e+06
COMP_0994,2025-11,1.9079758e+06
COMP_0994,2025-12,1.6342754e+06
COMP_0994,2026-01,1.3015428e+06
COMP_0994,2026-02,1.517268e+06
COMP_0994,2026-03,1.6091412e+06
COMP_0994,2026-04,1.7454615e+06
COMP_0994,2026-05,1.9361479e+06
COMP_0994,2026-06,207972.5
COMP_0994,2026-07,150422.84
COMP_0994,2026-08,431671.22
COMP_0995,2025-06,327972.22
COMP_0995,2025-07,336418.9
COMP_0995,2025-08,425740.25
COMP_0995,2025-09,376039.22
COMP_0995,2025-10,178210.88
COMP_0995,2025-11,178364
COMP_0995,2025-12,530853.56
COMP_0995,2026-01,614896.5
COMP_0995,2026-02,534736.6
COMP_0995,2026-03,529675.5
COMP_0995,2026-04,571162.56
COMP_0995,2026-05,532333.4
COMP_0995,2026-06,648688.25
COMP_0995,2026-07,517765.66
COMP_0995,2026-08,741619.4
COMP_0996,2026-05,19886.05
COMP_0996,2026-06,71462.26
COMP_0996,2026-07,43845.39
COMP_0996,2026-08,27038.02
COMP_0997,2026-01,278956.88
COMP_0997,2026-02,267336.44
COMP_0997,2026-03,287226.44
COMP_0997,2026-04,307814.94
COMP_0997,2026-05,330354.12
COMP_0997,2026-06,349632.5
COMP_0997,2026-07,369011.38
COMP_0997,2026-08,392633.3
COMP_0998,2026-01,3.455622e+06
COMP_0998,2026-02,3.098972e+06
COMP_0998,2026-03,4.353843e+06
COMP_0998,2026-04,5.155502e+06
COMP_0998,2026-05,5.9168625e+06
COMP_0998,2026-06,3.164798e+06
COMP_0998,2026-07,2.5137842e+06
COMP_0998,2026-08,2.3735745e+06
COMP_0999,2025-06,361115.72
COMP_0999,2025-07,322928.3
COMP_0999,2025-08,305830.22
COMP_0999,2025-09,459036.16
COMP_0999,2025-10,514435.5
COMP_0999,2025-11,618332.3
COMP_0999,2025-12,647726.6
COMP_0999,2026-01,716526.44
COMP_0999,2026-02,695404
COMP_0999,2026-03,765254.7
COMP_0999,2026-04,760986
COMP_0999,2026-05,850676.56
COMP_0999,2026-06,923157.44
COMP_0999,2026-07,950341.75
COMP_0999,2026-08,925104.5
COMP_1000,2026-02,462940.4
COMP_1000,2026-03,407968.75
COMP_1000,2026-04,407968.75
COMP_1000,2026-05,407968.75
COMP_1000,2026-06,407968.75
COMP_1000,2026-07,407968.75
COMP_1000,2026-08,407968.75
COMP_1001,2025-02,-24710.64
COMP_1001,2025-03,-39015.5
COMP_1001,2025-04,-39521.58
COMP_1001,2025-05,-79793.65
COMP_1001,2025-06,53500.63
COMP_1001,2025-07,87179.9
COMP_1001,2025-08,85849.02
COMP_1001,2025-09,68404.68
COMP_1001,2025-10,83126.38
COMP_1001,2025-11,70255.24
COMP_1001,2025-12,48574.72
COMP_1001,2026-01,3040.71
COMP_1001,2026-02,58884.1
COMP_1001,2026-03,151056.84
COMP_1001,2026-04,11298.78
COMP_1001,2026-05,30170.45
COMP_1001,2026-06,129277.19
COMP_1001,2026-07,173225.84
COMP_1001,2026-08,148589.73
COMP_1002,2026-03,23255.14
COMP_1002,2026-04,216549.73
COMP_1002,2026-05,157258.16
COMP_1002,2026-06,-1.4551915e-11
COMP_1002,2026-07,-1.4551915e-11
COMP_1002,2026-08,0
COMP_1003,2025-02,1.4136174e+07
COMP_1003,2025-03,4.924956e+06
COMP_1003,2025-04,8.944276e+06
COMP_1003,2025-05,6.760862e+06
COMP_1003,2025-06,3.6869415e+06
COMP_1003,2025-07,6.2820285e+06
COMP_1003,2025-08,1.0664763e+07
COMP_1003,2025-09,1.476424e+07
COMP_1003,2025-10,1.5166047e+07
COMP_1003,2025-11,1.8467834e+07
COMP_1003,2025-12,9.213548e+06
COMP_1003,2026-01,1.5407439e+07
COMP_1003,2026-02,1.7169122e+07
COMP_1003,2026-03,4.439256e+06
COMP_1003,2026-04,-1.5175662e+06
COMP_1003,2026-05,258756.27
COMP_1003,2026-06,5.2540535e+06
COMP_1003,2026-07,1.3335305e+07
COMP_1003,2026-08,8.836669e+06
COMP_1004,2025-02,635819.2
COMP_1004,2025-03,192302.7
COMP_1004,2025-04,278907.16
COMP_1004,2025-05,271837.3
COMP_1004,2025-06,507593.38
COMP_1004,2025-07,651171.94
COMP_1004,2025-08,830169.3
COMP_1004,2025-09,1.078096e+06
COMP_1004,2025-10,1.2333239e+06
COMP_1004,2025-11,1.2700658e+06
COMP_1004,2025-12,1.3090122e+06
COMP_1004,2026-01,1.3197084e+06
COMP_1004,2026-02,1.3197084e+06
COMP_1004,2026-03,1.3197084e+06
COMP_1004,2026-04,1.3197084e+06
COMP_1004,2026-05,1.3197084e+06
COMP_1004,2026-06,1.3197084e+06
COMP_1004,2026-07,1.3197084e+06
COMP_1004,2026-08,1.3197084e+06
COMP_1005,2025-08,246490.27
COMP_1005,2025-09,240657.02
COMP_1005,2025-10,166691.05
COMP_1005,2025-11,321163.4
COMP_1005,2025-12,67768.61
COMP_1005,2026-01,182856.69
COMP_1005,2026-02,103054.55
COMP_1005,2026-03,225012.48
COMP_1005,2026-04,329954.9
COMP_1005,2026-05,142680.02
COMP_1005,2026-06,75317.01
COMP_1005,2026-07,204267
COMP_1005,2026-08,332777.34
COMP_1006,2025-02,265212.84
COMP_1006,2025-03,176431.2
COMP_1006,2025-04,174739.3
COMP_1006,2025-05,118216.12
COMP_1006,2025-06,394961.4
COMP_1006,2025-07,123413.92
COMP_1006,2025-08,159174.84
COMP_1006,2025-09,286388.9
COMP_1006,2025-10,370843.06
COMP_1006,2025-11,243611.94
COMP_1006,2025-12,142871.81
COMP_1006,2026-01,714200.4
COMP_1006,2026-02,501340
COMP_1006,2026-03,1.050148e+06
COMP_1006,2026-04,482324.47
COMP_1006,2026-05,1.3818776e+06
COMP_1006,2026-06,613417.8
COMP_1006,2026-07,640809
COMP_1006,2026-08,841065.4
COMP_1007,2025-02,208155.28
COMP_1007,2025-03,400521.62
COMP_1007,2025-04,291389.1
COMP_1007,2025-05,389865.2
COMP_1007,2025-06,553687.4
COMP_1007,2025-07,494491.56
COMP_1007,2025-08,624329.75
COMP_1007,2025-09,682714.3
COMP_1007,2025-10,507953.4
COMP_1007,2025-11,560175
COMP_1007,2025-12,654276.9
COMP_1007,2026-01,584189.75
COMP_1007,2026-02,636716
COMP_1007,2026-03,311877.8
COMP_1007,2026-04,343001.84
COMP_1007,2026-05,856449.44
COMP_1007,2026-06,335813.9
COMP_1007,2026-07,291887.44
COMP_1007,2026-08,444651.3
COMP_1008,2025-02,1.2238491e+06
COMP_1008,2025-03,1.1511078e+06
COMP_1008,2025-04,1.1416028e+06
COMP_1008,2025-05,287905.4
COMP_1008,2025-06,1.7193982e+06
COMP_1008,2025-07,6.9510465e+06
COMP_1008,2025-08,5.727608e+06
COMP_1008,2025-09,5.4385145e+06
COMP_1008,2025-10,3.7840718e+06
COMP_1008,2025-11,2.186583e+06
COMP_1008,2025-12,1.6573898e+06
COMP_1008,2026-01,2.0651602e+06
COMP_1008,2026-02,2.8239125e+06
COMP_1008,2026-03,3.5845428e+06
COMP_1008,2026-04,2.893583e+06
COMP_1008,2026-05,1.01816394e+06
COMP_1008,2026-06,2.1481572e+06
COMP_1008,2026-07,1.9143126e+06
COMP_1008,2026-08,3.31409e+06
COMP_1009,2025-07,29133.83
COMP_1009,2025-08,29133.83
COMP_1009,2025-09,26895.33
COMP_1009,2025-10,26686.93
COMP_1009,2025-11,26777.58
COMP_1009,2025-12,61822.93
COMP_1009,2026-01,48239.72
COMP_1009,2026-02,48158.61
COMP_1009,2026-03,48158.61
COMP_1009,2026-04,48079.18
COMP_1009,2026-05,48732.89
COMP_1009,2026-06,48732.89
COMP_1009,2026-07,45971.79
COMP_1009,2026-08,46016.67
COMP_1010,2026-07,103419.32
COMP_1010,2026-08,86630.37
COMP_1011,2025-03,50275.93
COMP_1011,2025-04,61706.53
COMP_1011,2025-05,60243.26
COMP_1011,2025-06,51994.88
COMP_1011,2025-07,94201.22
COMP_1011,2025-08,40166.09
COMP_1011,2025-09,71843.81
COMP_1011,2025-10,72631.06
COMP_1011,2025-11,67955.7
COMP_1011,2025-12,79742.38
COMP_1011,2026-01,32138
COMP_1011,2026-02,26565.96
COMP_1011,2026-03,25807.33
COMP_1011,2026-04,28116.69
COMP_1011,2026-05,79006.32
COMP_1011,2026-06,53269.82
COMP_1011,2026-07,27203.82
COMP_1011,2026-08,76641.95
COMP_1012,2026-04,447446.53
COMP_1012,2026-05,1.5365241e+06
COMP_1012,2026-06,1.1599818e+06
COMP_1012,2026-07,3.2677275e+06
COMP_1012,2026-08,466116.6
COMP_1013,2025-03,143684.38
COMP_1013,2025-04,267399.53
COMP_1013,2025-05,295810.5
COMP_1013,2025-06,259340.31
COMP_1013,2025-07,260115.75
COMP_1013,2025-08,186356.52
COMP_1013,2025-09,186989.23
COMP_1013,2025-10,186011.53
COMP_1013,2025-11,89401.29
COMP_1013,2025-12,6126.57
COMP_1013,2026-01,48070.45
COMP_1013,2026-02,271161.44
COMP_1013,2026-03,176301.2
COMP_1013,2026-04,64712.87
COMP_1013,2026-05,46761.4
COMP_1013,2026-06,75123.03
COMP_1013,2026-07,153896.53
COMP_1013,2026-08,11369.68
COMP_1014,2025-06,1.0813139e+06
COMP_1014,2025-07,1.7028564e+06
COMP_1014,2025-08,1.0498335e+06
COMP_1014,2025-09,1.4138848e+06
COMP_1014,2025-10,1.5194016e+06
COMP_1014,2025-11,1.3942401e+06
COMP_1014,2025-12,1.5319741e+06
COMP_1014,2026-01,1.9335068e+06
COMP_1014,2026-02,2.4004352e+06
COMP_1014,2026-03,2.222328e+06
COMP_1014,2026-04,2.0532478e+06
COMP_1014,2026-05,930116.6
COMP_1014,2026-06,642117.4
COMP_1014,2026-07,649874.9
COMP_1014,2026-08,526684.5
COMP_1015,2025-03,186391.12
COMP_1015,2025-04,496064.25
COMP_1015,2025-05,877251.3
COMP_1015,2025-06,1.8494684e+06
COMP_1015,2025-07,2.5738795e+06
COMP_1015,2025-08,4.643984e+06
COMP_1015,2025-09,5.2863295e+06
COMP_1015,2025-10,2.2368388e+06
COMP_1015,2025-11,43345.59
COMP_1015,2025-12,289538.38
COMP_1015,2026-01,-168046.81
COMP_1015,2026-02,190650.66
COMP_1015,2026-03,70449.72
COMP_1015,2026-04,-15703.32
COMP_1015,2026-05,416.59
COMP_1015,2026-06,257.2
COMP_1015,2026-07,350.66
COMP_1015,2026-08,89.01
COMP_1016,2026-06,197998.1
COMP_1016,2026-07,148728.34
COMP_1016,2026-08,218087.23
COMP_1017,2025-09,1.2384079e+06
COMP_1017,2025-10,468661.44
COMP_1017,2025-11,450866.38
COMP_1017,2025-12,357808
COMP_1017,2026-01,363191.88
COMP_1017,2026-02,358310.47
COMP_1017,2026-03,704232.3
COMP_1017,2026-04,405633
COMP_1017,2026-05,312612.8
COMP_1017,2026-06,280628.53
COMP_1017,2026-07,416623.94
COMP_1017,2026-08,914628.5
COMP_1018,2026-03,712579.7
COMP_1018,2026-04,1.1298261e+06
COMP_1018,2026-05,1.00977406e+06
COMP_1018,2026-06,1.1599264e+06
COMP_1018,2026-07,1.2719075e+06
COMP_1018,2026-08,988828.4
COMP_1019,2025-02,2176.65
COMP_1019,2025-03,3194.61
COMP_1019,2025-04,1982.07
COMP_1019,2025-05,9371
COMP_1019,2025-06,4610.88
COMP_1019,2025-07,10504.52
COMP_1019,2025-08,6309.09
COMP_1019,2025-09,1697.82
COMP_1019,2025-10,2662.17
COMP_1019,2025-11,29277.27
COMP_1019,2025-12,24147.3
COMP_1019,2026-01,152063.95
COMP_1019,2026-02,94291.47
COMP_1019,2026-03,95771.96
COMP_1019,2026-04,70138.19
COMP_1019,2026-05,82384.93
COMP_1019,2026-06,63890.48
COMP_1019,2026-07,66142.87
COMP_1019,2026-08,68034.68
COMP_1020,2026-02,151376.66
COMP_1020,2026-03,122271.76
COMP_1020,2026-04,106905.64
COMP_1020,2026-05,93384.3
COMP_1020,2026-06,105232.6
COMP_1020,2026-07,14419.73
COMP_1020,2026-08,47840.77
COMP_1021,2026-05,247602.27
COMP_1021,2026-06,191228.88
COMP_1021,2026-07,159130.4
COMP_1021,2026-08,263812.28
COMP_1022,2025-02,6.901516e+06
COMP_1022,2025-03,7.912164e+06
COMP_1022,2025-04,9.609806e+06
COMP_1022,2025-05,1.0122825e+07
COMP_1022,2025-06,1.2360002e+07
COMP_1022,2025-07,1.3543758e+07
COMP_1022,2025-08,1.4194398e+07
COMP_1022,2025-09,4.659287e+06
COMP_1022,2025-10,5.511246e+06
COMP_1022,2025-11,6.0760375e+06
COMP_1022,2025-12,6.9821365e+06
COMP_1022,2026-01,8.073449e+06
COMP_1022,2026-02,9.478079e+06
COMP_1022,2026-03,1.0958024e+07
COMP_1022,2026-04,1.2180099e+07
COMP_1022,2026-05,1.2905876e+07
COMP_1022,2026-06,1.3813196e+07
COMP_1022,2026-07,1.4984754e+07
COMP_1022,2026-08,1.5639328e+07
COMP_1023,2026-06,2.9832468e+06
COMP_1023,2026-07,897553.06
COMP_1023,2026-08,421120.16
COMP_1024,2025-06,280482.03
COMP_1024,2025-07,322074.53
COMP_1024,2025-08,379850.1
COMP_1024,2025-09,390863.44
COMP_1024,2025-10,162602.02
COMP_1024,2025-11,115404.1
COMP_1024,2025-12,94641.82
COMP_1024,2026-01,73970.34
COMP_1024,2026-02,132143.56
COMP_1024,2026-03,178080.8
COMP_1024,2026-04,204449.11
COMP_1024,2026-05,232358.2
COMP_1024,2026-06,258701.14
COMP_1024,2026-07,346561.28
COMP_1024,2026-08,497485.7
COMP_1025,2026-04,73900.45
COMP_1025,2026-05,83070.15
COMP_1025,2026-06,186969.73
COMP_1025,2026-07,-16800.59
COMP_1025,2026-08,-60265.19
COMP_1026,2026-07,45109.15
COMP_1026,2026-08,19672.26
COMP_1027,2025-05,29795.37
COMP_1027,2025-06,29395.34
COMP_1027,2025-07,24471.06
COMP_1027,2025-08,30714.91
COMP_1027,2025-09,19333.73
COMP_1027,2025-10,11786.76
COMP_1027,2025-11,9911.85
COMP_1027,2025-12,6911.8
COMP_1027,2026-01,5640.42
COMP_1027,2026-02,4978.7
COMP_1027,2026-03,8188.61
COMP_1027,2026-04,6343.78
COMP_1027,2026-05,4761.57
COMP_1027,2026-06,3000.03
COMP_1027,2026-07,7910.7
COMP_1027,2026-08,6395.63
COMP_1028,2026-06,124827.11
COMP_1028,2026-07,98492.09
COMP_1028,2026-08,149353.66
COMP_1029,2025-02,283624.06
COMP_1029,2025-03,282279.53
COMP_1029,2025-04,281249.34
COMP_1029,2025-05,179062.88
COMP_1029,2025-06,176893.3
COMP_1029,2025-07,281761.97
COMP_1029,2025-08,280401.94
COMP_1029,2025-09,276172.06
COMP_1029,2025-10,273844.8
COMP_1029,2025-11,640963.5
COMP_1029,2025-12,20366.36
COMP_1029,2026-01,62757.58
COMP_1029,2026-02,16141.08
COMP_1029,2026-03,15688.06
COMP_1029,2026-04,15408.53
COMP_1029,2026-05,11715.73
COMP_1029,2026-06,2242.79
COMP_1029,2026-07,1277.32
COMP_1029,2026-08,1924.09
COMP_1030,2025-09,149474.62
COMP_1030,2025-10,49540.21
COMP_1030,2025-11,50090.6
COMP_1030,2025-12,173846.06
COMP_1030,2026-01,93162.35
COMP_1030,2026-02,96997.96
COMP_1030,2026-03,55223.75
COMP_1030,2026-04,5666.89
COMP_1030,2026-05,15208.33
COMP_1030,2026-06,104479.17
COMP_1030,2026-07,514903
COMP_1030,2026-08,20220.75
COMP_1031,2025-06,-1.039775e+07
COMP_1031,2025-07,-1.2597292e+07
COMP_1031,2025-08,-1.3452528e+07
COMP_1031,2025-09,-3.704134e+06
COMP_1031,2025-10,-5.092636e+06
COMP_1031,2025-11,1.3755264e+07
COMP_1031,2025-12,1.5092759e+07
COMP_1031,2026-01,1.4465115e+07
COMP_1031,2026-02,9.552869e+06
COMP_1031,2026-03,7.751904e+06
COMP_1031,2026-04,6.874842e+06
COMP_1031,2026-05,6.8149495e+06
COMP_1031,2026-06,5.389106e+06
COMP_1031,2026-07,1.997164e+06
COMP_1031,2026-08,2.0554132e+06
COMP_1032,2025-06,32708.44
COMP_1032,2025-07,32678.44
COMP_1032,2025-08,27595.11
COMP_1032,2025-09,27480.93
COMP_1032,2025-10,27450.93
COMP_1032,2025-11,27177.72
COMP_1032,2025-12,27316.69
COMP_1032,2026-01,27041.79
COMP_1032,2026-02,27041.79
COMP_1032,2026-03,26879.11
COMP_1032,2026-04,29614.22
COMP_1032,2026-05,29461.41
COMP_1032,2026-06,29461.41
COMP_1032,2026-07,27258.34
COMP_1032,2026-08,27258.34
COMP_1033,2025-02,16037.22
COMP_1033,2025-03,3028.59
COMP_1033,2025-04,38374.12
COMP_1033,2025-05,33365.12
COMP_1033,2025-06,43426.47
COMP_1033,2025-07,10490.83
COMP_1033,2025-08,13109.85
COMP_1033,2025-09,42098.05
COMP_1033,2025-10,3115.66
COMP_1033,2025-11,6802.82
COMP_1033,2025-12,21732.7
COMP_1033,2026-01,10789.86
COMP_1033,2026-02,18242.72
COMP_1033,2026-03,27572.27
COMP_1033,2026-04,46277.34
COMP_1033,2026-05,31454.66
COMP_1033,2026-06,38011.14
COMP_1033,2026-07,25396.73
COMP_1033,2026-08,18707.12
COMP_1034,2026-06,986862
COMP_1034,2026-07,975992.25
COMP_1034,2026-08,660664.9
COMP_1035,2025-06,9403.94
COMP_1035,2025-07,10928.48
COMP_1035,2025-08,19183.41
COMP_1035,2025-09,344880.8
COMP_1035,2025-10,87710.37
COMP_1035,2025-11,83136.96
COMP_1035,2025-12,32417.14
COMP_1035,2026-01,21918
COMP_1035,2026-02,14499.6
COMP_1035,2026-03,37584.79
COMP_1035,2026-04,10842.4
COMP_1035,2026-05,155303.3
COMP_1035,2026-06,36400.36
COMP_1035,2026-07,33139.98
COMP_1035,2026-08,3147.2
COMP_1037,2025-06,56865.08
COMP_1037,2025-07,20182.28
COMP_1037,2025-08,16140.26
COMP_1037,2025-09,34209.53
COMP_1037,2025-10,74969.29
COMP_1037,2025-11,356329.03
COMP_1037,2025-12,103377.37
COMP_1037,2026-01,114594.77
COMP_1037,2026-02,144479.12
COMP_1037,2026-03,194747.86
COMP_1037,2026-04,330023.12
COMP_1037,2026-05,305926.47
COMP_1037,2026-06,314212.4
COMP_1037,2026-07,185720.42
COMP_1037,2026-08,126974.59
COMP_1038,2025-06,2.445128e+06
COMP_1038,2025-07,2.370387e+06
COMP_1038,2025-08,2.0720726e+06
COMP_1038,2025-09,916608.1
COMP_1038,2025-10,1.1220114e+06
COMP_1038,2025-11,365906.47
COMP_1038,2025-12,272932.25
COMP_1038,2026-01,117500.09
COMP_1038,2026-02,110642.3
COMP_1038,2026-03,123079.84
COMP_1038,2026-04,119599.01
COMP_1038,2026-05,116051.26
COMP_1038,2026-06,125640.18
COMP_1038,2026-07,371523.38
COMP_1038,2026-08,885423.3
COMP_1039,2025-02,28695.47
COMP_1039,2025-03,0.47
COMP_1039,2025-04,0.47
COMP_1039,2025-05,0.47
COMP_1039,2025-06,56903.82
COMP_1039,2025-07,16972.83
COMP_1039,2025-08,29887.67
COMP_1039,2025-09,83571.45
COMP_1039,2025-10,3577.08
COMP_1039,2025-11,23272.06
COMP_1039,2025-12,-664.55
COMP_1039,2026-01,40087.34
COMP_1039,2026-02,45486.2
COMP_1039,2026-03,17016.87
COMP_1039,2026-04,1819.26
COMP_1039,2026-05,-1782.93
COMP_1039,2026-06,-77667.64
COMP_1039,2026-07,-137149.53
COMP_1039,2026-08,-73405.78
COMP_1040,2026-02,189362.72
COMP_1040,2026-03,191642.84
COMP_1040,2026-04,144158.83
COMP_1040,2026-05,166262.34
COMP_1040,2026-06,183942.25
COMP_1040,2026-07,213345.7
COMP_1040,2026-08,119634.08
COMP_1041,2026-06,333920.75
COMP_1041,2026-07,162336.77
COMP_1041,2026-08,144829.88
COMP_1042,2025-02,1.6352712e+06
COMP_1042,2025-03,1.6354532e+06
COMP_1042,2025-04,1.7788002e+06
COMP_1042,2025-05,1.7788002e+06
COMP_1042,2025-06,1.7788002e+06
COMP_1042,2025-07,1.7788002e+06
COMP_1042,2025-08,1.7788002e+06
COMP_1042,2025-09,1.7807002e+06
COMP_1042,2025-10,1.8130002e+06
COMP_1042,2025-11,1.8035002e+06
COMP_1042,2025-12,1.8035002e+06
COMP_1042,2026-01,1.8035002e+06
COMP_1042,2026-02,1.8035002e+06
COMP_1042,2026-03,1.8035002e+06
COMP_1042,2026-04,1.8035002e+06
COMP_1042,2026-05,1.8022802e+06
COMP_1042,2026-06,2.8991802e+06
COMP_1042,2026-07,2.8991802e+06
COMP_1042,2026-08,2.8991802e+06
COMP_1043,2026-05,23877.56
COMP_1043,2026-06,-1.902663e-09
COMP_1043,2026-07,-1.4915713e-09
COMP_1043,2026-08,-3.7252903e-09
COMP_1044,2026-07,4.9560835e+06
COMP_1044,2026-08,1.635485e+06
COMP_1045,2025-02,132328.61
COMP_1045,2025-03,137888.11
COMP_1045,2025-04,151952.7
COMP_1045,2025-05,130647.36
COMP_1045,2025-06,127969.09
COMP_1045,2025-07,119311.33
COMP_1045,2025-08,119141.73
COMP_1045,2025-09,110097.2
COMP_1045,2025-10,73820.17
COMP_1045,2025-11,77905.72
COMP_1045,2025-12,49940.79
COMP_1045,2026-01,68269.54
COMP_1045,2026-02,62539.1
COMP_1045,2026-03,84688.67
COMP_1045,2026-04,89022.22
COMP_1045,2026-05,98690.81
COMP_1045,2026-06,99683.82
COMP_1045,2026-07,106451.75
COMP_1045,2026-08,104223.84
COMP_1046,2025-03,58278.26
COMP_1046,2025-04,68351.16
COMP_1046,2025-05,407061.5
COMP_1046,2025-06,63191.33
COMP_1046,2025-07,228910.77
COMP_1046,2025-08,206086.61
COMP_1046,2025-09,116969.68
COMP_1046,2025-10,7620.21
COMP_1046,2025-11,6070.67
COMP_1046,2025-12,2386.51
COMP_1046,2026-01,2386.51
COMP_1046,2026-02,2386.51
COMP_1046,2026-03,2386.51
COMP_1046,2026-04,2386.51
COMP_1046,2026-05,2386.51
COMP_1046,2026-06,2386.51
COMP_1046,2026-07,2386.51
COMP_1046,2026-08,2386.51
COMP_1047,2025-06,-272481.9
COMP_1047,2025-07,-397188.06
COMP_1047,2025-08,-398885.12
COMP_1047,2025-09,-389824.16
COMP_1047,2025-10,-361608.06
COMP_1047,2025-11,-390819.94
COMP_1047,2025-12,-398885.12
COMP_1047,2026-01,-398282
COMP_1047,2026-02,-397265.44
COMP_1047,2026-03,-348779.16
COMP_1047,2026-04,-393119.47
COMP_1047,2026-05,341343.16
COMP_1047,2026-06,405356.34
COMP_1047,2026-07,273994.47
COMP_1047,2026-08,306268.47
COMP_1048,2025-06,563567.3
COMP_1048,2025-07,1.0837458e+06
COMP_1048,2025-08,1.6048351e+06
COMP_1048,2025-09,1.8328224e+06
COMP_1048,2025-10,1.5905306e+06
COMP_1048,2025-11,1.3224209e+06
COMP_1048,2025-12,1.3306268e+06
COMP_1048,2026-01,1.0143996e+06
COMP_1048,2026-02,798504.5
COMP_1048,2026-03,771801
COMP_1048,2026-04,706546.94
COMP_1048,2026-05,652847.6
COMP_1048,2026-06,1.0783648e+06
COMP_1048,2026-07,1.6162808e+06
COMP_1048,2026-08,2.0710908e+06
COMP_1049,2026-06,25301.2
COMP_1049,2026-07,66080.51
COMP_1049,2026-08,88154.29
COMP_1050,2026-07,1.6130359e+06
COMP_1050,2026-08,1.8268859e+06
COMP_1051,2025-05,11021.34
COMP_1051,2025-06,11466.2
COMP_1051,2025-07,10531.4
COMP_1051,2025-08,12326.83
COMP_1051,2025-09,13222.05
COMP_1051,2025-10,13068.99
COMP_1051,2025-11,16210.97
COMP_1051,2025-12,20097.75
COMP_1051,2026-01,22304.89
COMP_1051,2026-02,22304.89
COMP_1051,2026-03,22303.39
COMP_1051,2026-04,21341.47
COMP_1051,2026-05,21341.47
COMP_1051,2026-06,21285.97
COMP_1051,2026-07,17009.56
COMP_1051,2026-08,17009.56
COMP_1052,2025-06,28334.35
COMP_1052,2025-07,19473.11
COMP_1052,2025-08,8594.47
COMP_1052,2025-09,2097.08
COMP_1052,2025-10,-6222.72
COMP_1052,2025-11,5952.07
COMP_1052,2025-12,3047.57
COMP_1052,2026-01,7975.13
COMP_1052,2026-02,10815.83
COMP_1052,2026-03,1158.62
COMP_1052,2026-04,72204.42
COMP_1052,2026-05,69300.58
COMP_1052,2026-06,24970.14
COMP_1052,2026-07,84857.39
COMP_1052,2026-08,54692.42
COMP_1054,2025-02,181275.94
COMP_1054,2025-03,181272.94
COMP_1054,2025-04,329916.03
COMP_1054,2025-05,404401.3
COMP_1054,2025-06,404401.3
COMP_1054,2025-07,439524.47
COMP_1054,2025-08,439524.47
COMP_1054,2025-09,439524.47
COMP_1054,2025-10,501977.34
COMP_1054,2025-11,501935
COMP_1054,2025-12,633045.5
COMP_1054,2026-01,22662.63
COMP_1054,2026-02,89213.21
COMP_1054,2026-03,121848.95
COMP_1054,2026-04,63906.8
COMP_1054,2026-05,102279.78
COMP_1054,2026-06,45982.23
COMP_1054,2026-07,58960.69
COMP_1054,2026-08,94152.55
COMP_1055,2026-01,18476.95
COMP_1055,2026-02,4012.87
COMP_1055,2026-03,4944.12
COMP_1055,2026-04,1159.49
COMP_1055,2026-05,11881.24
COMP_1055,2026-06,7470.47
COMP_1055,2026-07,34442.82
COMP_1055,2026-08,47285.07
COMP_1056,2026-07,1.6774869e+06
COMP_1056,2026-08,106351.99
COMP_1057,2025-12,4088.79
COMP_1057,2026-01,4312.06
COMP_1057,2026-02,11687.81
COMP_1057,2026-03,6912.55
COMP_1057,2026-04,8717.95
COMP_1057,2026-05,7051.94
COMP_1057,2026-06,14357.27
COMP_1057,2026-07,19665.78
COMP_1057,2026-08,9315.29
COMP_1058,2025-06,65496.84
COMP_1058,2025-07,15920.41
COMP_1058,2025-08,11996.64
COMP_1058,2025-09,6660.19
COMP_1058,2025-10,11759.04
COMP_1058,2025-11,8111.34
COMP_1058,2025-12,23045.45
COMP_1058,2026-01,18769.85
COMP_1058,2026-02,11947.69
COMP_1058,2026-03,13388.33
COMP_1058,2026-04,13364.3
COMP_1058,2026-05,13184.23
COMP_1058,2026-06,5776.54
COMP_1058,2026-07,29836.24
COMP_1058,2026-08,18803.01
COMP_1059,2025-10,48398.88
COMP_1059,2025-11,69560.36
COMP_1059,2025-12,116173.05
COMP_1059,2026-01,106582.65
COMP_1059,2026-02,54547.22
COMP_1059,2026-03,53236.22
COMP_1059,2026-04,196299.66
COMP_1059,2026-05,83774.97
COMP_1059,2026-06,51363.41
COMP_1059,2026-07,84719.58
COMP_1059,2026-08,97022.36
COMP_1060,2026-07,144307.73
COMP_1060,2026-08,177589.64
COMP_1061,2025-02,8685.62
COMP_1061,2025-03,-20393.8
COMP_1061,2025-04,18859
COMP_1061,2025-05,16197.42
COMP_1061,2025-06,24664.4
COMP_1061,2025-07,27535.59
COMP_1061,2025-08,14955.48
COMP_1061,2025-09,12454.2
COMP_1061,2025-10,19051.23
COMP_1061,2025-11,-4273.93
COMP_1061,2025-12,5413.92
COMP_1061,2026-01,27289.74
COMP_1061,2026-02,7092.58
COMP_1061,2026-03,17476.85
COMP_1061,2026-04,115796.96
COMP_1061,2026-05,129229.71
COMP_1061,2026-06,96268.84
COMP_1061,2026-07,140894.22
COMP_1061,2026-08,180420.72
COMP_1062,2026-06,444589.4
COMP_1062,2026-07,318295.84
COMP_1062,2026-08,129302.74
COMP_1063,2025-06,322399.4
COMP_1063,2025-07,288205.6
COMP_1063,2025-08,216983.7
COMP_1063,2025-09,378048.1
COMP_1063,2025-10,528192.8
COMP_1063,2025-11,605669.94
COMP_1063,2025-12,764383.56
COMP_1063,2026-01,813710.7
COMP_1063,2026-02,743025.2
COMP_1063,2026-03,876109.44
COMP_1063,2026-04,887298.9
COMP_1063,2026-05,965132.56
COMP_1063,2026-06,1.0277887e+06
COMP_1063,2026-07,1.00733706e+06
COMP_1063,2026-08,1.032214e+06
COMP_1064,2025-08,20546.32
COMP_1064,2025-09,27977.4
COMP_1064,2025-10,21460.14
COMP_1064,2025-11,24491.74
COMP_1064,2025-12,19749.09
COMP_1064,2026-01,9433.51
COMP_1064,2026-02,13418.66
COMP_1064,2026-03,11256.85
COMP_1064,2026-04,13708.25
COMP_1064,2026-05,12393.35
COMP_1064,2026-06,15854.36
COMP_1064,2026-07,16005.75
COMP_1064,2026-08,33249.37
COMP_1065,2025-08,987899
COMP_1065,2025-09,987899
COMP_1065,2025-10,987899
COMP_1065,2025-11,987899
COMP_1065,2025-12,987899
COMP_1065,2026-01,987899
COMP_1065,2026-02,987899
COMP_1065,2026-03,1.1171199e+06
COMP_1065,2026-04,1.0684662e+06
COMP_1065,2026-05,1.0918922e+06
COMP_1065,2026-06,1.0918922e+06
COMP_1065,2026-07,1.0918922e+06
COMP_1065,2026-08,1.0918922e+06
COMP_1066,2025-12,2.38243e+06
COMP_1066,2026-01,1.5365019e+06
COMP_1066,2026-02,1.1419558e+06
COMP_1066,2026-03,680451.25
COMP_1066,2026-04,515166.44
COMP_1066,2026-05,573076.5
COMP_1066,2026-06,482879.06
COMP_1066,2026-07,690573.4
COMP_1066,2026-08,956068.6
COMP_1067,2025-11,3.215728e+06
COMP_1067,2025-12,3.184459e+06
COMP_1067,2026-01,3.188244e+06
COMP_1067,2026-02,4.046939e+06
COMP_1067,2026-03,1.0981575e+06
COMP_1067,2026-04,1.1595441e+06
COMP_1067,2026-05,2.4717542e+06
COMP_1067,2026-06,3.076344e+06
COMP_1067,2026-07,3.4384848e+06
COMP_1067,2026-08,4.1144835e+06
COMP_1068,2026-07,9.999999e+10
COMP_1068,2026-08,9.999999e+10
COMP_1069,2025-02,1089.66
COMP_1069,2025-03,1972.16
COMP_1069,2025-04,1222.16
COMP_1069,2025-05,1655.16
COMP_1069,2025-06,803.68
COMP_1069,2025-07,20251.82
COMP_1069,2025-08,7706.17
COMP_1069,2025-09,2358.17
COMP_1069,2025-10,2560.17
COMP_1069,2025-11,3033.67
COMP_1069,2025-12,2867.02
COMP_1069,2026-01,6074.53
COMP_1069,2026-02,2712.15
COMP_1069,2026-03,6771.33
COMP_1069,2026-04,4793.21
COMP_1069,2026-05,4173.89
COMP_1069,2026-06,12571.81
COMP_1069,2026-07,133731.61
COMP_1069,2026-08,10507.12
COMP_1070,2025-08,419295.25
COMP_1070,2025-09,310473
COMP_1070,2025-10,319918.16
COMP_1070,2025-11,286535.8
COMP_1070,2025-12,332795.8
COMP_1070,2026-01,300382
COMP_1070,2026-02,286190.6
COMP_1070,2026-03,296194.25
COMP_1070,2026-04,152098.44
COMP_1070,2026-05,216421.83
COMP_1070,2026-06,161766.69
COMP_1070,2026-07,86081.27
COMP_1070,2026-08,348273.28
COMP_1071,2026-05,21720.07
COMP_1071,2026-06,13350.01
COMP_1071,2026-07,3798.46
COMP_1071,2026-08,7285.13
COMP_1072,2025-06,8034.31
COMP_1072,2025-07,-426.3
COMP_1072,2025-08,4146.55
COMP_1072,2025-09,32888.55
COMP_1072,2025-10,12048.59
COMP_1072,2025-11,166277.08
COMP_1072,2025-12,44115.91
COMP_1072,2026-01,74037.34
COMP_1072,2026-02,168280.89
COMP_1072,2026-03,85299.45
COMP_1072,2026-04,273681.25
COMP_1072,2026-05,364216.3
COMP_1072,2026-06,146600.8
COMP_1072,2026-07,197229.12
COMP_1072,2026-08,41412.98
COMP_1073,2025-02,6586.06
COMP_1073,2025-03,6586.06
COMP_1073,2025-04,6579.86
COMP_1073,2025-05,3136.06
COMP_1073,2025-06,3136.06
COMP_1073,2025-07,2934.84
COMP_1073,2025-08,2440.63
COMP_1073,2025-09,2380.63
COMP_1073,2025-10,1180.42
COMP_1073,2025-11,1180.42
COMP_1073,2025-12,1180.42
COMP_1073,2026-01,5545.95
COMP_1073,2026-02,5545.95
COMP_1073,2026-03,5485.95
COMP_1073,2026-04,5485.95
COMP_1073,2026-05,5485.95
COMP_1073,2026-06,4734.3
COMP_1073,2026-07,4732.77
COMP_1073,2026-08,4238.56
COMP_1074,2025-09,39729.16
COMP_1074,2025-10,55447.46
COMP_1074,2025-11,39835.01
COMP_1074,2025-12,34280.08
COMP_1074,2026-01,15340.79
COMP_1074,2026-02,5510.66
COMP_1074,2026-03,23686.78
COMP_1074,2026-04,36381.88
COMP_1074,2026-05,12655.54
COMP_1074,2026-06,6943.44
COMP_1074,2026-07,45948.9
COMP_1074,2026-08,18432.14
COMP_1075,2026-03,385748.84
COMP_1075,2026-04,1.3010134e+06
COMP_1075,2026-05,639476.3
COMP_1075,2026-06,144619.02
COMP_1075,2026-07,39688.37
COMP_1075,2026-08,39821.62
COMP_1076,2025-10,2.0925484e-12
COMP_1076,2025-11,9.368506e-12
COMP_1076,2025-12,3.9115378e-12
COMP_1076,2026-01,3.3015368e-11
COMP_1076,2026-02,2.573941e-11
COMP_1076,2026-03,2.573941e-11
COMP_1076,2026-04,1.7895019e-11
COMP_1076,2026-05,1.607603e-11
COMP_1076,2026-06,1.5166535e-11
COMP_1076,2026-07,-1.2043699e-12
COMP_1076,2026-08,6.1461947e-13
COMP_1077,2025-06,216353.4
COMP_1077,2025-07,119134.06
COMP_1077,2025-08,165093.69
COMP_1077,2025-09,49431.01
COMP_1077,2025-10,118285.65
COMP_1077,2025-11,184804.8
COMP_1077,2025-12,41235.48
COMP_1077,2026-01,83354.99
COMP_1077,2026-02,121564.32
COMP_1077,2026-03,230243.64
COMP_1077,2026-04,332940.84
COMP_1077,2026-05,241302.23
COMP_1077,2026-06,235147.34
COMP_1077,2026-07,243304.17
COMP_1077,2026-08,161177.19
COMP_1078,2026-05,91260.03
COMP_1078,2026-06,61900.07
COMP_1078,2026-07,102670.02
COMP_1078,2026-08,64343.08
COMP_1079,2025-02,13656.11
COMP_1079,2025-03,15914.95
COMP_1079,2025-04,8200.54
COMP_1079,2025-05,36253.11
COMP_1079,2025-06,26813.76
COMP_1079,2025-07,43702.08
COMP_1079,2025-08,27055.22
COMP_1079,2025-09,32357.7
COMP_1079,2025-10,17480.11
COMP_1079,2025-11,24823.45
COMP_1079,2025-12,23169.76
COMP_1079,2026-01,16991.08
COMP_1079,2026-02,10010.14
COMP_1079,2026-03,2990.2
COMP_1079,2026-04,3810.16
COMP_1079,2026-05,22173.37
COMP_1079,2026-06,15134.56
COMP_1079,2026-07,1932.42
COMP_1079,2026-08,1866.56
COMP_1080,2026-06,129093.98
COMP_1080,2026-07,310987.03
COMP_1080,2026-08,336025.6
COMP_1081,2025-03,-91548.09
COMP_1081,2025-04,-119870.85
COMP_1081,2025-05,-127058.48
COMP_1081,2025-06,164904.94
COMP_1081,2025-07,477056.28
COMP_1081,2025-08,-83575.42
COMP_1081,2025-09,-95334.24
COMP_1081,2025-10,-354317.22
COMP_1081,2025-11,-298514.88
COMP_1081,2025-12,-554266.6
COMP_1081,2026-01,-587828.1
COMP_1081,2026-02,-591246.8
COMP_1081,2026-03,-570516.44
COMP_1081,2026-04,-486139.97
COMP_1081,2026-05,-537429.06
COMP_1081,2026-06,198151.16
COMP_1081,2026-07,950716.25
COMP_1081,2026-08,-572399.8
COMP_1082,2025-02,376311.44
COMP_1082,2025-03,72068.31
COMP_1082,2025-04,107219.83
COMP_1082,2025-05,564959.8
COMP_1082,2025-06,111501.76
COMP_1082,2025-07,61613.41
COMP_1082,2025-08,64205.47
COMP_1082,2025-09,72291.79
COMP_1082,2025-10,68560.28
COMP_1082,2025-11,65825.62
COMP_1082,2025-12,62346.78
COMP_1082,2026-01,63482.09
COMP_1082,2026-02,71396.52
COMP_1082,2026-03,79877.68
COMP_1082,2026-04,85914.17
COMP_1082,2026-05,104881.67
COMP_1082,2026-06,98986.13
COMP_1082,2026-07,65371.19
COMP_1082,2026-08,76504.38
COMP_1083,2026-03,18454.14
COMP_1083,2026-04,19592.62
COMP_1083,2026-05,36125.99
COMP_1083,2026-06,29890.51
COMP_1083,2026-07,25846.01
COMP_1083,2026-08,53205.29
COMP_1084,2025-08,2.7867486e-11
COMP_1084,2025-09,2.5025315e-11
COMP_1084,2025-10,2.0662583e-11
COMP_1084,2025-11,1.629985e-11
COMP_1084,2025-12,1.629985e-11
COMP_1084,2026-01,9.023893e-12
COMP_1084,2026-02,1.7479351e-12
COMP_1084,2026-03,1.7479351e-12
COMP_1084,2026-04,0
COMP_1084,2026-05,0
COMP_1084,2026-06,0
COMP_1084,2026-07,0
COMP_1084,2026-08,0
COMP_1085,2025-08,45591.67
COMP_1085,2025-09,34751.42
COMP_1085,2025-10,22520.65
COMP_1085,2025-11,21917.64
COMP_1085,2025-12,15415.31
COMP_1085,2026-01,11770.74
COMP_1085,2026-02,21564.15
COMP_1085,2026-03,21029.23
COMP_1085,2026-04,18457.73
COMP_1085,2026-05,17615.43
COMP_1085,2026-06,14107.92
COMP_1085,2026-07,12329.41
COMP_1085,2026-08,11801.16
COMP_1086,2025-02,7524.7
COMP_1086,2025-03,5838.87
COMP_1086,2025-04,6529.38
COMP_1086,2025-05,5288.69
COMP_1086,2025-06,5196.12
COMP_1086,2025-07,5324.94
COMP_1086,2025-08,5196.13
COMP_1086,2025-09,5196.13
COMP_1086,2025-10,5758.65
COMP_1086,2025-11,11261.57
COMP_1086,2025-12,5641.7
COMP_1086,2026-01,6712.71
COMP_1086,2026-02,6180.92
COMP_1086,2026-03,8537.34
COMP_1086,2026-04,6169.73
COMP_1086,2026-05,5525.94
COMP_1086,2026-06,6915.7
COMP_1086,2026-07,7487.31
COMP_1086,2026-08,5691.18
COMP_1087,2026-03,104200.66
COMP_1087,2026-04,2385.94
COMP_1087,2026-05,80435.2
COMP_1087,2026-06,18281.66
COMP_1087,2026-07,20242.81
COMP_1087,2026-08,-905.79
COMP_1088,2026-04,172490.48
COMP_1088,2026-05,113555.81
COMP_1088,2026-06,112865.92
COMP_1088,2026-07,27661.8
COMP_1088,2026-08,27298.44
COMP_1089,2025-06,49919.91
COMP_1089,2025-07,-23629.99
COMP_1089,2025-08,-7409.62
COMP_1089,2025-09,152226.55
COMP_1089,2025-10,147882.66
COMP_1089,2025-11,63720.01
COMP_1089,2025-12,331309.7
COMP_1089,2026-01,328730.12
COMP_1089,2026-02,272185.84
COMP_1089,2026-03,409724.56
COMP_1089,2026-04,503733.2
COMP_1089,2026-05,302029.75
COMP_1089,2026-06,151831.94
COMP_1089,2026-07,420423.25
COMP_1089,2026-08,10358.25
COMP_1090,2025-02,740421.06
COMP_1090,2025-03,777796.6
COMP_1090,2025-04,772718.9
COMP_1090,2025-05,782219.25
COMP_1090,2025-06,818307.8
COMP_1090,2025-07,903782.5
COMP_1090,2025-08,932611.9
COMP_1090,2025-09,987003.25
COMP_1090,2025-10,1.03796156e+06
COMP_1090,2025-11,1.03019675e+06
COMP_1090,2025-12,939513.06
COMP_1090,2026-01,979215.44
COMP_1090,2026-02,1.0111912e+06
COMP_1090,2026-03,1.0565039e+06
COMP_1090,2026-04,1.1249205e+06
COMP_1090,2026-05,1.1865424e+06
COMP_1090,2026-06,1.1609632e+06
COMP_1090,2026-07,1.264029e+06
COMP_1090,2026-08,1.3281001e+06
COMP_1091,2025-06,232922.38
COMP_1091,2025-07,172327.73
COMP_1091,2025-08,133838.38
COMP_1091,2025-09,170142.36
COMP_1091,2025-10,175578.98
COMP_1091,2025-11,117738.62
COMP_1091,2025-12,75756.52
COMP_1091,2026-01,62631.47
COMP_1091,2026-02,115954.44
COMP_1091,2026-03,117559.91
COMP_1091,2026-04,22939.95
COMP_1091,2026-05,80030.54
COMP_1091,2026-06,32136.86
COMP_1091,2026-07,28257.71
COMP_1091,2026-08,53692.78
COMP_1092,2026-06,59510.65
COMP_1092,2026-07,51836.33
COMP_1092,2026-08,40348.51
COMP_1093,2025-06,1.1777652e+06
COMP_1093,2025-07,164172.69
COMP_1093,2025-08,935945.5
COMP_1093,2025-09,910338.1
COMP_1093,2025-10,296076.53
COMP_1093,2025-11,242912.97
COMP_1093,2025-12,472043.38
COMP_1093,2026-01,341899.84
COMP_1093,2026-02,534671.94
COMP_1093,2026-03,1.0699532e+06
COMP_1093,2026-04,606155.25
COMP_1093,2026-05,323688.16
COMP_1093,2026-06,245667.55
COMP_1093,2026-07,169695.83
COMP_1093,2026-08,401150.62
COMP_1094,2025-02,32501.88
COMP_1094,2025-03,41135.62
COMP_1094,2025-04,25194.03
COMP_1094,2025-05,25901.39
COMP_1094,2025-06,72152.71
COMP_1094,2025-07,93712.2
COMP_1094,2025-08,63027.81
COMP_1094,2025-09,58982.85
COMP_1094,2025-10,44049.21
COMP_1094,2025-11,45337.32
COMP_1094,2025-12,49473.59
COMP_1094,2026-01,83676.49
COMP_1094,2026-02,67731.92
COMP_1094,2026-03,46833.91
COMP_1094,2026-04,20460.18
COMP_1094,2026-05,92987.94
COMP_1094,2026-06,84131.3
COMP_1094,2026-07,56348.15
COMP_1094,2026-08,82646.45
COMP_1095,2025-08,84451.37
COMP_1095,2025-09,109248.02
COMP_1095,2025-10,165014.58
COMP_1095,2025-11,116037.21
COMP_1095,2025-12,81500.21
COMP_1095,2026-01,18075.11
COMP_1095,2026-02,19521.7
COMP_1095,2026-03,18105.01
COMP_1095,2026-04,12067.28
COMP_1095,2026-05,6706.28
COMP_1095,2026-06,17300.91
COMP_1095,2026-07,-46.08
COMP_1095,2026-08,5216.4
COMP_1096,2025-02,51293.53
COMP_1096,2025-03,61425.55
COMP_1096,2025-04,40008.38
COMP_1096,2025-05,57400.91
COMP_1096,2025-06,35931.83
COMP_1096,2025-07,34454.4
COMP_1096,2025-08,45944.25
COMP_1096,2025-09,45343.21
COMP_1096,2025-10,45343.21
COMP_1096,2025-11,45343.21
COMP_1096,2025-12,45343.21
COMP_1096,2026-01,45343.21
COMP_1096,2026-02,45343.21
COMP_1096,2026-03,45343.21
COMP_1096,2026-04,45343.21
COMP_1096,2026-05,45343.21
COMP_1096,2026-06,45343.21
COMP_1096,2026-07,45343.21
COMP_1096,2026-08,45343.21
COMP_1097,2026-06,120539.7
COMP_1097,2026-07,82559.17
COMP_1097,2026-08,294884.78
COMP_1098,2025-06,-3572.29
COMP_1098,2025-07,72697.92
COMP_1098,2025-08,31183.52
COMP_1098,2025-09,4180.28
COMP_1098,2025-10,2345.79
COMP_1098,2025-11,83116.48
COMP_1098,2025-12,116556.38
COMP_1098,2026-01,28293.65
COMP_1098,2026-02,43856.98
COMP_1098,2026-03,70586.19
COMP_1098,2026-04,82687.39
COMP_1098,2026-05,17043.84
COMP_1098,2026-06,93353.04
COMP_1098,2026-07,93353.04
COMP_1098,2026-08,93353.04
COMP_1099,2025-02,85929.15
COMP_1099,2025-03,88901.44
COMP_1099,2025-04,110463.23
COMP_1099,2025-05,110463.23
COMP_1099,2025-06,110463.23
COMP_1099,2025-07,110463.23
COMP_1099,2025-08,110463.23
COMP_1099,2025-09,110463.23
COMP_1099,2025-10,110463.23
COMP_1099,2025-11,110463.23
COMP_1099,2025-12,110463.23
COMP_1099,2026-01,110463.23
COMP_1099,2026-02,110463.23
COMP_1099,2026-03,110463.23
COMP_1099,2026-04,110463.23
COMP_1099,2026-05,110463.23
COMP_1099,2026-06,110463.23
COMP_1099,2026-07,110463.23
COMP_1099,2026-08,110463.23
COMP_1100,2025-11,6.953233e+06
COMP_1100,2025-12,6.9305495e+06
COMP_1100,2026-01,548129.75
COMP_1100,2026-02,168421.19
COMP_1100,2026-03,48361.22
COMP_1100,2026-04,42696.11
COMP_1100,2026-05,42871.17
COMP_1100,2026-06,39566.56
COMP_1100,2026-07,34742.65
COMP_1100,2026-08,35185.41
COMP_1101,2026-06,526241.56
COMP_1101,2026-07,483686.47
COMP_1101,2026-08,533800.2
COMP_1102,2026-01,434485.66
COMP_1102,2026-02,385549.16
COMP_1102,2026-03,181456.2
COMP_1102,2026-04,15198.73
COMP_1102,2026-05,88158.26
COMP_1102,2026-06,135246.6
COMP_1102,2026-07,62952.03
COMP_1102,2026-08,126056.11
COMP_1103,2026-06,105257.17
COMP_1103,2026-07,111268.61
COMP_1103,2026-08,11835.72
COMP_1104,2026-07,545533.25
COMP_1104,2026-08,992843.3
COMP_1105,2025-05,3.898621e+08
COMP_1105,2025-06,4.849367e+08
COMP_1105,2025-07,4.3894646e+08
COMP_1105,2025-08,4.8453165e+08
COMP_1105,2025-09,3.1147907e+08
COMP_1105,2025-10,3.2695875e+08
COMP_1105,2025-11,3.6463203e+08
COMP_1105,2025-12,2.4113981e+08
COMP_1105,2026-01,2.1567157e+08
COMP_1105,2026-02,2.4656914e+08
COMP_1105,2026-03,3.2879712e+08
COMP_1105,2026-04,4.0458694e+08
COMP_1105,2026-05,5.0131117e+08
COMP_1105,2026-06,4.9513302e+08
COMP_1105,2026-07,6.3310323e+08
COMP_1105,2026-08,6.2339955e+08
COMP_1106,2025-08,34783.08
COMP_1106,2025-09,7112.74
COMP_1106,2025-10,11296.76
COMP_1106,2025-11,19689.89
COMP_1106,2025-12,24662.97
COMP_1106,2026-01,21892.7
COMP_1106,2026-02,8784.69
COMP_1106,2026-03,20427.96
COMP_1106,2026-04,84706.85
COMP_1106,2026-05,6950.43
COMP_1106,2026-06,7358.96
COMP_1106,2026-07,10513.68
COMP_1106,2026-08,14329.97
COMP_1107,2025-06,495395.25
COMP_1107,2025-07,521861.88
COMP_1107,2025-08,548210.9
COMP_1107,2025-09,658206.4
COMP_1107,2025-10,788503.4
COMP_1107,2025-11,949789.75
COMP_1107,2025-12,840326.4
COMP_1107,2026-01,841902.3
COMP_1107,2026-02,955173.3
COMP_1107,2026-03,606272.9
COMP_1107,2026-04,641927.4
COMP_1107,2026-05,718683.2
COMP_1107,2026-06,908686.6
COMP_1107,2026-07,825439.1
COMP_1107,2026-08,921591.8
COMP_1108,2026-06,214077.27
COMP_1108,2026-07,371322.88
COMP_1108,2026-08,348523.84
COMP_1109,2025-02,466713.1
COMP_1109,2025-03,434629.12
COMP_1109,2025-04,685648
COMP_1109,2025-05,254225.62
COMP_1109,2025-06,244604.95
COMP_1109,2025-07,1.0605958e+06
COMP_1109,2025-08,716989.94
COMP_1109,2025-09,1.0354783e+06
COMP_1109,2025-10,823432
COMP_1109,2025-11,515326.72
COMP_1109,2025-12,515326.72
COMP_1109,2026-01,515326.72
COMP_1109,2026-02,515326.72
COMP_1109,2026-03,515326.72
COMP_1109,2026-04,515326.72
COMP_1109,2026-05,515326.72
COMP_1109,2026-06,515326.72
COMP_1109,2026-07,515326.72
COMP_1109,2026-08,515326.72
COMP_1110,2026-03,34936.69
COMP_1110,2026-04,115111.6
COMP_1110,2026-05,95025.04
COMP_1110,2026-06,123472.28
COMP_1110,2026-07,34872.49
COMP_1110,2026-08,33471.29
COMP_1111,2026-04,20727.78
COMP_1111,2026-05,135601.42
COMP_1111,2026-06,104368.62
COMP_1111,2026-07,32660.34
COMP_1111,2026-08,87181
COMP_1112,2025-11,22290.91
COMP_1112,2025-12,4947.23
COMP_1112,2026-01,112486.31
COMP_1112,2026-02,89571.74
COMP_1112,2026-03,106659.98
COMP_1112,2026-04,37020.36
COMP_1112,2026-05,13999.87
COMP_1112,2026-06,71693.92
COMP_1112,2026-07,58489.65
COMP_1112,2026-08,35434.4
COMP_1113,2025-12,1.0153406e+06
COMP_1113,2026-01,883648.44
COMP_1113,2026-02,886613.2
COMP_1113,2026-03,1.2619326e+06
COMP_1113,2026-04,1.5330765e+06
COMP_1113,2026-05,1.5191916e+06
COMP_1113,2026-06,1.2433495e+06
COMP_1113,2026-07,656419.6
COMP_1113,2026-08,511224.53
COMP_1114,2026-06,54041.52
COMP_1114,2026-07,88583.27
COMP_1114,2026-08,100467.96
COMP_1115,2025-06,-123731.24
COMP_1115,2025-07,2.6890845e+06
COMP_1115,2025-08,4.1738532e+06
COMP_1115,2025-09,1.1935636e+07
COMP_1115,2025-10,9.893494e+06
COMP_1115,2025-11,8.633212e+06
COMP_1115,2025-12,8.269036e+06
COMP_1115,2026-01,4.3211005e+06
COMP_1115,2026-02,3.664087e+06
COMP_1115,2026-03,5.76607e+06
COMP_1115,2026-04,4.9781165e+06
COMP_1115,2026-05,1.9036414e+06
COMP_1115,2026-06,1.097463e+06
COMP_1115,2026-07,1.8700015e+06
COMP_1115,2026-08,2.3180732e+06
COMP_1116,2026-04,163549.06
COMP_1116,2026-05,188012.81
COMP_1116,2026-06,236744.94
COMP_1116,2026-07,47660.28
COMP_1116,2026-08,68440.55
COMP_1117,2026-02,2.2737368e-13
COMP_1117,2026-03,2.2737368e-13
COMP_1117,2026-04,0
COMP_1117,2026-05,41.26
COMP_1117,2026-06,0
COMP_1117,2026-07,0
COMP_1117,2026-08,0
COMP_1118,2026-07,244305.5
COMP_1118,2026-08,16532.45
COMP_1119,2025-02,331249.38
COMP_1119,2025-03,331249.38
COMP_1119,2025-04,322247.5
COMP_1119,2025-05,314225.22
COMP_1119,2025-06,282828.56
COMP_1119,2025-07,224725.98
COMP_1119,2025-08,160638.83
COMP_1119,2025-09,128331.08
COMP_1119,2025-10,-13990.74
COMP_1119,2025-11,303365.03
COMP_1119,2025-12,310315.44
COMP_1119,2026-01,89798.78
COMP_1119,2026-02,83655.69
COMP_1119,2026-03,72717.51
COMP_1119,2026-04,17875.09
COMP_1119,2026-05,52838.28
COMP_1119,2026-06,35561.41
COMP_1119,2026-07,69566.57
COMP_1119,2026-08,80994.58
COMP_1120,2025-02,23412.98
COMP_1120,2025-03,23505.53
COMP_1120,2025-04,24855.47
COMP_1120,2025-05,31390.59
COMP_1120,2025-06,36353.8
COMP_1120,2025-07,40097.1
COMP_1120,2025-08,39016.12
COMP_1120,2025-09,43114.18
COMP_1120,2025-10,41843.47
COMP_1120,2025-11,36785.82
COMP_1120,2025-12,46253.11
COMP_1120,2026-01,56463.66
COMP_1120,2026-02,15287.31
COMP_1120,2026-03,17003.1
COMP_1120,2026-04,37375.28
COMP_1120,2026-05,43651.24
COMP_1120,2026-06,44051.43
COMP_1120,2026-07,36845.25
COMP_1120,2026-08,37084.52
COMP_1122,2025-02,208784.42
COMP_1122,2025-03,150190.88
COMP_1122,2025-04,192419.55
COMP_1122,2025-05,226334.8
COMP_1122,2025-06,211198.9
COMP_1122,2025-07,268550.06
COMP_1122,2025-08,267206.6
COMP_1122,2025-09,429105.66
COMP_1122,2025-10,418532.22
COMP_1122,2025-11,137842.64
COMP_1122,2025-12,405158.03
COMP_1122,2026-01,415180.44
COMP_1122,2026-02,961305.4
COMP_1122,2026-03,358083.38
COMP_1122,2026-04,555688.94
COMP_1122,2026-05,391715.53
COMP_1122,2026-06,410138.62
COMP_1122,2026-07,282076.56
COMP_1122,2026-08,502451.38
COMP_1123,2025-02,2.46288e+06
COMP_1123,2025-03,2.8901495e+06
COMP_1123,2025-04,3.3818052e+06
COMP_1123,2025-05,4.3014415e+06
COMP_1123,2025-06,4.110487e+06
COMP_1123,2025-07,5.335838e+06
COMP_1123,2025-08,1.7568856e+07
COMP_1123,2025-09,1.3593173e+07
COMP_1123,2025-10,1.4537228e+07
COMP_1123,2025-11,1.476972e+07
COMP_1123,2025-12,1.5676571e+07
COMP_1123,2026-01,1.5901882e+07
COMP_1123,2026-02,1.5920537e+07
COMP_1123,2026-03,3.0145438e+07
COMP_1123,2026-04,1.0682704e+07
COMP_1123,2026-05,7.7014095e+06
COMP_1123,2026-06,8.2014595e+06
COMP_1123,2026-07,8.82719e+06
COMP_1123,2026-08,9.986511e+06
COMP_1124,2025-06,6564.49
COMP_1124,2025-07,8018.63
COMP_1124,2025-08,8443.21
COMP_1124,2025-09,181161.31
COMP_1124,2025-10,7732.55
COMP_1124,2025-11,28321.9
COMP_1124,2025-12,45351.89
COMP_1124,2026-01,14033.55
COMP_1124,2026-02,5768.91
COMP_1124,2026-03,15546.48
COMP_1124,2026-04,4037.74
COMP_1124,2026-05,30586.38
COMP_1124,2026-06,3338.53
COMP_1124,2026-07,6111.43
COMP_1124,2026-08,-29700.14
COMP_1125,2025-07,-2473.44
COMP_1125,2025-08,43703.16
COMP_1125,2025-09,5750.63
COMP_1125,2025-10,-1824.27
COMP_1125,2025-11,9355.98
COMP_1125,2025-12,1369.55
COMP_1125,2026-01,1296.64
COMP_1125,2026-02,1296.64
COMP_1125,2026-03,760.74
COMP_1125,2026-04,2967.5
COMP_1125,2026-05,4481.48
COMP_1125,2026-06,514.24
COMP_1125,2026-07,1980.66
COMP_1125,2026-08,2384.46
COMP_1126,2026-05,415219.47
COMP_1126,2026-06,437190.6
COMP_1126,2026-07,441736.6
COMP_1126,2026-08,498597.56
COMP_1127,2025-03,653959.9
COMP_1127,2025-04,589411.25
COMP_1127,2025-05,584077.6
COMP_1127,2025-06,584138.44
COMP_1127,2025-07,680101.5
COMP_1127,2025-08,181382.2
COMP_1127,2025-09,385479.34
COMP_1127,2025-10,385909.2
COMP_1127,2025-11,282869.3
COMP_1127,2025-12,445778.72
COMP_1127,2026-01,289800.72
COMP_1127,2026-02,969190.44
COMP_1127,2026-03,966168.25
COMP_1127,2026-04,641218.75
COMP_1127,2026-05,631178.2
COMP_1127,2026-06,700417.06
COMP_1127,2026-07,871242.94
COMP_1127,2026-08,273036.44
COMP_1128,2025-02,801386.06
COMP_1128,2025-03,1.4044148e+06
COMP_1128,2025-04,779777.25
COMP_1128,2025-05,779777.25
COMP_1128,2025-06,849506.7
COMP_1128,2025-07,768435.75
COMP_1128,2025-08,825935.75
COMP_1128,2025-09,790581.75
COMP_1128,2025-10,799941.1
COMP_1128,2025-11,1.1694092e+06
COMP_1128,2025-12,787631.9
COMP_1128,2026-01,1.4825275e+07
COMP_1128,2026-02,940683.06
COMP_1128,2026-03,870248
COMP_1128,2026-04,3.8198838e+06
COMP_1128,2026-05,2.4560692e+06
COMP_1128,2026-06,2.5698428e+06
COMP_1128,2026-07,6.055425e+06
COMP_1128,2026-08,3.665508e+06
COMP_1129,2026-05,224215.7
COMP_1129,2026-06,225772.55
COMP_1129,2026-07,209431.02
COMP_1129,2026-08,263301.4
COMP_1130,2025-02,-294016.44
COMP_1130,2025-03,-286847.62
COMP_1130,2025-04,-286934.88
COMP_1130,2025-05,-189634.19
COMP_1130,2025-06,-306289.4
COMP_1130,2025-07,8.9
COMP_1130,2025-08,8.9
COMP_1130,2025-09,8.9
COMP_1130,2025-10,8.9
COMP_1130,2025-11,8.9
COMP_1130,2025-12,8.9
COMP_1130,2026-01,75390.44
COMP_1130,2026-02,75390.44
COMP_1130,2026-03,75390.44
COMP_1130,2026-04,75390.44
COMP_1130,2026-05,75390.44
COMP_1130,2026-06,75390.44
COMP_1130,2026-07,75390.44
COMP_1130,2026-08,75390.44
COMP_1131,2026-05,14938.8
COMP_1131,2026-06,67145.66
COMP_1131,2026-07,33931.75
COMP_1131,2026-08,33647.77
COMP_1132,2026-06,13807.45
COMP_1132,2026-07,6175.14
COMP_1132,2026-08,15978.54
COMP_1133,2025-02,2.3136935e+06
COMP_1133,2025-03,2.326423e+06
COMP_1133,2025-04,2.5911785e+06
COMP_1133,2025-05,2.8262685e+06
COMP_1133,2025-06,2.7752862e+06
COMP_1133,2025-07,2.5789778e+06
COMP_1133,2025-08,2.767295e+06
COMP_1133,2025-09,2.5470318e+06
COMP_1133,2025-10,2.4156408e+06
COMP_1133,2025-11,1.5457034e+06
COMP_1133,2025-12,1.4762975e+06
COMP_1133,2026-01,1.265336e+06
COMP_1133,2026-02,1.02216444e+06
COMP_1133,2026-03,1.0855492e+06
COMP_1133,2026-04,1.1059156e+06
COMP_1133,2026-05,1.1091995e+06
COMP_1133,2026-06,1.1213401e+06
COMP_1133,2026-07,884234.06
COMP_1133,2026-08,574803.1
COMP_1134,2025-02,3101.48
COMP_1134,2025-03,4264.1
COMP_1134,2025-04,3638.23
COMP_1134,2025-05,4352.14
COMP_1134,2025-06,3717.26
COMP_1134,2025-07,3624.58
COMP_1134,2025-08,3417.15
COMP_1134,2025-09,2124.17
COMP_1134,2025-10,3290.72
COMP_1134,2025-11,4483.17
COMP_1134,2025-12,39611.8
COMP_1134,2026-01,25024.71
COMP_1134,2026-02,4013.71
COMP_1134,2026-03,12329.57
COMP_1134,2026-04,8026.63
COMP_1134,2026-05,5768.46
COMP_1134,2026-06,5855.17
COMP_1134,2026-07,8583.17
COMP_1134,2026-08,8097.41
COMP_1135,2025-06,5018.71
COMP_1135,2025-07,9759.09
COMP_1135,2025-08,15679.03
COMP_1135,2025-09,37770.63
COMP_1135,2025-10,35746.23
COMP_1135,2025-11,185947.02
COMP_1135,2025-12,36568.76
COMP_1135,2026-01,72354.58
COMP_1135,2026-02,110376.43
COMP_1135,2026-03,188030.69
COMP_1135,2026-04,272785.22
COMP_1135,2026-05,382056.22
COMP_1135,2026-06,300279.1
COMP_1135,2026-07,259029.05
COMP_1135,2026-08,237254.84
COMP_1136,2025-06,101391.62
COMP_1136,2025-07,151879.19
COMP_1136,2025-08,104520.57
COMP_1136,2025-09,181509.69
COMP_1136,2025-10,238442
COMP_1136,2025-11,281827.88
COMP_1136,2025-12,328682.62
COMP_1136,2026-01,346086.22
COMP_1136,2026-02,460377.1
COMP_1136,2026-03,481992.34
COMP_1136,2026-04,543432.7
COMP_1136,2026-05,557678.9
COMP_1136,2026-06,585642.94
COMP_1136,2026-07,620492.44
COMP_1136,2026-08,724326.7
COMP_1137,2025-02,438156
COMP_1137,2025-03,353862.94
COMP_1137,2025-04,358838.72
COMP_1137,2025-05,216594.16
COMP_1137,2025-06,303901.22
COMP_1137,2025-07,487438.38
COMP_1137,2025-08,579883.06
COMP_1137,2025-09,863505.06
COMP_1137,2025-10,791768.3
COMP_1137,2025-11,407831.12
COMP_1137,2025-12,175069.56
COMP_1137,2026-01,487214.66
COMP_1137,2026-02,288521.25
COMP_1137,2026-03,745908.3
COMP_1137,2026-04,131316.02
COMP_1137,2026-05,142539.34
COMP_1137,2026-06,201019.38
COMP_1137,2026-07,288562.62
COMP_1137,2026-08,238537.55
COMP_1138,2025-02,30381.37
COMP_1138,2025-03,118026.59
COMP_1138,2025-04,25784.13
COMP_1138,2025-05,84298.56
COMP_1138,2025-06,52446.74
COMP_1138,2025-07,23529.47
COMP_1138,2025-08,17151.64
COMP_1138,2025-09,70126.77
COMP_1138,2025-10,85352.62
COMP_1138,2025-11,61396.59
COMP_1138,2025-12,98372.31
COMP_1138,2026-01,3800.75
COMP_1138,2026-02,5356.04
COMP_1138,2026-03,42825.15
COMP_1138,2026-04,967.52
COMP_1138,2026-05,35499.05
COMP_1138,2026-06,86942.71
COMP_1138,2026-07,13007.26
COMP_1138,2026-08,2500.92
COMP_1139,2025-02,14393.28
COMP_1139,2025-03,26770.49
COMP_1139,2025-04,18889.62
COMP_1139,2025-05,14685.71
COMP_1139,2025-06,13596.15
COMP_1139,2025-07,106908.43
COMP_1139,2025-08,139372.56
COMP_1139,2025-09,87841.75
COMP_1139,2025-10,58586.25
COMP_1139,2025-11,47584.5
COMP_1139,2025-12,89857.26
COMP_1139,2026-01,66339.12
COMP_1139,2026-02,42362.9
COMP_1139,2026-03,36087.46
COMP_1139,2026-04,16564.29
COMP_1139,2026-05,22558.89
COMP_1139,2026-06,13452.11
COMP_1139,2026-07,11195.24
COMP_1139,2026-08,11205.45
COMP_1140,2026-07,102692.38
COMP_1140,2026-08,63636.35
COMP_1141,2026-03,4.0408116e+07
COMP_1141,2026-04,3.7864652e+07
COMP_1141,2026-05,3.7782372e+07
COMP_1141,2026-06,3.7606376e+07
COMP_1141,2026-07,3.7390376e+07
COMP_1141,2026-08,3.7500228e+07
COMP_1142,2025-02,-804111.25
COMP_1142,2025-03,-804466.2
COMP_1142,2025-04,-804795.44
COMP_1142,2025-05,-803705.25
COMP_1142,2025-06,-803705.25
COMP_1142,2025-07,-803708.3
COMP_1142,2025-08,-823708.3
COMP_1142,2025-09,-823840.7
COMP_1142,2025-10,-824655.25
COMP_1142,2025-11,-804718.25
COMP_1142,2025-12,-804718.25
COMP_1142,2026-01,-804718.25
COMP_1142,2026-02,-807408.25
COMP_1142,2026-03,-807213.7
COMP_1142,2026-04,-822737.7
COMP_1142,2026-05,-819651.3
COMP_1142,2026-06,-432578.06
COMP_1142,2026-07,-601167.3
COMP_1142,2026-08,22488.71
COMP_1143,2025-03,285818.2
COMP_1143,2025-04,94343.95
COMP_1143,2025-05,215124.81
COMP_1143,2025-06,195585.69
COMP_1143,2025-07,352449.84
COMP_1143,2025-08,752692.25
COMP_1143,2025-09,89774.44
COMP_1143,2025-10,68952.62
COMP_1143,2025-11,19315.32
COMP_1143,2025-12,673.01
COMP_1143,2026-01,673.01
COMP_1143,2026-02,673.01
COMP_1143,2026-03,673.01
COMP_1143,2026-04,673.01
COMP_1143,2026-05,673.01
COMP_1143,2026-06,673.01
COMP_1143,2026-07,673.01
COMP_1143,2026-08,673.01
COMP_1144,2025-06,44439.04
COMP_1144,2025-07,44430.2
COMP_1144,2025-08,43458.68
COMP_1144,2025-09,43433.51
COMP_1144,2025-10,43433.51
COMP_1144,2025-11,41830.85
COMP_1144,2025-12,42911.3
COMP_1144,2026-01,42911.3
COMP_1144,2026-02,42911.3
COMP_1144,2026-03,42911.3
COMP_1144,2026-04,42908.15
COMP_1144,2026-05,42847.84
COMP_1144,2026-06,42861.99
COMP_1144,2026-07,42876.66
COMP_1144,2026-08,43468.87
COMP_1145,2025-06,12954.7
COMP_1145,2025-07,6494.22
COMP_1145,2025-08,8129.82
COMP_1145,2025-09,4125.13
COMP_1145,2025-10,15721.72
COMP_1145,2025-11,4468.13
COMP_1145,2025-12,-2606.73
COMP_1145,2026-01,7115.17
COMP_1145,2026-02,1254.51
COMP_1145,2026-03,-2386.43
COMP_1145,2026-04,24542.52
COMP_1145,2026-05,21484.91
COMP_1145,2026-06,24531.39
COMP_1145,2026-07,38195.99
COMP_1145,2026-08,45967.09
COMP_1146,2026-05,72037.25
COMP_1146,2026-06,93102.46
COMP_1146,2026-07,156066.14
COMP_1146,2026-08,190191.98
COMP_1147,2025-06,281645.88
COMP_1147,2025-07,142752.81
COMP_1147,2025-08,135413.94
COMP_1147,2025-09,161307.12
COMP_1147,2025-10,369549.94
COMP_1147,2025-11,250414.56
COMP_1147,2025-12,375509.66
COMP_1147,2026-01,283322.03
COMP_1147,2026-02,430938.22
COMP_1147,2026-03,1.0883562e+06
COMP_1147,2026-04,464904.28
COMP_1147,2026-05,496407.9
COMP_1147,2026-06,595904.1
COMP_1147,2026-07,299061.6
COMP_1147,2026-08,303480.06
COMP_1148,2026-03,101.2
COMP_1148,2026-04,663.7
COMP_1148,2026-05,663.7
COMP_1148,2026-06,663.7
COMP_1148,2026-07,663.7
COMP_1148,2026-08,663.7
COMP_1149,2025-02,2.3398145e+06
COMP_1149,2025-03,1.2131129e+06
COMP_1149,2025-04,1.2104272e+06
COMP_1149,2025-05,964956.44
COMP_1149,2025-06,1.306087e+06
COMP_1149,2025-07,360065.88
COMP_1149,2025-08,327494.7
COMP_1149,2025-09,277953.06
COMP_1149,2025-10,-6575.83
COMP_1149,2025-11,875229.44
COMP_1149,2025-12,1.0342735e+06
COMP_1149,2026-01,874234.1
COMP_1149,2026-02,674736.3
COMP_1149,2026-03,735565.94
COMP_1149,2026-04,524392.56
COMP_1149,2026-05,820142.8
COMP_1149,2026-06,1.0890414e+06
COMP_1149,2026-07,562418
COMP_1149,2026-08,759988.94
COMP_1150,2025-02,152607.81
COMP_1150,2025-03,638238.94
COMP_1150,2025-04,167320.11
COMP_1150,2025-05,1.0672056e+06
COMP_1150,2025-06,541639.56
COMP_1150,2025-07,984526.56
COMP_1150,2025-08,459611.25
COMP_1150,2025-09,831732.06
COMP_1150,2025-10,400572.84
COMP_1150,2025-11,396496.34
COMP_1150,2025-12,529989.1
COMP_1150,2026-01,485141.66
COMP_1150,2026-02,566033.2
COMP_1150,2026-03,630285.94
COMP_1150,2026-04,411838.25
COMP_1150,2026-05,571245.7
COMP_1150,2026-06,510632.38
COMP_1150,2026-07,729750.25
COMP_1150,2026-08,468784.16
COMP_1151,2026-03,14861.55
COMP_1151,2026-04,6510.52
COMP_1151,2026-05,6447.57
COMP_1151,2026-06,3195.56
COMP_1151,2026-07,378.56
COMP_1151,2026-08,12146.88
COMP_1152,2025-06,4.1050642e+06
COMP_1152,2025-07,2.5273962e+06
COMP_1152,2025-08,3.1669295e+06
COMP_1152,2025-09,2.64825e+06
COMP_1152,2025-10,1.3052259e+06
COMP_1152,2025-11,2.999786e+06
COMP_1152,2025-12,2.7427842e+06
COMP_1152,2026-01,4.040673e+06
COMP_1152,2026-02,3.6716012e+06
COMP_1152,2026-03,3.6788178e+06
COMP_1152,2026-04,3.6788178e+06
COMP_1152,2026-05,3.6788178e+06
COMP_1152,2026-06,3.6788178e+06
COMP_1152,2026-07,3.6788178e+06
COMP_1152,2026-08,3.6788178e+06
COMP_1153,2025-02,-524630.75
COMP_1153,2025-03,-476123.38
COMP_1153,2025-04,-594247.1
COMP_1153,2025-05,-594616.3
COMP_1153,2025-06,-625635.06
COMP_1153,2025-07,-631059.25
COMP_1153,2025-08,245426.73
COMP_1153,2025-09,278725.03
COMP_1153,2025-10,508566.12
COMP_1153,2025-11,508566.12
COMP_1153,2025-12,508566.12
COMP_1153,2026-01,508566.12
COMP_1153,2026-02,508566.12
COMP_1153,2026-03,508566.12
COMP_1153,2026-04,508566.12
COMP_1153,2026-05,508566.12
COMP_1153,2026-06,508566.12
COMP_1153,2026-07,508566.12
COMP_1153,2026-08,236521.4
COMP_1154,2025-10,6164.37
COMP_1154,2025-11,6063.17
COMP_1154,2025-12,6117.97
COMP_1154,2026-01,5649.58
COMP_1154,2026-02,5649.58
COMP_1154,2026-03,8647.17
COMP_1154,2026-04,393555.1
COMP_1154,2026-05,253216.92
COMP_1154,2026-06,253269.3
COMP_1154,2026-07,205593.62
COMP_1154,2026-08,185369.8
COMP_1155,2025-02,1237.37
COMP_1155,2025-03,1055.87
COMP_1155,2025-04,950.1
COMP_1155,2025-05,768.6
COMP_1155,2025-06,1399.3
COMP_1155,2025-07,1176.33
COMP_1155,2025-08,994.83
COMP_1155,2025-09,813.33
COMP_1155,2025-10,711.83
COMP_1155,2025-11,8.458301e-11
COMP_1155,2025-12,8.458301e-11
COMP_1155,2026-01,8.094503e-11
COMP_1155,2026-02,2.2737368e-11
COMP_1155,2026-03,-2.1373125e-11
COMP_1155,2026-04,-1.4097168e-11
COMP_1155,2026-05,0
COMP_1155,2026-06,0
COMP_1155,2026-07,0
COMP_1155,2026-08,25767.08
COMP_1156,2025-02,144588.5
COMP_1156,2025-03,73094.92
COMP_1156,2025-04,83083.29
COMP_1156,2025-05,65480.66
COMP_1156,2025-06,93391.89
COMP_1156,2025-07,83273.44
COMP_1156,2025-08,75979.15
COMP_1156,2025-09,70379.77
COMP_1156,2025-10,31699.17
COMP_1156,2025-11,17818.62
COMP_1156,2025-12,24361.22
COMP_1156,2026-01,14936.11
COMP_1156,2026-02,31217.31
COMP_1156,2026-03,28975.75
COMP_1156,2026-04,21522.65
COMP_1156,2026-05,67616.47
COMP_1156,2026-06,88228.74
COMP_1156,2026-07,62518.71
COMP_1156,2026-08,82886.65
COMP_1157,2026-03,6.420464e-11
COMP_1157,2026-04,6.784262e-11
COMP_1157,2026-05,6.548362e-11
COMP_1157,2026-06,27174.84
COMP_1157,2026-07,17371.27
COMP_1157,2026-08,11986.43
COMP_1158,2025-06,178505.56
COMP_1158,2025-07,173491.72
COMP_1158,2025-08,169308.17
COMP_1158,2025-09,166054.9
COMP_1158,2025-10,161669.66
COMP_1158,2025-11,157866.81
COMP_1158,2025-12,162387.6
COMP_1158,2026-01,181222.48
COMP_1158,2026-02,172658.31
COMP_1158,2026-03,99497.57
COMP_1158,2026-04,87162.64
COMP_1158,2026-05,63174.03
COMP_1158,2026-06,58001.09
COMP_1158,2026-07,39207.93
COMP_1158,2026-08,12806.21
COMP_1159,2025-12,5.286977e+06
COMP_1159,2026-01,5.3555115e+06
COMP_1159,2026-02,5.9853715e+06
COMP_1159,2026-03,5.9853715e+06
COMP_1159,2026-04,5.9853715e+06
COMP_1159,2026-05,5.9853715e+06
COMP_1159,2026-06,5.9853715e+06
COMP_1159,2026-07,5.9853715e+06
COMP_1159,2026-08,5.9853715e+06
COMP_1160,2025-02,7261.87
COMP_1160,2025-03,7237.64
COMP_1160,2025-04,6714.25
COMP_1160,2025-05,6705.93
COMP_1160,2025-06,14.81
COMP_1160,2025-07,8.54
COMP_1160,2025-08,8.54
COMP_1160,2025-09,8.54
COMP_1160,2025-10,44.29
COMP_1160,2025-11,44.29
COMP_1160,2025-12,44.29
COMP_1160,2026-01,46.78
COMP_1160,2026-02,46.78
COMP_1160,2026-03,46.78
COMP_1160,2026-04,872.32
COMP_1160,2026-05,872.32
COMP_1160,2026-06,872.32
COMP_1160,2026-07,1873.11
COMP_1160,2026-08,1873.11
COMP_1161,2026-07,4.5070795e+06
COMP_1161,2026-08,4.8370345e+06
COMP_1162,2025-02,3.1404328e+06
COMP_1162,2025-03,3.1990552e+06
COMP_1162,2025-04,3.265012e+06
COMP_1162,2025-05,3.259145e+06
COMP_1162,2025-06,3.3684478e+06
COMP_1162,2025-07,3.4239372e+06
COMP_1162,2025-08,3.478292e+06
COMP_1162,2025-09,3.3782688e+06
COMP_1162,2025-10,3.4388065e+06
COMP_1162,2025-11,3.4855575e+06
COMP_1162,2025-12,3.5396985e+06
COMP_1162,2026-01,3.5817012e+06
COMP_1162,2026-02,42582.04
COMP_1162,2026-03,70271.74
COMP_1162,2026-04,104472.78
COMP_1162,2026-05,130111.93
COMP_1162,2026-06,173420.1
COMP_1162,2026-07,2771.43
COMP_1162,2026-08,2771.43
COMP_1163,2025-03,136458.55
COMP_1163,2025-04,104777.22
COMP_1163,2025-05,126863.1
COMP_1163,2025-06,211215.47
COMP_1163,2025-07,226543.66
COMP_1163,2025-08,219194.48
COMP_1163,2025-09,128739.84
COMP_1163,2025-10,157680.52
COMP_1163,2025-11,91463.75
COMP_1163,2025-12,139806.39
COMP_1163,2026-01,107429.72
COMP_1163,2026-02,119528.92
COMP_1163,2026-03,98517.73
COMP_1163,2026-04,81499.58
COMP_1163,2026-05,86394.45
COMP_1163,2026-06,106620.79
COMP_1163,2026-07,107939.98
COMP_1163,2026-08,136200.72
COMP_1164,2025-05,5474.93
COMP_1164,2025-06,6217.67
COMP_1164,2025-07,16701.54
COMP_1164,2025-08,25446.21
COMP_1164,2025-09,11900.85
COMP_1164,2025-10,11620.09
COMP_1164,2025-11,13904.63
COMP_1164,2025-12,51639.71
COMP_1164,2026-01,10363.04
COMP_1164,2026-02,5258.55
COMP_1164,2026-03,7433.99
COMP_1164,2026-04,4159.54
COMP_1164,2026-05,21618.99
COMP_1164,2026-06,7792.17
COMP_1164,2026-07,28755.33
COMP_1164,2026-08,5019.79
COMP_1165,2025-03,1.5325544e+06
COMP_1165,2025-04,840334.56
COMP_1165,2025-05,734345.75
COMP_1165,2025-06,562027.25
COMP_1165,2025-07,640594.9
COMP_1165,2025-08,471475.38
COMP_1165,2025-09,213872.89
COMP_1165,2025-10,60693.36
COMP_1165,2025-11,70749.47
COMP_1165,2025-12,35733.33
COMP_1165,2026-01,138877.56
COMP_1165,2026-02,365376.84
COMP_1165,2026-03,491125.38
COMP_1165,2026-04,132576.5
COMP_1165,2026-05,760967.94
COMP_1165,2026-06,149193.62
COMP_1165,2026-07,1.02860975e+06
COMP_1165,2026-08,27993.07
COMP_1166,2025-05,-209517.27
COMP_1166,2025-06,-95303.73
COMP_1166,2025-07,-9702.51
COMP_1166,2025-08,20298.58
COMP_1166,2025-09,66861.14
COMP_1166,2025-10,386838.84
COMP_1166,2025-11,323615.75
COMP_1166,2025-12,399118.94
COMP_1166,2026-01,555713.4
COMP_1166,2026-02,402089.1
COMP_1166,2026-03,382534.12
COMP_1166,2026-04,1.0671912e+06
COMP_1166,2026-05,1.0480988e+06
COMP_1166,2026-06,596497.75
COMP_1166,2026-07,394177.7
COMP_1166,2026-08,224241.95
COMP_1167,2025-02,18577.14
COMP_1167,2025-03,77162.49
COMP_1167,2025-04,57948.22
COMP_1167,2025-05,110664.9
COMP_1167,2025-06,82054.67
COMP_1167,2025-07,74039.75
COMP_1167,2025-08,61895.45
COMP_1167,2025-09,82550.96
COMP_1167,2025-10,11426.23
COMP_1167,2025-11,43164.25
COMP_1167,2025-12,160359.84
COMP_1167,2026-01,58622.71
COMP_1167,2026-02,26011.47
COMP_1167,2026-03,9365.54
COMP_1167,2026-04,85224.34
COMP_1167,2026-05,110985.71
COMP_1167,2026-06,53375.2
COMP_1167,2026-07,62068.03
COMP_1167,2026-08,20520.81
COMP_1168,2025-02,44357.76
COMP_1168,2025-03,17455.95
COMP_1168,2025-04,28701.99
COMP_1168,2025-05,16302.32
COMP_1168,2025-06,25092.67
COMP_1168,2025-07,49548.91
COMP_1168,2025-08,70272.6
COMP_1168,2025-09,66286.7
COMP_1168,2025-10,20819.85
COMP_1168,2025-11,61754.35
COMP_1168,2025-12,226232.19
COMP_1168,2026-01,27957.78
COMP_1168,2026-02,27200.49
COMP_1168,2026-03,37240.82
COMP_1168,2026-04,31384.88
COMP_1168,2026-05,26264.65
COMP_1168,2026-06,20250.65
COMP_1168,2026-07,42838.94
COMP_1168,2026-08,30690.74
COMP_1169,2025-05,-102798.72
COMP_1169,2025-06,-82097.48
COMP_1169,2025-07,-11983.56
COMP_1169,2025-08,50522.37
COMP_1169,2025-09,13815.44
COMP_1169,2025-10,90933.84
COMP_1169,2025-11,251.42
COMP_1169,2025-12,-21708.18
COMP_1169,2026-01,13666.85
COMP_1169,2026-02,74382.77
COMP_1169,2026-03,66112.05
COMP_1169,2026-04,56274.76
COMP_1169,2026-05,47159.29
COMP_1169,2026-06,65066.49
COMP_1169,2026-07,61536.59
COMP_1169,2026-08,45854.82
COMP_1170,2025-02,1.0727265e+06
COMP_1170,2025-03,54939.59
COMP_1170,2025-04,51912.34
COMP_1170,2025-05,87952.44
COMP_1170,2025-06,106288.42
COMP_1170,2025-07,8078.03
COMP_1170,2025-08,173047.38
COMP_1170,2025-09,28198.24
COMP_1170,2025-10,13130.39
COMP_1170,2025-11,2456.22
COMP_1170,2025-12,336970.7
COMP_1170,2026-01,64965.43
COMP_1170,2026-02,2559.27
COMP_1170,2026-03,76650.78
COMP_1170,2026-04,68819.71
COMP_1170,2026-05,57588.89
COMP_1170,2026-06,15484.37
COMP_1170,2026-07,74835.13
COMP_1170,2026-08,72730.61
COMP_1171,2025-07,6578.35
COMP_1171,2025-08,6358.87
COMP_1171,2025-09,5454.62
COMP_1171,2025-10,5622.96
COMP_1171,2025-11,12062.37
COMP_1171,2025-12,4413.08
COMP_1171,2026-01,3613.86
COMP_1171,2026-02,3743.48
COMP_1171,2026-03,18716.61
COMP_1171,2026-04,398.05
COMP_1171,2026-05,-379.04
COMP_1171,2026-06,52.57
COMP_1171,2026-07,151.21
COMP_1171,2026-08,103.1
COMP_1172,2025-12,201702.2
COMP_1172,2026-01,211211.34
COMP_1172,2026-02,315990.8
COMP_1172,2026-03,465429.66
COMP_1172,2026-04,493635.94
COMP_1172,2026-05,63287.25
COMP_1172,2026-06,75198.56
COMP_1172,2026-07,7900.84
COMP_1172,2026-08,124860.74
COMP_1173,2025-02,597093.8
COMP_1173,2025-03,480025.62
COMP_1173,2025-04,372231.66
COMP_1173,2025-05,184677.48
COMP_1173,2025-06,128917.96
COMP_1173,2025-07,83141.53
COMP_1173,2025-08,162981.05
COMP_1173,2025-09,203128.69
COMP_1173,2025-10,77825.42
COMP_1173,2025-11,346408.2
COMP_1173,2025-12,722899.5
COMP_1173,2026-01,713608.3
COMP_1173,2026-02,568320.2
COMP_1173,2026-03,161431.73
COMP_1173,2026-04,1.088983e+06
COMP_1173,2026-05,485941.16
COMP_1173,2026-06,218516.06
COMP_1173,2026-07,118773.01
COMP_1173,2026-08,112859
COMP_1174,2025-07,1101.75
COMP_1174,2025-08,1181.05
COMP_1174,2025-09,1181.99
COMP_1174,2025-10,252.92
COMP_1174,2025-11,5666.3
COMP_1174,2025-12,21523.37
COMP_1174,2026-01,3018.8
COMP_1174,2026-02,2165.45
COMP_1174,2026-03,1945.38
COMP_1174,2026-04,1062.89
COMP_1174,2026-05,56.12
COMP_1174,2026-06,1369.29
COMP_1174,2026-07,6.4
COMP_1174,2026-08,6.07
COMP_1175,2026-06,1.5607932e+07
COMP_1175,2026-07,3.104581e+06
COMP_1175,2026-08,3.1136238e+06
COMP_1176,2026-04,27655.06
COMP_1176,2026-05,26940.69
COMP_1176,2026-06,17993.35
COMP_1176,2026-07,17601.14
COMP_1176,2026-08,1060.25
COMP_1177,2025-02,-8.372969e-11
COMP_1177,2025-03,-9.159917e-11
COMP_1177,2025-04,-8.693801e-11
COMP_1177,2025-05,-8.693801e-11
COMP_1177,2025-06,-8.693801e-11
COMP_1177,2025-07,-3.8734793e-11
COMP_1177,2025-08,-1.9635404e-11
COMP_1177,2025-09,2.1924684e-12
COMP_1177,2025-10,9.468426e-12
COMP_1177,2025-11,4.466205e-12
COMP_1177,2025-12,3.5567105e-12
COMP_1177,2026-01,-2.7991387e-11
COMP_1177,2026-02,-3.5267345e-11
COMP_1177,2026-03,-4.2543302e-11
COMP_1177,2026-04,-6.592016e-11
COMP_1177,2026-05,-6.825074e-11
COMP_1177,2026-06,-5.3262283e-11
COMP_1177,2026-07,1.2221335e-11
COMP_1177,2026-08,0
COMP_1178,2025-02,62036.93
COMP_1178,2025-03,-69112.85
COMP_1178,2025-04,328591.88
COMP_1178,2025-05,2.1326698e+06
COMP_1178,2025-06,1.5156579e+06
COMP_1178,2025-07,5.0321195e+06
COMP_1178,2025-08,3.0840908e+06
COMP_1178,2025-09,2.6206222e+06
COMP_1178,2025-10,3.015212e+06
COMP_1178,2025-11,2.7919828e+06
COMP_1178,2025-12,2.0630099e+06
COMP_1178,2026-01,1.692572e+06
COMP_1178,2026-02,1.2390284e+06
COMP_1178,2026-03,889475.7
COMP_1178,2026-04,336171.1
COMP_1178,2026-05,333540.3
COMP_1178,2026-06,398107.16
COMP_1178,2026-07,-241893.12
COMP_1178,2026-08,731495.44
COMP_1179,2026-06,94251.7
COMP_1179,2026-07,92722.46
COMP_1179,2026-08,108793.61
COMP_1180,2025-06,363445.4
COMP_1180,2025-07,385903.38
COMP_1180,2025-08,260379.52
COMP_1180,2025-09,206758.42
COMP_1180,2025-10,239785.34
COMP_1180,2025-11,324902.44
COMP_1180,2025-12,208551.16
COMP_1180,2026-01,217878.88
COMP_1180,2026-02,139416.02
COMP_1180,2026-03,110350.82
COMP_1180,2026-04,94914.86
COMP_1180,2026-05,110693.33
COMP_1180,2026-06,137751.44
COMP_1180,2026-07,87636.62
COMP_1180,2026-08,129891.81
COMP_1181,2026-03,1.1203182e+06
COMP_1181,2026-04,1.0717115e+06
COMP_1181,2026-05,1.0614521e+06
COMP_1181,2026-06,1.2213782e+06
COMP_1181,2026-07,1.1536064e+06
COMP_1181,2026-08,1.2841995e+06
COMP_1182,2025-02,2.4073995e+06
COMP_1182,2025-03,1.1956585e+07
COMP_1182,2025-04,8.691074e+06
COMP_1182,2025-05,3.3055728e+06
COMP_1182,2025-06,2.826352e+06
COMP_1182,2025-07,689336.94
COMP_1182,2025-08,380442.56
COMP_1182,2025-09,498798.28
COMP_1182,2025-10,686853.44
COMP_1182,2025-11,1.0109047e+06
COMP_1182,2025-12,9.66156e+06
COMP_1182,2026-01,4.1056776e+07
COMP_1182,2026-02,1.1788962e+07
COMP_1182,2026-03,1.257071e+07
COMP_1182,2026-04,5.9750615e+06
COMP_1182,2026-05,4.233478e+06
COMP_1182,2026-06,1.6323376e+06
COMP_1182,2026-07,1.2878698e+06
COMP_1182,2026-08,1.9259146e+06
COMP_1183,2025-06,99385.8
COMP_1183,2025-07,107043.43
COMP_1183,2025-08,113778.54
COMP_1183,2025-09,125683.48
COMP_1183,2025-10,133978.92
COMP_1183,2025-11,144078.38
COMP_1183,2025-12,154718.2
COMP_1183,2026-01,165171.22
COMP_1183,2026-02,184279.66
COMP_1183,2026-03,185250.72
COMP_1183,2026-04,171888.38
COMP_1183,2026-05,181077
COMP_1183,2026-06,190616.47
COMP_1183,2026-07,200254.88
COMP_1183,2026-08,200254.88
COMP_1184,2025-11,180015.45
COMP_1184,2025-12,258140.8
COMP_1184,2026-01,155217.92
COMP_1184,2026-02,118932.72
COMP_1184,2026-03,177638.31
COMP_1184,2026-04,122601.5
COMP_1184,2026-05,32834.74
COMP_1184,2026-06,64489.6
COMP_1184,2026-07,109599.97
COMP_1184,2026-08,115511.61
COMP_1185,2025-02,4.3668392e+07
COMP_1185,2025-03,4.5031456e+07
COMP_1185,2025-04,4.5861716e+07
COMP_1185,2025-05,4.7789776e+07
COMP_1185,2025-06,4.632988e+07
COMP_1185,2025-07,7.0562385e+06
COMP_1185,2025-08,8.674502e+06
COMP_1185,2025-09,6.6838095e+06
COMP_1185,2025-10,6.2697505e+06
COMP_1185,2025-11,6.3662445e+06
COMP_1185,2025-12,4.685348e+06
COMP_1185,2026-01,3.7850698e+06
COMP_1185,2026-02,4.196962e+06
COMP_1185,2026-03,5.5927665e+06
COMP_1185,2026-04,6.669834e+06
COMP_1185,2026-05,8.446294e+06
COMP_1185,2026-06,8.967571e+06
COMP_1185,2026-07,9.242133e+06
COMP_1185,2026-08,7.3764635e+06
COMP_1186,2025-12,442.32
COMP_1186,2026-01,416.42
COMP_1186,2026-02,900403.44
COMP_1186,2026-03,1.9003904e+06
COMP_1186,2026-04,900364.2
COMP_1186,2026-05,1.2003381e+06
COMP_1186,2026-06,2.200325e+06
COMP_1186,2026-07,4.2002985e+06
COMP_1186,2026-08,6.2002855e+06
COMP_1187,2026-03,199106.22
COMP_1187,2026-04,211604.38
COMP_1187,2026-05,195085.58
COMP_1187,2026-06,187063.17
COMP_1187,2026-07,161650.86
COMP_1187,2026-08,171063.9
COMP_1188,2025-02,-1678.3
COMP_1188,2025-03,552.89
COMP_1188,2025-04,924.71
COMP_1188,2025-05,1126.19
COMP_1188,2025-06,-7369.06
COMP_1188,2025-07,6309.76
COMP_1188,2025-08,-3063.53
COMP_1188,2025-09,6424.69
COMP_1188,2025-10,45756.28
COMP_1188,2025-11,38137.52
COMP_1188,2025-12,29358.94
COMP_1188,2026-01,5072.47
COMP_1188,2026-02,809.54
COMP_1188,2026-03,1285.06
COMP_1188,2026-04,6357.71
COMP_1188,2026-05,6110.14
COMP_1188,2026-06,-69.21
COMP_1188,2026-07,211.16
COMP_1188,2026-08,122.16
COMP_1189,2025-02,265256.53
COMP_1189,2025-03,307374.22
COMP_1189,2025-04,282157.12
COMP_1189,2025-05,305878.56
COMP_1189,2025-06,252825.73
COMP_1189,2025-07,101443.89
COMP_1189,2025-08,148621.19
COMP_1189,2025-09,301155.12
COMP_1189,2025-10,336851.97
COMP_1189,2025-11,333352.03
COMP_1189,2025-12,342092.4
COMP_1189,2026-01,364683.44
COMP_1189,2026-02,361806.16
COMP_1189,2026-03,354766.78
COMP_1189,2026-04,358813.84
COMP_1189,2026-05,362425.75
COMP_1189,2026-06,361469.2
COMP_1189,2026-07,360098.66
COMP_1189,2026-08,393928.1
COMP_1190,2026-06,685852.56
COMP_1190,2026-07,394118.3
COMP_1190,2026-08,666682.7
COMP_1191,2025-03,23.65
COMP_1191,2025-04,98.46
COMP_1191,2025-05,89.65
COMP_1191,2025-06,49.37
COMP_1191,2025-07,10082.28
COMP_1191,2025-08,10576.37
COMP_1191,2025-09,10003.93
COMP_1191,2025-10,5013.26
COMP_1191,2025-11,225.56
COMP_1191,2025-12,1207.14
COMP_1191,2026-01,3266.67
COMP_1191,2026-02,30052.49
COMP_1191,2026-03,28451.68
COMP_1191,2026-04,29501.36
COMP_1191,2026-05,26573.54
COMP_1191,2026-06,35899.99
COMP_1191,2026-07,26705.05
COMP_1191,2026-08,53034.21
COMP_1192,2025-05,2.2415539e+08
COMP_1192,2025-06,9.1760944e+07
COMP_1192,2025-07,4.3180365e+06
COMP_1192,2025-08,2.2230712e+08
COMP_1192,2025-09,2.5729766e+08
COMP_1192,2025-10,1.7047043e+08
COMP_1192,2025-11,1.5889906e+08
COMP_1192,2025-12,1.02513336e+08
COMP_1192,2026-01,1.0022117e+07
COMP_1192,2026-02,1.2345529e+08
COMP_1192,2026-03,2.1053109e+08
COMP_1192,2026-04,5.2349757e+08
COMP_1192,2026-05,2.8543146e+08
COMP_1192,2026-06,1.0859414e+09
COMP_1192,2026-07,5.591264e+08
COMP_1192,2026-08,9.1608595e+08
COMP_1193,2025-06,5063.03
COMP_1193,2025-07,650.34
COMP_1193,2025-08,1747.09
COMP_1193,2025-09,3247.13
COMP_1193,2025-10,48821.41
COMP_1193,2025-11,1781.51
COMP_1193,2025-12,35692.43
COMP_1193,2026-01,21480.48
COMP_1193,2026-02,42807.24
COMP_1193,2026-03,63210.52
COMP_1193,2026-04,34138.36
COMP_1193,2026-05,31185.15
COMP_1193,2026-06,26855.5
COMP_1193,2026-07,32252.25
COMP_1193,2026-08,52479.3
COMP_1194,2026-02,-451761.75
COMP_1194,2026-03,-404920.16
COMP_1194,2026-04,-479613.25
COMP_1194,2026-05,-384079.84
COMP_1194,2026-06,-592782.2
COMP_1194,2026-07,-563561.44
COMP_1194,2026-08,-563561.44
COMP_1195,2026-04,103836.02
COMP_1195,2026-05,99294.08
COMP_1195,2026-06,34118.76
COMP_1195,2026-07,30431.47
COMP_1195,2026-08,28414.23
COMP_1196,2025-06,13888.88
COMP_1196,2025-07,37777.73
COMP_1196,2025-08,21900.06
COMP_1196,2025-09,36669.56
COMP_1196,2025-10,32612.37
COMP_1196,2025-11,43198.42
COMP_1196,2025-12,42773.26
COMP_1196,2026-01,41527.69
COMP_1196,2026-02,61939.95
COMP_1196,2026-03,63060.01
COMP_1196,2026-04,65950.96
COMP_1196,2026-05,76003.38
COMP_1196,2026-06,90756.54
COMP_1196,2026-07,93599.18
COMP_1196,2026-08,105810.27
COMP_1197,2025-07,1.2448212e+07
COMP_1197,2025-08,1.5753988e+07
COMP_1197,2025-09,1.2337224e+07
COMP_1197,2025-10,1.4422708e+07
COMP_1197,2025-11,1.3511104e+07
COMP_1197,2025-12,3.5373868e+06
COMP_1197,2026-01,5.171406e+06
COMP_1197,2026-02,6.0017015e+06
COMP_1197,2026-03,2.3299935e+06
COMP_1197,2026-04,6.5104405e+06
COMP_1197,2026-05,8.969808e+06
COMP_1197,2026-06,5.521859e+06
COMP_1197,2026-07,8.3233265e+06
COMP_1197,2026-08,9.009475e+06
COMP_1198,2025-02,306072.2
COMP_1198,2025-03,196668.95
COMP_1198,2025-04,166523.92
COMP_1198,2025-05,98998.45
COMP_1198,2025-06,73097.75
COMP_1198,2025-07,81467.07
COMP_1198,2025-08,104777.07
COMP_1198,2025-09,82717.13
COMP_1198,2025-10,113677.91
COMP_1198,2025-11,116349.19
COMP_1198,2025-12,180507.38
COMP_1198,2026-01,104389.88
COMP_1198,2026-02,125730.77
COMP_1198,2026-03,112393.78
COMP_1198,2026-04,74714.95
COMP_1198,2026-05,97540.59
COMP_1198,2026-06,163311.27
COMP_1198,2026-07,142122.98
COMP_1198,2026-08,151451.98
COMP_1199,2025-02,1025.09
COMP_1199,2025-03,2497.49
COMP_1199,2025-04,3204.63
COMP_1199,2025-05,19386.41
COMP_1199,2025-06,3621.03
COMP_1199,2025-07,9437.9
COMP_1199,2025-08,2951.11
COMP_1199,2025-09,1632.37
COMP_1199,2025-10,3276.22
COMP_1199,2025-11,975.67
COMP_1199,2025-12,1023.7
COMP_1199,2026-01,6281.83
COMP_1199,2026-02,2534.98
COMP_1199,2026-03,6517.16
COMP_1199,2026-04,461.73
COMP_1199,2026-05,1731.51
COMP_1199,2026-06,757.96
COMP_1199,2026-07,937.9
COMP_1199,2026-08,1259.59
COMP_1200,2026-07,88382.8
COMP_1200,2026-08,44836.38
COMP_1201,2025-11,3.2696568e+06
COMP_1201,2025-12,1.6659424e+06
COMP_1201,2026-01,2.0993562e+06
COMP_1201,2026-02,2.5488392e+06
COMP_1201,2026-03,2.8468265e+06
COMP_1201,2026-04,3.270092e+06
COMP_1201,2026-05,3.5465072e+06
COMP_1201,2026-06,4.032418e+06
COMP_1201,2026-07,3.5344788e+06
COMP_1201,2026-08,4.2224075e+06
COMP_1202,2025-02,1.4317436e-11
COMP_1202,2025-03,1.25819355e-11
COMP_1202,2025-04,1.5225154e-11
COMP_1202,2025-05,1.215561e-11
COMP_1202,2025-06,4.993339e-12
COMP_1202,2025-07,1.3292478e-11
COMP_1202,2025-08,1.9712232e-11
COMP_1202,2025-09,1.0762946e-11
COMP_1202,2025-10,7.0112804e-12
COMP_1202,2025-11,2.8048674e-12
COMP_1202,2025-12,2.35012e-12
COMP_1202,2026-01,2.35012e-12
COMP_1202,2026-02,4.396483e-12
COMP_1202,2026-03,4.51017e-12
COMP_1202,2026-04,4.3183235e-12
COMP_1202,2026-05,1.6608936e-12
COMP_1202,2026-06,7.5139894e-13
COMP_1202,2026-07,4.973799e-13
COMP_1202,2026-08,3.126388e-13
COMP_1203,2026-06,-2.1713096e+07
COMP_1203,2026-07,-1.8136376e+07
COMP_1203,2026-08,-4.478073e+06
COMP_1204,2026-05,2.2420912e+06
COMP_1204,2026-06,2.3400328e+06
COMP_1204,2026-07,2.0994785e+06
COMP_1204,2026-08,2.0915119e+06
COMP_1205,2026-07,83166.59
COMP_1205,2026-08,-9833.87
COMP_1206,2025-07,17550
COMP_1206,2025-08,303018.22
COMP_1206,2025-09,227987.42
COMP_1206,2025-10,81435.49
COMP_1206,2025-11,105105.06
COMP_1206,2025-12,150438.1
COMP_1206,2026-01,17198.59
COMP_1206,2026-02,55116.67
COMP_1206,2026-03,66768.26
COMP_1206,2026-04,64589.53
COMP_1206,2026-05,179077.52
COMP_1206,2026-06,372406.06
COMP_1206,2026-07,399970.66
COMP_1206,2026-08,362022.9
COMP_1207,2025-02,47732.19
COMP_1207,2025-03,10815.6
COMP_1207,2025-04,10815.6
COMP_1207,2025-05,10815.6
COMP_1207,2025-06,10815.6
COMP_1207,2025-07,10815.6
COMP_1207,2025-08,10815.6
COMP_1207,2025-09,10815.6
COMP_1207,2025-10,10815.6
COMP_1207,2025-11,-374163
COMP_1207,2025-12,10815.6
COMP_1207,2026-01,10815.6
COMP_1207,2026-02,10815.6
COMP_1207,2026-03,10815.6
COMP_1207,2026-04,10815.6
COMP_1207,2026-05,10805.6
COMP_1207,2026-06,0
COMP_1207,2026-07,0
COMP_1207,2026-08,0
COMP_1208,2026-07,23708.13
COMP_1208,2026-08,32416.72
COMP_1209,2025-03,23354.41
COMP_1209,2025-04,20968.01
COMP_1209,2025-05,21438.01
COMP_1209,2025-06,13349.43
COMP_1209,2025-07,9843.22
COMP_1209,2025-08,17926.37
COMP_1209,2025-09,10370.89
COMP_1209,2025-10,15458.84
COMP_1209,2025-11,16025.02
COMP_1209,2025-12,50157.57
COMP_1209,2026-01,12486.5
COMP_1209,2026-02,31253.06
COMP_1209,2026-03,35241.79
COMP_1209,2026-04,28810.9
COMP_1209,2026-05,16000.37
COMP_1209,2026-06,21515.38
COMP_1209,2026-07,53446.68
COMP_1209,2026-08,17126.29
COMP_1210,2025-02,130990.93
COMP_1210,2025-03,130873.41
COMP_1210,2025-04,130708.19
COMP_1210,2025-05,128870.15
COMP_1210,2025-06,128849.15
COMP_1210,2025-07,128582.28
COMP_1210,2025-08,127592.25
COMP_1210,2025-09,127813.42
COMP_1210,2025-10,127630.3
COMP_1210,2025-11,124952.45
COMP_1210,2025-12,125325.59
COMP_1210,2026-01,124505.59
COMP_1210,2026-02,123570.74
COMP_1210,2026-03,123390.24
COMP_1210,2026-04,123209.74
COMP_1210,2026-05,122617.26
COMP_1210,2026-06,122004.95
COMP_1210,2026-07,118617.65
COMP_1210,2026-08,118404.86
COMP_1211,2025-06,934566.75
COMP_1211,2025-07,502507.03
COMP_1211,2025-08,506900.88
COMP_1211,2025-09,513576.47
COMP_1211,2025-10,514406.84
COMP_1211,2025-11,516363.88
COMP_1211,2025-12,297960.22
COMP_1211,2026-01,312359.53
COMP_1211,2026-02,812110.2
COMP_1211,2026-03,57438.18
COMP_1211,2026-04,59774.29
COMP_1211,2026-05,60446.15
COMP_1211,2026-06,57508.13
COMP_1211,2026-07,57818.12
COMP_1211,2026-08,51989.22
COMP_1212,2025-02,47012.22
COMP_1212,2025-03,42335.6
COMP_1212,2025-04,90444.34
COMP_1212,2025-05,130876.05
COMP_1212,2025-06,136565.2
COMP_1212,2025-07,124053.98
COMP_1212,2025-08,200672.8
COMP_1212,2025-09,173047.66
COMP_1212,2025-10,75249.07
COMP_1212,2025-11,88933.95
COMP_1212,2025-12,72111.69
COMP_1212,2026-01,67310.35
COMP_1212,2026-02,74924.35
COMP_1212,2026-03,35189.81
COMP_1212,2026-04,24431.17
COMP_1212,2026-05,20637
COMP_1212,2026-06,14968.19
COMP_1212,2026-07,16777.87
COMP_1212,2026-08,1141.06
COMP_1213,2025-02,-5000
COMP_1213,2025-03,-5000
COMP_1213,2025-04,-5000
COMP_1213,2025-05,-5000
COMP_1213,2025-06,2.3213431e-11
COMP_1213,2025-07,2.9579894e-11
COMP_1213,2025-08,2.2753355e-11
COMP_1213,2025-09,2.3606006e-11
COMP_1213,2025-10,2.2241764e-11
COMP_1213,2025-11,1.4511059e-11
COMP_1213,2025-12,4.361489e-11
COMP_1213,2026-01,5.145928e-11
COMP_1213,2026-02,2.235545e-11
COMP_1213,2026-03,2.5083935e-11
COMP_1213,2026-04,2.8290259e-11
COMP_1213,2026-05,2.3005597e-11
COMP_1213,2026-06,5.0661697e-12
COMP_1213,2026-07,-1.7053026e-12
COMP_1213,2026-08,-9.094947e-13
COMP_1214,2026-05,16110.48
COMP_1214,2026-06,16173.24
COMP_1214,2026-07,4325.63
COMP_1214,2026-08,4728.25
COMP_1215,2026-02,1.4532911e+06
COMP_1215,2026-03,1.9036006e+06
COMP_1215,2026-04,1.8612842e+06
COMP_1215,2026-05,2.6452165e+06
COMP_1215,2026-06,2.335315e+06
COMP_1215,2026-07,1.8810746e+06
COMP_1215,2026-08,810745.2
COMP_1216,2025-12,264982.78
COMP_1216,2026-01,312955.34
COMP_1216,2026-02,327649.66
COMP_1216,2026-03,257193.39
COMP_1216,2026-04,240675.31
COMP_1216,2026-05,520818.94
COMP_1216,2026-06,264363.53
COMP_1216,2026-07,392992.56
COMP_1216,2026-08,511362.38
COMP_1217,2026-05,5615.92
COMP_1217,2026-06,12088.08
COMP_1217,2026-07,4878.96
COMP_1217,2026-08,4075.01
COMP_1218,2026-05,39043.31
COMP_1218,2026-06,37816.44
COMP_1218,2026-07,113223.3
COMP_1218,2026-08,95391.58
COMP_1219,2025-02,8016.06
COMP_1219,2025-03,8254.65
COMP_1219,2025-04,8074.26
COMP_1219,2025-05,7266.93
COMP_1219,2025-06,20913.52
COMP_1219,2025-07,34089.72
COMP_1219,2025-08,22669.98
COMP_1219,2025-09,23861.71
COMP_1219,2025-10,16457.09
COMP_1219,2025-11,15277.01
COMP_1219,2025-12,9886.59
COMP_1219,2026-01,17286.66
COMP_1219,2026-02,8307.08
COMP_1219,2026-03,23793.59
COMP_1219,2026-04,68494.24
COMP_1219,2026-05,71806.56
COMP_1219,2026-06,70199.56
COMP_1219,2026-07,41768.22
COMP_1219,2026-08,43835.94
COMP_1220,2025-12,96566.49
COMP_1220,2026-01,114955.56
COMP_1220,2026-02,311218.3
COMP_1220,2026-03,235189.08
COMP_1220,2026-04,159086.98
COMP_1220,2026-05,133575.67
COMP_1220,2026-06,70475.63
COMP_1220,2026-07,131283.83
COMP_1220,2026-08,84033.14
COMP_1221,2025-12,2.7463395e+06
COMP_1221,2026-01,2.972991e+06
COMP_1221,2026-02,6.4170315e+06
COMP_1221,2026-03,6.8002315e+06
COMP_1221,2026-04,6.899737e+06
COMP_1221,2026-05,6.6431165e+06
COMP_1221,2026-06,6.408361e+06
COMP_1221,2026-07,6.8069455e+06
COMP_1221,2026-08,6.478714e+06
COMP_1222,2025-09,-2.6686606e+07
COMP_1222,2025-10,-2.6624126e+07
COMP_1222,2025-11,-2.5948218e+07
COMP_1222,2025-12,-2.3816936e+07
COMP_1222,2026-01,-1.9831824e+07
COMP_1222,2026-02,-1.3383385e+07
COMP_1222,2026-03,-5.8001265e+06
COMP_1222,2026-04,-1.3496928e+06
COMP_1222,2026-05,433099.66
COMP_1222,2026-06,5.18229e+06
COMP_1222,2026-07,1.3264439e+07
COMP_1222,2026-08,1.5243942e+06
COMP_1223,2025-02,284954.53
COMP_1223,2025-03,319827.78
COMP_1223,2025-04,255391.19
COMP_1223,2025-05,254507.69
COMP_1223,2025-06,235954.66
COMP_1223,2025-07,103797.8
COMP_1223,2025-08,94652.41
COMP_1223,2025-09,122423.51
COMP_1223,2025-10,38888.91
COMP_1223,2025-11,135883.45
COMP_1223,2025-12,118637.71
COMP_1223,2026-01,27533.63
COMP_1223,2026-02,49889.94
COMP_1223,2026-03,59392.66
COMP_1223,2026-04,23638.84
COMP_1223,2026-05,47556.16
COMP_1223,2026-06,106081.14
COMP_1223,2026-07,37836.34
COMP_1223,2026-08,65799
COMP_1224,2025-02,6692.44
COMP_1224,2025-03,20555.8
COMP_1224,2025-04,-13642.19
COMP_1224,2025-05,36323.03
COMP_1224,2025-06,4561.88
COMP_1224,2025-07,-4870.71
COMP_1224,2025-08,23377.52
COMP_1224,2025-09,-18438.31
COMP_1224,2025-10,21796.16
COMP_1224,2025-11,-7696.88
COMP_1224,2025-12,56116.38
COMP_1224,2026-01,9402.9
COMP_1224,2026-02,42191.43
COMP_1224,2026-03,16858.97
COMP_1224,2026-04,39768.62
COMP_1224,2026-05,41886.84
COMP_1224,2026-06,-5100.51
COMP_1224,2026-07,-3499.37
COMP_1224,2026-08,-5174.38
COMP_1225,2026-06,1.8315961e+06
COMP_1225,2026-07,-373820.88
COMP_1225,2026-08,-139748.56
COMP_1226,2025-03,47328.35
COMP_1226,2025-04,46892.75
COMP_1226,2025-05,46892.75
COMP_1226,2025-06,46892.75
COMP_1226,2025-07,47512.26
COMP_1226,2025-08,47512.26
COMP_1226,2025-09,47512.26
COMP_1226,2025-10,39709.86
COMP_1226,2025-11,39709.86
COMP_1226,2025-12,39709.86
COMP_1226,2026-01,34430.82
COMP_1226,2026-02,34195.29
COMP_1226,2026-03,33953.29
COMP_1226,2026-04,32515.69
COMP_1226,2026-05,32515.69
COMP_1226,2026-06,32515.69
COMP_1226,2026-07,31700.1
COMP_1226,2026-08,31983.73
COMP_1227,2025-07,122686.43
COMP_1227,2025-08,437564.12
COMP_1227,2025-09,-105894.79
COMP_1227,2025-10,-46581.29
COMP_1227,2025-11,-108845.53
COMP_1227,2025-12,-104910.74
COMP_1227,2026-01,201957.75
COMP_1227,2026-02,251574.69
COMP_1227,2026-03,-93066.59
COMP_1227,2026-04,199476.34
COMP_1227,2026-05,107319.03
COMP_1227,2026-06,-98339.23
COMP_1227,2026-07,-11162.63
COMP_1227,2026-08,67673.2
COMP_1228,2026-06,399178.38
COMP_1228,2026-07,374983.9
COMP_1228,2026-08,411999.88
COMP_1229,2026-04,49435.17
COMP_1229,2026-05,62226.67
COMP_1229,2026-06,55122.02
COMP_1229,2026-07,41757.74
COMP_1229,2026-08,13550.89
COMP_1230,2025-06,40.64
COMP_1230,2025-07,743.24
COMP_1230,2025-08,631.05
COMP_1230,2025-09,362.45
COMP_1230,2025-10,85.8
COMP_1230,2025-11,2839.65
COMP_1230,2025-12,0
COMP_1230,2026-01,0
COMP_1230,2026-02,0
COMP_1230,2026-03,0
COMP_1230,2026-04,0
COMP_1230,2026-05,18665.46
COMP_1230,2026-06,14953.48
COMP_1230,2026-07,10009.84
COMP_1230,2026-08,6297.86
COMP_1231,2026-04,1.5769172e+06
COMP_1231,2026-05,3.3191092e+06
COMP_1231,2026-06,4.0621352e+06
COMP_1231,2026-07,2.51505e+06
COMP_1231,2026-08,2.51505e+06
COMP_1232,2025-09,37968.72
COMP_1232,2025-10,36891.72
COMP_1232,2025-11,36220.72
COMP_1232,2025-12,94663.19
COMP_1232,2026-01,57025.01
COMP_1232,2026-02,114695.26
COMP_1232,2026-03,40339.35
COMP_1232,2026-04,22682.68
COMP_1232,2026-05,73973.91
COMP_1232,2026-06,72756.18
COMP_1232,2026-07,42657.04
COMP_1232,2026-08,47892.75
COMP_1233,2025-05,911336.9
COMP_1233,2025-06,1.3363251e+06
COMP_1233,2025-07,1.1528345e+06
COMP_1233,2025-08,853589.75
COMP_1233,2025-09,163202.39
COMP_1233,2025-10,242626.03
COMP_1233,2025-11,411724.38
COMP_1233,2025-12,-43962.54
COMP_1233,2026-01,-407122.47
COMP_1233,2026-02,-235456.44
COMP_1233,2026-03,980607.1
COMP_1233,2026-04,-151096
COMP_1233,2026-05,99452.18
COMP_1233,2026-06,-269928.8
COMP_1233,2026-07,692334.94
COMP_1233,2026-08,169085.45
COMP_1234,2025-02,29292.2
COMP_1234,2025-03,25587.84
COMP_1234,2025-04,48753.79
COMP_1234,2025-05,37080.34
COMP_1234,2025-06,35550.23
COMP_1234,2025-07,27579.01
COMP_1234,2025-08,28741.66
COMP_1234,2025-09,28620.04
COMP_1234,2025-10,41654.22
COMP_1234,2025-11,33142.28
COMP_1234,2025-12,22406.53
COMP_1234,2026-01,20127.17
COMP_1234,2026-02,29463.16
COMP_1234,2026-03,33390.96
COMP_1234,2026-04,44196.98
COMP_1234,2026-05,77405.18
COMP_1234,2026-06,270041.94
COMP_1234,2026-07,26993.42
COMP_1234,2026-08,35806.64
COMP_1235,2026-03,24452.5
COMP_1235,2026-04,16847.19
COMP_1235,2026-05,15993.82
COMP_1235,2026-06,7888.34
COMP_1235,2026-07,20920.3
COMP_1235,2026-08,5461.95
COMP_1236,2025-02,26504.7
COMP_1236,2025-03,7963.89
COMP_1236,2025-04,3924.25
COMP_1236,2025-05,4941.65
COMP_1236,2025-06,5757.41
COMP_1236,2025-07,16266.62
COMP_1236,2025-08,4914.8
COMP_1236,2025-09,-73877.28
COMP_1236,2025-10,-69277.32
COMP_1236,2025-11,-587.7
COMP_1236,2025-12,13983.28
COMP_1236,2026-01,5301
COMP_1236,2026-02,10562.58
COMP_1236,2026-03,3291.63
COMP_1236,2026-04,8106.53
COMP_1236,2026-05,2535.45
COMP_1236,2026-06,4802.68
COMP_1236,2026-07,4889.55
COMP_1236,2026-08,2607.2
COMP_1237,2026-01,-133242.23
COMP_1237,2026-02,-649330.94
COMP_1237,2026-03,-498.04
COMP_1237,2026-04,1.1976305e+06
COMP_1237,2026-05,1.2676305e+06
COMP_1237,2026-06,1.2676305e+06
COMP_1237,2026-07,1.2676305e+06
COMP_1237,2026-08,1.2676305e+06
COMP_1238,2025-02,7109.83
COMP_1238,2025-03,3990.16
COMP_1238,2025-04,10279.59
COMP_1238,2025-05,4013.93
COMP_1238,2025-06,897.46
COMP_1238,2025-07,6732.63
COMP_1238,2025-08,3626.56
COMP_1238,2025-09,10268.94
COMP_1238,2025-10,5400.98
COMP_1238,2025-11,8689.81
COMP_1238,2025-12,1670.99
COMP_1238,2026-01,17384.93
COMP_1238,2026-02,23350.87
COMP_1238,2026-03,20076.06
COMP_1238,2026-04,16103.32
COMP_1238,2026-05,8235.41
COMP_1238,2026-06,133263.3
COMP_1238,2026-07,46914.16
COMP_1238,2026-08,7621.58
COMP_1239,2025-02,29101.35
COMP_1239,2025-03,29207.78
COMP_1239,2025-04,26496.99
COMP_1239,2025-05,33032.11
COMP_1239,2025-06,37995.32
COMP_1239,2025-07,43112.99
COMP_1239,2025-08,41982.02
COMP_1239,2025-09,46080.08
COMP_1239,2025-10,45030.41
COMP_1239,2025-11,39972.76
COMP_1239,2025-12,49505.16
COMP_1239,2026-01,59932.54
COMP_1239,2026-02,58756.19
COMP_1239,2026-03,60471.98
COMP_1239,2026-04,80844.16
COMP_1239,2026-05,87150.12
COMP_1239,2026-06,87520.31
COMP_1239,2026-07,80983.53
COMP_1239,2026-08,81245.52
COMP_1240,2025-02,28712.68
COMP_1240,2025-03,25819.11
COMP_1240,2025-04,26094.02
COMP_1240,2025-05,32659.14
COMP_1240,2025-06,37622.35
COMP_1240,2025-07,42734.03
COMP_1240,2025-08,41603.06
COMP_1240,2025-09,45701.12
COMP_1240,2025-10,44651.45
COMP_1240,2025-11,39593.8
COMP_1240,2025-12,49126.2
COMP_1240,2026-01,59553.58
COMP_1240,2026-02,58377.23
COMP_1240,2026-03,57093.02
COMP_1240,2026-04,77465.2
COMP_1240,2026-05,77450.04
COMP_1240,2026-06,77820.23
COMP_1240,2026-07,76182.94
COMP_1240,2026-08,80862.86
COMP_1241,2025-02,28914.24
COMP_1241,2025-03,26020.67
COMP_1241,2025-04,26295.58
COMP_1241,2025-05,32860.7
COMP_1241,2025-06,37823.91
COMP_1241,2025-07,42935.59
COMP_1241,2025-08,41804.62
COMP_1241,2025-09,45902.68
COMP_1241,2025-10,44853.01
COMP_1241,2025-11,39795.36
COMP_1241,2025-12,49327.76
COMP_1241,2026-01,59755.14
COMP_1241,2026-02,58578.79
COMP_1241,2026-03,57294.58
COMP_1241,2026-04,77666.76
COMP_1241,2026-05,83942.72
COMP_1241,2026-06,84312.91
COMP_1241,2026-07,80742.43
COMP_1241,2026-08,81064.42
COMP_1242,2026-06,344434.38
COMP_1242,2026-07,504323.47
COMP_1242,2026-08,395527.1
COMP_1243,2026-06,65895.12
COMP_1243,2026-07,62838.37
COMP_1243,2026-08,38647.2
COMP_1244,2026-03,1.05588304e+08
COMP_1244,2026-04,8.165015e+06
COMP_1244,2026-05,2.547216e+08
COMP_1244,2026-06,2.2251122e+08
COMP_1244,2026-07,1.6134267e+08
COMP_1244,2026-08,2.3956218e+07
COMP_1245,2025-02,320674.03
COMP_1245,2025-03,374294.47
COMP_1245,2025-04,413880.44
COMP_1245,2025-05,416778.22
COMP_1245,2025-06,445100.97
COMP_1245,2025-07,345716.4
COMP_1245,2025-08,553564.75
COMP_1245,2025-09,504762.62
COMP_1245,2025-10,506024.38
COMP_1245,2025-11,497072.72
COMP_1245,2025-12,479040.97
COMP_1245,2026-01,475934.88
COMP_1245,2026-02,475934.88
COMP_1245,2026-03,475934.88
COMP_1245,2026-04,466087.47
COMP_1245,2026-05,466087.47
COMP_1245,2026-06,466087.47
COMP_1245,2026-07,466087.47
COMP_1245,2026-08,466087.47
COMP_1246,2026-07,155209.86
COMP_1246,2026-08,171239.3
COMP_1247,2025-07,194770.27
COMP_1247,2025-08,194770.27
COMP_1247,2025-09,205724.02
COMP_1247,2025-10,199350.53
COMP_1247,2025-11,197140.12
COMP_1247,2025-12,102184.64
COMP_1247,2026-01,102658.52
COMP_1247,2026-02,101991.92
COMP_1247,2026-03,66419.88
COMP_1247,2026-04,66680.19
COMP_1247,2026-05,66680.19
COMP_1247,2026-06,956935.75
COMP_1247,2026-07,96088.98
COMP_1247,2026-08,100387.98
COMP_1248,2025-07,109234.9
COMP_1248,2025-08,76080.77
COMP_1248,2025-09,286078.34
COMP_1248,2025-10,285098.16
COMP_1248,2025-11,349997.44
COMP_1248,2025-12,438756.84
COMP_1248,2026-01,349881.4
COMP_1248,2026-02,274853.62
COMP_1248,2026-03,208950.31
COMP_1248,2026-04,191327.6
COMP_1248,2026-05,334836.97
COMP_1248,2026-06,241548.84
COMP_1248,2026-07,205869.28
COMP_1248,2026-08,195657.02
COMP_1249,2025-02,167924.34
COMP_1249,2025-03,83811.97
COMP_1249,2025-04,133400.16
COMP_1249,2025-05,33467.78
COMP_1249,2025-06,53559.54
COMP_1249,2025-07,63040.49
COMP_1249,2025-08,136897.53
COMP_1249,2025-09,179807.2
COMP_1249,2025-10,46152.53
COMP_1249,2025-11,19665.17
COMP_1249,2025-12,38223.36
COMP_1249,2026-01,27867.89
COMP_1249,2026-02,42618.76
COMP_1249,2026-03,54704.89
COMP_1249,2026-04,27126.3
COMP_1249,2026-05,42236.44
COMP_1249,2026-06,83117.74
COMP_1249,2026-07,110168.39
COMP_1249,2026-08,72923.19
COMP_1250,2025-02,36001.6
COMP_1250,2025-03,3.2126448e+06
COMP_1250,2025-04,3.2098138e+06
COMP_1250,2025-05,3.2110398e+06
COMP_1250,2025-06,162223.72
COMP_1250,2025-07,50413.55
COMP_1250,2025-08,70987.99
COMP_1250,2025-09,46394.52
COMP_1250,2025-10,26422.41
COMP_1250,2025-11,31270.88
COMP_1250,2025-12,29363.47
COMP_1250,2026-01,27728.19
COMP_1250,2026-02,11603.36
COMP_1250,2026-03,10295.51
COMP_1250,2026-04,15380.45
COMP_1250,2026-05,37463.37
COMP_1250,2026-06,51141.66
COMP_1250,2026-07,66022.36
COMP_1250,2026-08,68040.69
COMP_1251,2025-08,16386.91
COMP_1251,2025-09,15816.58
COMP_1251,2025-10,15816.58
COMP_1251,2025-11,14560.61
COMP_1251,2025-12,14573.34
COMP_1251,2026-01,14510.69
COMP_1251,2026-02,14510.69
COMP_1251,2026-03,14523.67
COMP_1251,2026-04,18492.37
COMP_1251,2026-05,18492.37
COMP_1251,2026-06,18509.32
COMP_1251,2026-07,17992.37
COMP_1251,2026-08,17992.37
COMP_1252,2025-02,934861.1
COMP_1252,2025-03,952208.4
COMP_1252,2025-04,703138
COMP_1252,2025-05,740402.2
COMP_1252,2025-06,608089.6
COMP_1252,2025-07,381659.5
COMP_1252,2025-08,365296.7
COMP_1252,2025-09,391467.25
COMP_1252,2025-10,116579.98
COMP_1252,2025-11,103194.96
COMP_1252,2025-12,101347.4
COMP_1252,2026-01,27721.84
COMP_1252,2026-02,50044.86
COMP_1252,2026-03,61321.16
COMP_1252,2026-04,60530.78
COMP_1252,2026-05,912688.7
COMP_1252,2026-06,2.9699378e+06
COMP_1252,2026-07,2.2168912e+06
COMP_1252,2026-08,2.270689e+06
COMP_1253,2025-11,28559.5
COMP_1253,2025-12,40132.15
COMP_1253,2026-01,27878.98
COMP_1253,2026-02,41188.88
COMP_1253,2026-03,6048.32
COMP_1253,2026-04,44958.92
COMP_1253,2026-05,71655.89
COMP_1253,2026-06,89329.37
COMP_1253,2026-07,57856.52
COMP_1253,2026-08,72618.16
COMP_1255,2025-02,1.6300075e+06
COMP_1255,2025-03,1.602195e+06
COMP_1255,2025-04,1.5711808e+06
COMP_1255,2025-05,1.5585188e+06
COMP_1255,2025-06,156626.84
COMP_1255,2025-07,0
COMP_1255,2025-08,0
COMP_1255,2025-09,0
COMP_1255,2025-10,0
COMP_1255,2025-11,0
COMP_1255,2025-12,0
COMP_1255,2026-01,0
COMP_1255,2026-02,0
COMP_1255,2026-03,0
COMP_1255,2026-04,0
COMP_1255,2026-05,0
COMP_1255,2026-06,0
COMP_1255,2026-07,0
COMP_1255,2026-08,0
COMP_1256,2025-03,263606.44
COMP_1256,2025-04,251162.98
COMP_1256,2025-05,249708.31
COMP_1256,2025-06,265634.78
COMP_1256,2025-07,255313.4
COMP_1256,2025-08,247456.28
COMP_1256,2025-09,270610.4
COMP_1256,2025-10,254829.4
COMP_1256,2025-11,245532.67
COMP_1256,2025-12,271183.47
COMP_1256,2026-01,257536.64
COMP_1256,2026-02,253379.22
COMP_1256,2026-03,273818.12
COMP_1256,2026-04,265374.8
COMP_1256,2026-05,273825.22
COMP_1256,2026-06,273325.12
COMP_1256,2026-07,251855.56
COMP_1256,2026-08,298447.16
COMP_1257,2025-05,138494.02
COMP_1257,2025-06,229193.53
COMP_1257,2025-07,119512.94
COMP_1257,2025-08,143918.75
COMP_1257,2025-09,230364.48
COMP_1257,2025-10,217011.44
COMP_1257,2025-11,234191.69
COMP_1257,2025-12,236762.44
COMP_1257,2026-01,219621.28
COMP_1257,2026-02,248542.31
COMP_1257,2026-03,194577.64
COMP_1257,2026-04,246148.94
COMP_1257,2026-05,274207.12
COMP_1257,2026-06,268817.38
COMP_1257,2026-07,231966.3
COMP_1257,2026-08,262672.2
COMP_1258,2026-02,7548.69
COMP_1258,2026-03,8611.9
COMP_1258,2026-04,4621.61
COMP_1258,2026-05,987.01
COMP_1258,2026-06,2717.38
COMP_1258,2026-07,3038.38
COMP_1258,2026-08,4277.85
COMP_1259,2026-05,3187.63
COMP_1259,2026-06,527335.56
COMP_1259,2026-07,3186.84
COMP_1259,2026-08,3186.84
COMP_1260,2026-07,245481.84
COMP_1260,2026-08,163070.2
COMP_1261,2026-07,28915.31
COMP_1261,2026-08,29699.91
COMP_1262,2026-07,66201.96
COMP_1262,2026-08,75330.91
COMP_1263,2025-03,312995.2
COMP_1263,2025-04,447154.16
COMP_1263,2025-05,290616.62
COMP_1263,2025-06,310299.66
COMP_1263,2025-07,348998.53
COMP_1263,2025-08,243198.77
COMP_1263,2025-09,245951.84
COMP_1263,2025-10,281201.5
COMP_1263,2025-11,402327.62
COMP_1263,2025-12,300979.56
COMP_1263,2026-01,259179.44
COMP_1263,2026-02,203259.05
COMP_1263,2026-03,185555.2
COMP_1263,2026-04,105008.74
COMP_1263,2026-05,169883.53
COMP_1263,2026-06,175554.06
COMP_1263,2026-07,173483.89
COMP_1263,2026-08,100782.35
COMP_1264,2025-02,39788.84
COMP_1264,2025-03,34205.1
COMP_1264,2025-04,15733.78
COMP_1264,2025-05,56221.37
COMP_1264,2025-06,66232.73
COMP_1264,2025-07,50598.65
COMP_1264,2025-08,54782.7
COMP_1264,2025-09,49422.98
COMP_1264,2025-10,54727.5
COMP_1264,2025-11,-11899.69
COMP_1264,2025-12,8823.44
COMP_1264,2026-01,66020.92
COMP_1264,2026-02,56095.77
COMP_1264,2026-03,73796.39
COMP_1264,2026-04,693.75
COMP_1264,2026-05,12195.6
COMP_1264,2026-06,18765.1
COMP_1264,2026-07,27668.76
COMP_1264,2026-08,24718.86
COMP_1265,2025-03,15318.95
COMP_1265,2025-04,15318.95
COMP_1265,2025-05,15693.45
COMP_1265,2025-06,17058.05
COMP_1265,2025-07,16237.19
COMP_1265,2025-08,16237.19
COMP_1265,2025-09,16237.19
COMP_1265,2025-10,18959.24
COMP_1265,2025-11,18959.24
COMP_1265,2025-12,0
COMP_1265,2026-01,0
COMP_1265,2026-02,0
COMP_1265,2026-03,0
COMP_1265,2026-04,0
COMP_1265,2026-05,0
COMP_1265,2026-06,0
COMP_1265,2026-07,0
COMP_1265,2026-08,0
COMP_1266,2026-03,1.365812e+06
COMP_1266,2026-04,765009
COMP_1266,2026-05,3.1734585e+06
COMP_1266,2026-06,740961.1
COMP_1266,2026-07,339905.12
COMP_1266,2026-08,638501.56
COMP_1267,2025-05,111663.16
COMP_1267,2025-06,104628.57
COMP_1267,2025-07,128286.23
COMP_1267,2025-08,274207.75
COMP_1267,2025-09,162064.48
COMP_1267,2025-10,160503.77
COMP_1267,2025-11,173089.25
COMP_1267,2025-12,84592.53
COMP_1267,2026-01,89120.13
COMP_1267,2026-02,114825.99
COMP_1267,2026-03,90876.51
COMP_1267,2026-04,84724.43
COMP_1267,2026-05,147349.48
COMP_1267,2026-06,49952.38
COMP_1267,2026-07,21835.6
COMP_1267,2026-08,89069.55
COMP_1268,2026-07,3.6068722e+06
COMP_1268,2026-08,3.2167528e+06
COMP_1269,2025-06,67309.41
COMP_1269,2025-07,146017.55
COMP_1269,2025-08,74214.69
COMP_1269,2025-09,115145.48
COMP_1269,2025-10,63606.09
COMP_1269,2025-11,68099.15
COMP_1269,2025-12,68297.3
COMP_1269,2026-01,106726.86
COMP_1269,2026-02,210839.83
COMP_1269,2026-03,75959.68
COMP_1269,2026-04,101616.15
COMP_1269,2026-05,82865.02
COMP_1269,2026-06,171044.64
COMP_1269,2026-07,145317.5
COMP_1269,2026-08,127412.34
COMP_1270,2025-12,524.25
COMP_1270,2026-01,1039.54
COMP_1270,2026-02,783.54
COMP_1270,2026-03,17087.49
COMP_1270,2026-04,1746.19
COMP_1270,2026-05,1138.3
COMP_1270,2026-06,760.02
COMP_1270,2026-07,17003.14
COMP_1270,2026-08,12098.78
COMP_1271,2025-08,8120.44
COMP_1271,2025-09,8158.89
COMP_1271,2025-10,9987.78
COMP_1271,2025-11,10407.41
COMP_1271,2025-12,10465.83
COMP_1271,2026-01,10519.69
COMP_1271,2026-02,10537.25
COMP_1271,2026-03,10591.11
COMP_1271,2026-04,13164.51
COMP_1271,2026-05,13177.17
COMP_1271,2026-06,13714.15
COMP_1271,2026-07,10061.32
COMP_1271,2026-08,10255.58
COMP_1272,2026-06,2.570407e+06
COMP_1272,2026-07,2.7473752e+06
COMP_1272,2026-08,3.4526118e+06
COMP_1273,2026-06,3.637979e-12
COMP_1273,2026-07,-9.094947e-13
COMP_1273,2026-08,0
COMP_1274,2025-07,423384.12
COMP_1274,2025-08,412829.3
COMP_1274,2025-09,401227.1
COMP_1274,2025-10,372363.5
COMP_1274,2025-11,313514.25
COMP_1274,2025-12,890799
COMP_1274,2026-01,264794.7
COMP_1274,2026-02,64794.68
COMP_1274,2026-03,61101.55
COMP_1274,2026-04,56125.81
COMP_1274,2026-05,56073.09
COMP_1274,2026-06,31073.09
COMP_1274,2026-07,5395.07
COMP_1274,2026-08,5395.07
COMP_1275,2025-06,38472.56
COMP_1275,2025-07,36900.04
COMP_1275,2025-08,37956.19
COMP_1275,2025-09,37560.56
COMP_1275,2025-10,36011.78
COMP_1275,2025-11,32870.1
COMP_1275,2025-12,33238.12
COMP_1275,2026-01,33441.53
COMP_1275,2026-02,33474.79
COMP_1275,2026-03,36309.43
COMP_1275,2026-04,36344.16
COMP_1275,2026-05,31087.46
COMP_1275,2026-06,32963.71
COMP_1275,2026-07,31185.2
COMP_1275,2026-08,32593.16
COMP_1276,2025-06,143560.8
COMP_1276,2025-07,75141.35
COMP_1276,2025-08,76370.73
COMP_1276,2025-09,67504.24
COMP_1276,2025-10,75492.87
COMP_1276,2025-11,79314.33
COMP_1276,2025-12,78406.77
COMP_1276,2026-01,59827.27
COMP_1276,2026-02,64320.78
COMP_1276,2026-03,80222.15
COMP_1276,2026-04,63769.2
COMP_1276,2026-05,62023.3
COMP_1276,2026-06,55917.9
COMP_1276,2026-07,56376.9
COMP_1276,2026-08,94584.96
COMP_1277,2025-06,160132.6
COMP_1277,2025-07,336956.97
COMP_1277,2025-08,331549.66
COMP_1277,2025-09,327262.94
COMP_1277,2025-10,320229.97
COMP_1277,2025-11,308459.16
COMP_1277,2025-12,476012.62
COMP_1277,2026-01,460042.66
COMP_1277,2026-02,454302.8
COMP_1277,2026-03,449699.2
COMP_1277,2026-04,419482.94
COMP_1277,2026-05,420133.75
COMP_1277,2026-06,436668.03
COMP_1277,2026-07,410797.94
COMP_1277,2026-08,235968.2
COMP_1278,2025-10,41875.39
COMP_1278,2025-11,102644.85
COMP_1278,2025-12,343062.66
COMP_1278,2026-01,70642.84
COMP_1278,2026-02,217111.72
COMP_1278,2026-03,414674.25
COMP_1278,2026-04,153629.62
COMP_1278,2026-05,161138.42
COMP_1278,2026-06,654201.75
COMP_1278,2026-07,414897.12
COMP_1278,2026-08,171734.73
COMP_1279,2025-02,4213.86
COMP_1279,2025-03,4355.11
COMP_1279,2025-04,3097.11
COMP_1279,2025-05,-189019.75
COMP_1279,2025-06,-190567.08
COMP_1279,2025-07,-193897.38
COMP_1279,2025-08,-113117.7
COMP_1279,2025-09,-129525.97
COMP_1279,2025-10,-190957.28
COMP_1279,2025-11,-127412.68
COMP_1279,2025-12,-187046.58
COMP_1279,2026-01,-150777.97
COMP_1279,2026-02,-178510.58
COMP_1279,2026-03,-194160.53
COMP_1279,2026-04,-108626.49
COMP_1279,2026-05,-168665
COMP_1279,2026-06,-178871.05
COMP_1279,2026-07,-183657.23
COMP_1279,2026-08,-189213.28
COMP_1280,2025-12,42924.79
COMP_1280,2026-01,90243.48
COMP_1280,2026-02,37127.49
COMP_1280,2026-03,52958.5
COMP_1280,2026-04,37914.09
COMP_1280,2026-05,38136.34
COMP_1280,2026-06,51703.63
COMP_1280,2026-07,77494.9
COMP_1280,2026-08,71900.91
COMP_1281,2025-09,-19059.7
COMP_1281,2025-10,-29936.82
COMP_1281,2025-11,-11881.3
COMP_1281,2025-12,-6966.7
COMP_1281,2026-01,-23661.55
COMP_1281,2026-02,26204
COMP_1281,2026-03,-23182.82
COMP_1281,2026-04,71891.78
COMP_1281,2026-05,67661.16
COMP_1281,2026-06,45065.96
COMP_1281,2026-07,26531.49
COMP_1281,2026-08,28019.24
COMP_1282,2025-02,141112.8
COMP_1282,2025-03,-4392.76
COMP_1282,2025-04,-2303.88
COMP_1282,2025-05,-14229.2
COMP_1282,2025-06,89845.11
COMP_1282,2025-07,3.6247855e+06
COMP_1282,2025-08,1.3543475e+06
COMP_1282,2025-09,2.0229728e+06
COMP_1282,2025-10,750845.1
COMP_1282,2025-11,430052.3
COMP_1282,2025-12,50141.04
COMP_1282,2026-01,248492.05
COMP_1282,2026-02,970879.44
COMP_1282,2026-03,647827.5
COMP_1282,2026-04,139381.12
COMP_1282,2026-05,159260.34
COMP_1282,2026-06,606828.7
COMP_1282,2026-07,691633.25
COMP_1282,2026-08,279665.53
COMP_1283,2025-12,127165.18
COMP_1283,2026-01,127165.18
COMP_1283,2026-02,127165.18
COMP_1283,2026-03,127165.18
COMP_1283,2026-04,127165.18
COMP_1283,2026-05,127165.18
COMP_1283,2026-06,127165.18
COMP_1283,2026-07,127165.18
COMP_1283,2026-08,127165.18
COMP_1284,2026-05,51970.96
COMP_1284,2026-06,74803.17
COMP_1284,2026-07,54620.09
COMP_1284,2026-08,58419.19
COMP_1286,2025-02,39128.69
COMP_1286,2025-03,1.0229133e+06
COMP_1286,2025-04,1.4186864e+06
COMP_1286,2025-05,1.000752e+06
COMP_1286,2025-06,236574.62
COMP_1286,2025-07,255118.58
COMP_1286,2025-08,186085.45
COMP_1286,2025-09,344617.44
COMP_1286,2025-10,207918.75
COMP_1286,2025-11,359750.94
COMP_1286,2025-12,385416.97
COMP_1286,2026-01,236332.48
COMP_1286,2026-02,218983.08
COMP_1286,2026-03,203714.81
COMP_1286,2026-04,553186.6
COMP_1286,2026-05,220228.02
COMP_1286,2026-06,212430.2
COMP_1286,2026-07,202536.48
COMP_1286,2026-08,249362.31
